image_id,line_id,word_id,text,x_min,y_min,x_max,y_max,width,height
IMG_001,1,1,LETTER,627,157,857,207,230,50
IMG_001,1,2,NO.,895,157,1010,207,115,50
IMG_001,1,3,001,1048,157,1163,207,115,50
IMG_001,2,1,Dear,180,272,265,297,85,25
IMG_001,2,2,Margaret,283,272,447,304,164,32
IMG_001,2,3,"Lewis,",465,271,576,301,111,30
IMG_001,3,1,I,180,422,193,447,13,25
IMG_001,3,2,write,211,421,301,447,90,26
IMG_001,3,3,to,319,424,353,447,34,23
IMG_001,3,4,you,370,429,433,454,63,25
IMG_001,3,5,from,451,421,533,447,82,26
IMG_001,3,6,Yorkshire,550,421,714,447,164,26
IMG_001,3,7,on,732,429,774,447,42,18
IMG_001,3,8,the,792,421,848,447,56,26
IMG_001,3,9,14th,866,421,945,447,79,26
IMG_001,3,10,day,963,421,1025,454,62,33
IMG_001,3,11,of,1043,421,1078,447,35,26
IMG_001,3,12,October,1096,421,1236,447,140,26
IMG_001,3,13,1920.,1254,422,1351,447,97,25
IMG_001,4,1,The,180,571,245,597,65,26
IMG_001,4,2,goods,263,571,365,604,102,33
IMG_001,4,3,arrived,383,571,508,597,125,26
IMG_001,4,4,safely,526,571,627,604,101,33
IMG_001,4,5,and,645,571,709,597,64,26
IMG_001,4,6,the,727,571,783,597,56,26
IMG_001,4,7,account,801,574,938,597,137,23
IMG_001,4,8,has,956,571,1016,597,60,26
IMG_001,4,9,been,1034,571,1118,597,84,26
IMG_001,4,10,entered,1136,571,1270,597,134,26
IMG_001,4,11,by,1288,571,1330,604,42,33
IMG_001,4,12,the,1348,571,1404,597,56,26
IMG_001,4,13,printer.,1422,571,1550,604,128,33
IMG_001,5,1,Please,180,721,292,747,112,26
IMG_001,5,2,send,310,721,391,747,81,26
IMG_001,5,3,word,409,721,497,747,88,26
IMG_001,5,4,before,515,721,626,747,111,26
IMG_001,5,5,the,644,721,700,747,56,26
IMG_001,5,6,winter,718,721,831,747,113,26
IMG_001,5,7,market,849,721,972,747,123,26
IMG_001,5,8,begins.,990,721,1115,754,125,33
IMG_001,6,1,Yours,179,872,276,897,97,25
IMG_001,6,2,"faithfully,",294,871,455,904,161,33
IMG_001,7,1,Eleanor,180,1021,315,1047,135,26
IMG_001,7,2,Smith,333,1021,435,1047,102,26
IMG_001,8,1,Document,172,2205,305,2242,133,37
IMG_001,8,2,ID:,321,2205,370,2242,49,37
IMG_001,8,3,IMG_001,386,2205,500,2242,114,37
IMG_002,1,1,LETTER,627,157,857,207,230,50
IMG_002,1,2,NO.,895,157,1010,207,115,50
IMG_002,1,3,002,1048,157,1163,207,115,50
IMG_002,2,1,Dear,180,272,265,297,85,25
IMG_002,2,2,Florence,283,271,435,297,152,26
IMG_002,2,3,"Brown,",453,272,577,301,124,29
IMG_002,3,1,I,180,422,193,447,13,25
IMG_002,3,2,write,211,421,301,447,90,26
IMG_002,3,3,to,319,424,353,447,34,23
IMG_002,3,4,you,370,429,433,454,63,25
IMG_002,3,5,from,451,421,533,447,82,26
IMG_002,3,6,Leeds,551,421,653,447,102,26
IMG_002,3,7,on,671,429,713,447,42,18
IMG_002,3,8,the,731,421,787,447,56,26
IMG_002,3,9,14th,805,421,884,447,79,26
IMG_002,3,10,day,902,421,964,454,62,33
IMG_002,3,11,of,982,421,1017,447,35,26
IMG_002,3,12,October,1035,421,1175,447,140,26
IMG_002,3,13,1881.,1193,422,1290,447,97,25
IMG_002,4,1,The,180,571,245,597,65,26
IMG_002,4,2,goods,263,571,365,604,102,33
IMG_002,4,3,arrived,383,571,508,597,125,26
IMG_002,4,4,safely,526,571,627,604,101,33
IMG_002,4,5,and,645,571,709,597,64,26
IMG_002,4,6,the,727,571,783,597,56,26
IMG_002,4,7,account,801,574,938,597,137,23
IMG_002,4,8,has,956,571,1016,597,60,26
IMG_002,4,9,been,1034,571,1118,597,84,26
IMG_002,4,10,entered,1136,571,1270,597,134,26
IMG_002,4,11,by,1288,571,1330,604,42,33
IMG_002,4,12,the,1348,571,1404,597,56,26
IMG_002,4,13,baker.,1422,571,1528,597,106,26
IMG_002,5,1,Please,180,721,292,747,112,26
IMG_002,5,2,send,310,721,391,747,81,26
IMG_002,5,3,word,409,721,497,747,88,26
IMG_002,5,4,before,515,721,626,747,111,26
IMG_002,5,5,the,644,721,700,747,56,26
IMG_002,5,6,winter,718,721,831,747,113,26
IMG_002,5,7,market,849,721,972,747,123,26
IMG_002,5,8,begins.,990,721,1115,754,125,33
IMG_002,6,1,Yours,179,872,276,897,97,25
IMG_002,6,2,"faithfully,",294,871,455,904,161,33
IMG_002,7,1,Eleanor,180,1021,315,1047,135,26
IMG_002,7,2,Smith,333,1021,435,1047,102,26
IMG_002,8,1,Document,172,2205,305,2242,133,37
IMG_002,8,2,ID:,321,2205,370,2242,49,37
IMG_002,8,3,IMG_002,386,2205,500,2242,114,37
IMG_003,1,1,LETTER,627,157,857,207,230,50
IMG_003,1,2,NO.,895,157,1010,207,115,50
IMG_003,1,3,003,1048,157,1163,207,115,50
IMG_003,2,1,Dear,180,272,265,297,85,25
IMG_003,2,2,Margaret,283,272,447,304,164,32
IMG_003,2,3,"Lewis,",465,271,576,301,111,30
IMG_003,3,1,I,180,422,193,447,13,25
IMG_003,3,2,write,211,421,301,447,90,26
IMG_003,3,3,to,319,424,353,447,34,23
IMG_003,3,4,you,370,429,433,454,63,25
IMG_003,3,5,from,451,421,533,447,82,26
IMG_003,3,6,Kent,551,422,632,447,81,25
IMG_003,3,7,on,650,429,692,447,42,18
IMG_003,3,8,the,710,421,766,447,56,26
IMG_003,3,9,14th,784,421,863,447,79,26
IMG_003,3,10,day,881,421,943,454,62,33
IMG_003,3,11,of,961,421,996,447,35,26
IMG_003,3,12,October,1014,421,1154,447,140,26
IMG_003,3,13,1904.,1172,422,1269,447,97,25
IMG_003,4,1,The,180,571,245,597,65,26
IMG_003,4,2,goods,263,571,365,604,102,33
IMG_003,4,3,arrived,383,571,508,597,125,26
IMG_003,4,4,safely,526,571,627,604,101,33
IMG_003,4,5,and,645,571,709,597,64,26
IMG_003,4,6,the,727,571,783,597,56,26
IMG_003,4,7,account,801,574,938,597,137,23
IMG_003,4,8,has,956,571,1016,597,60,26
IMG_003,4,9,been,1034,571,1118,597,84,26
IMG_003,4,10,entered,1136,571,1270,597,134,26
IMG_003,4,11,by,1288,571,1330,604,42,33
IMG_003,4,12,the,1348,571,1404,597,56,26
IMG_003,4,13,carpenter.,1422,574,1598,604,176,30
IMG_003,5,1,Please,180,721,292,747,112,26
IMG_003,5,2,send,310,721,391,747,81,26
IMG_003,5,3,word,409,721,497,747,88,26
IMG_003,5,4,before,515,721,626,747,111,26
IMG_003,5,5,the,644,721,700,747,56,26
IMG_003,5,6,winter,718,721,831,747,113,26
IMG_003,5,7,market,849,721,972,747,123,26
IMG_003,5,8,begins.,990,721,1115,754,125,33
IMG_003,6,1,Yours,179,872,276,897,97,25
IMG_003,6,2,"faithfully,",294,871,455,904,161,33
IMG_003,7,1,George,180,1022,306,1054,126,32
IMG_003,7,2,Miller,324,1021,429,1047,105,26
IMG_003,8,1,Document,172,2205,305,2242,133,37
IMG_003,8,2,ID:,321,2205,370,2242,49,37
IMG_003,8,3,IMG_003,386,2205,500,2242,114,37
IMG_004,1,1,LETTER,627,157,857,207,230,50
IMG_004,1,2,NO.,895,157,1010,207,115,50
IMG_004,1,3,004,1048,157,1163,207,115,50
IMG_004,2,1,Dear,180,272,265,297,85,25
IMG_004,2,2,Margaret,283,272,447,304,164,32
IMG_004,2,3,"Lewis,",465,271,576,301,111,30
IMG_004,3,1,I,180,422,193,447,13,25
IMG_004,3,2,write,211,421,301,447,90,26
IMG_004,3,3,to,319,424,353,447,34,23
IMG_004,3,4,you,370,429,433,454,63,25
IMG_004,3,5,from,451,421,533,447,82,26
IMG_004,3,6,Yorkshire,550,421,714,447,164,26
IMG_004,3,7,on,732,429,774,447,42,18
IMG_004,3,8,the,792,421,848,447,56,26
IMG_004,3,9,14th,866,421,945,447,79,26
IMG_004,3,10,day,963,421,1025,454,62,33
IMG_004,3,11,of,1043,421,1078,447,35,26
IMG_004,3,12,October,1096,421,1236,447,140,26
IMG_004,3,13,1925.,1254,422,1351,447,97,25
IMG_004,4,1,The,180,571,245,597,65,26
IMG_004,4,2,goods,263,571,365,604,102,33
IMG_004,4,3,arrived,383,571,508,597,125,26
IMG_004,4,4,safely,526,571,627,604,101,33
IMG_004,4,5,and,645,571,709,597,64,26
IMG_004,4,6,the,727,571,783,597,56,26
IMG_004,4,7,account,801,574,938,597,137,23
IMG_004,4,8,has,956,571,1016,597,60,26
IMG_004,4,9,been,1034,571,1118,597,84,26
IMG_004,4,10,entered,1136,571,1270,597,134,26
IMG_004,4,11,by,1288,571,1330,604,42,33
IMG_004,4,12,the,1348,571,1404,597,56,26
IMG_004,4,13,clerk.,1422,571,1520,597,98,26
IMG_004,5,1,Please,180,721,292,747,112,26
IMG_004,5,2,send,310,721,391,747,81,26
IMG_004,5,3,word,409,721,497,747,88,26
IMG_004,5,4,before,515,721,626,747,111,26
IMG_004,5,5,the,644,721,700,747,56,26
IMG_004,5,6,winter,718,721,831,747,113,26
IMG_004,5,7,market,849,721,972,747,123,26
IMG_004,5,8,begins.,990,721,1115,754,125,33
IMG_004,6,1,Yours,179,872,276,897,97,25
IMG_004,6,2,"faithfully,",294,871,455,904,161,33
IMG_004,7,1,Margaret,180,1022,344,1054,164,32
IMG_004,7,2,Lewis,362,1021,462,1047,100,26
IMG_004,8,1,Document,172,2205,305,2242,133,37
IMG_004,8,2,ID:,321,2205,370,2242,49,37
IMG_004,8,3,IMG_004,386,2205,500,2242,114,37
IMG_005,1,1,LETTER,627,157,857,207,230,50
IMG_005,1,2,NO.,895,157,1010,207,115,50
IMG_005,1,3,005,1048,157,1163,207,115,50
IMG_005,2,1,Dear,180,272,265,297,85,25
IMG_005,2,2,George,283,272,409,304,126,32
IMG_005,2,3,"Miller,",427,271,538,301,111,30
IMG_005,3,1,I,180,422,193,447,13,25
IMG_005,3,2,write,211,421,301,447,90,26
IMG_005,3,3,to,319,424,353,447,34,23
IMG_005,3,4,you,370,429,433,454,63,25
IMG_005,3,5,from,451,421,533,447,82,26
IMG_005,3,6,Bristol,551,421,666,447,115,26
IMG_005,3,7,on,684,429,726,447,42,18
IMG_005,3,8,the,744,421,800,447,56,26
IMG_005,3,9,14th,818,421,897,447,79,26
IMG_005,3,10,day,915,421,977,454,62,33
IMG_005,3,11,of,995,421,1030,447,35,26
IMG_005,3,12,October,1048,421,1188,447,140,26
IMG_005,3,13,1922.,1206,422,1303,447,97,25
IMG_005,4,1,The,180,571,245,597,65,26
IMG_005,4,2,goods,263,571,365,604,102,33
IMG_005,4,3,arrived,383,571,508,597,125,26
IMG_005,4,4,safely,526,571,627,604,101,33
IMG_005,4,5,and,645,571,709,597,64,26
IMG_005,4,6,the,727,571,783,597,56,26
IMG_005,4,7,account,801,574,938,597,137,23
IMG_005,4,8,has,956,571,1016,597,60,26
IMG_005,4,9,been,1034,571,1118,597,84,26
IMG_005,4,10,entered,1136,571,1270,597,134,26
IMG_005,4,11,by,1288,571,1330,604,42,33
IMG_005,4,12,the,1348,571,1404,597,56,26
IMG_005,4,13,stationer.,1422,571,1584,597,162,26
IMG_005,5,1,Please,180,721,292,747,112,26
IMG_005,5,2,send,310,721,391,747,81,26
IMG_005,5,3,word,409,721,497,747,88,26
IMG_005,5,4,before,515,721,626,747,111,26
IMG_005,5,5,the,644,721,700,747,56,26
IMG_005,5,6,winter,718,721,831,747,113,26
IMG_005,5,7,market,849,721,972,747,123,26
IMG_005,5,8,begins.,990,721,1115,754,125,33
IMG_005,6,1,Yours,179,872,276,897,97,25
IMG_005,6,2,"faithfully,",294,871,455,904,161,33
IMG_005,7,1,Florence,180,1021,332,1047,152,26
IMG_005,7,2,Brown,350,1022,463,1047,113,25
IMG_005,8,1,Document,172,2205,305,2242,133,37
IMG_005,8,2,ID:,321,2205,370,2242,49,37
IMG_005,8,3,IMG_005,386,2205,500,2242,114,37
IMG_006,1,1,LETTER,627,157,857,207,230,50
IMG_006,1,2,NO.,895,157,1010,207,115,50
IMG_006,1,3,006,1048,157,1163,207,115,50
IMG_006,2,1,Dear,180,272,265,297,85,25
IMG_006,2,2,William,283,271,413,297,130,26
IMG_006,2,3,"Carter,",431,272,551,301,120,29
IMG_006,3,1,I,180,422,193,447,13,25
IMG_006,3,2,write,211,421,301,447,90,26
IMG_006,3,3,to,319,424,353,447,34,23
IMG_006,3,4,you,370,429,433,454,63,25
IMG_006,3,5,from,451,421,533,447,82,26
IMG_006,3,6,Kent,551,422,632,447,81,25
IMG_006,3,7,on,650,429,692,447,42,18
IMG_006,3,8,the,710,421,766,447,56,26
IMG_006,3,9,14th,784,421,863,447,79,26
IMG_006,3,10,day,881,421,943,454,62,33
IMG_006,3,11,of,961,421,996,447,35,26
IMG_006,3,12,October,1014,421,1154,447,140,26
IMG_006,3,13,1932.,1172,422,1269,447,97,25
IMG_006,4,1,The,180,571,245,597,65,26
IMG_006,4,2,goods,263,571,365,604,102,33
IMG_006,4,3,arrived,383,571,508,597,125,26
IMG_006,4,4,safely,526,571,627,604,101,33
IMG_006,4,5,and,645,571,709,597,64,26
IMG_006,4,6,the,727,571,783,597,56,26
IMG_006,4,7,account,801,574,938,597,137,23
IMG_006,4,8,has,956,571,1016,597,60,26
IMG_006,4,9,been,1034,571,1118,597,84,26
IMG_006,4,10,entered,1136,571,1270,597,134,26
IMG_006,4,11,by,1288,571,1330,604,42,33
IMG_006,4,12,the,1348,571,1404,597,56,26
IMG_006,4,13,tailor.,1422,571,1521,597,99,26
IMG_006,5,1,Please,180,721,292,747,112,26
IMG_006,5,2,send,310,721,391,747,81,26
IMG_006,5,3,word,409,721,497,747,88,26
IMG_006,5,4,before,515,721,626,747,111,26
IMG_006,5,5,the,644,721,700,747,56,26
IMG_006,5,6,winter,718,721,831,747,113,26
IMG_006,5,7,market,849,721,972,747,123,26
IMG_006,5,8,begins.,990,721,1115,754,125,33
IMG_006,6,1,Yours,179,872,276,897,97,25
IMG_006,6,2,"faithfully,",294,871,455,904,161,33
IMG_006,7,1,Margaret,180,1022,344,1054,164,32
IMG_006,7,2,Lewis,362,1021,462,1047,100,26
IMG_006,8,1,Document,172,2205,305,2242,133,37
IMG_006,8,2,ID:,321,2205,370,2242,49,37
IMG_006,8,3,IMG_006,386,2205,500,2242,114,37
IMG_007,1,1,LETTER,627,157,857,207,230,50
IMG_007,1,2,NO.,895,157,1010,207,115,50
IMG_007,1,3,007,1048,157,1163,207,115,50
IMG_007,2,1,Dear,180,272,265,297,85,25
IMG_007,2,2,George,283,272,409,304,126,32
IMG_007,2,3,"Miller,",427,271,538,301,111,30
IMG_007,3,1,I,180,422,193,447,13,25
IMG_007,3,2,write,211,421,301,447,90,26
IMG_007,3,3,to,319,424,353,447,34,23
IMG_007,3,4,you,370,429,433,454,63,25
IMG_007,3,5,from,451,421,533,447,82,26
IMG_007,3,6,Devon,551,422,660,447,109,25
IMG_007,3,7,on,678,429,720,447,42,18
IMG_007,3,8,the,738,421,794,447,56,26
IMG_007,3,9,14th,812,421,891,447,79,26
IMG_007,3,10,day,909,421,971,454,62,33
IMG_007,3,11,of,989,421,1024,447,35,26
IMG_007,3,12,October,1042,421,1182,447,140,26
IMG_007,3,13,1914.,1200,422,1297,447,97,25
IMG_007,4,1,The,180,571,245,597,65,26
IMG_007,4,2,goods,263,571,365,604,102,33
IMG_007,4,3,arrived,383,571,508,597,125,26
IMG_007,4,4,safely,526,571,627,604,101,33
IMG_007,4,5,and,645,571,709,597,64,26
IMG_007,4,6,the,727,571,783,597,56,26
IMG_007,4,7,account,801,574,938,597,137,23
IMG_007,4,8,has,956,571,1016,597,60,26
IMG_007,4,9,been,1034,571,1118,597,84,26
IMG_007,4,10,entered,1136,571,1270,597,134,26
IMG_007,4,11,by,1288,571,1330,604,42,33
IMG_007,4,12,the,1348,571,1404,597,56,26
IMG_007,4,13,tailor.,1422,571,1521,597,99,26
IMG_007,5,1,Please,180,721,292,747,112,26
IMG_007,5,2,send,310,721,391,747,81,26
IMG_007,5,3,word,409,721,497,747,88,26
IMG_007,5,4,before,515,721,626,747,111,26
IMG_007,5,5,the,644,721,700,747,56,26
IMG_007,5,6,winter,718,721,831,747,113,26
IMG_007,5,7,market,849,721,972,747,123,26
IMG_007,5,8,begins.,990,721,1115,754,125,33
IMG_007,6,1,Yours,179,872,276,897,97,25
IMG_007,6,2,"faithfully,",294,871,455,904,161,33
IMG_007,7,1,Clara,180,1021,274,1047,94,26
IMG_007,7,2,Johnson,289,1021,430,1054,141,33
IMG_007,8,1,Document,172,2205,305,2242,133,37
IMG_007,8,2,ID:,321,2205,370,2242,49,37
IMG_007,8,3,IMG_007,386,2205,500,2242,114,37
IMG_008,1,1,LETTER,627,157,857,207,230,50
IMG_008,1,2,NO.,895,157,1010,207,115,50
IMG_008,1,3,008,1048,157,1163,207,115,50
IMG_008,2,1,Dear,180,272,265,297,85,25
IMG_008,2,2,Clara,283,271,377,297,94,26
IMG_008,2,3,"Johnson,",392,271,544,304,152,33
IMG_008,3,1,I,180,422,193,447,13,25
IMG_008,3,2,write,211,421,301,447,90,26
IMG_008,3,3,to,319,424,353,447,34,23
IMG_008,3,4,you,370,429,433,454,63,25
IMG_008,3,5,from,451,421,533,447,82,26
IMG_008,3,6,Norfolk,551,421,682,447,131,26
IMG_008,3,7,on,700,429,742,447,42,18
IMG_008,3,8,the,760,421,816,447,56,26
IMG_008,3,9,14th,834,421,913,447,79,26
IMG_008,3,10,day,931,421,993,454,62,33
IMG_008,3,11,of,1011,421,1046,447,35,26
IMG_008,3,12,October,1064,421,1204,447,140,26
IMG_008,3,13,1884.,1222,422,1319,447,97,25
IMG_008,4,1,The,180,571,245,597,65,26
IMG_008,4,2,goods,263,571,365,604,102,33
IMG_008,4,3,arrived,383,571,508,597,125,26
IMG_008,4,4,safely,526,571,627,604,101,33
IMG_008,4,5,and,645,571,709,597,64,26
IMG_008,4,6,the,727,571,783,597,56,26
IMG_008,4,7,account,801,574,938,597,137,23
IMG_008,4,8,has,956,571,1016,597,60,26
IMG_008,4,9,been,1034,571,1118,597,84,26
IMG_008,4,10,entered,1136,571,1270,597,134,26
IMG_008,4,11,by,1288,571,1330,604,42,33
IMG_008,4,12,the,1348,571,1404,597,56,26
IMG_008,4,13,stationer.,1422,571,1584,597,162,26
IMG_008,5,1,Please,180,721,292,747,112,26
IMG_008,5,2,send,310,721,391,747,81,26
IMG_008,5,3,word,409,721,497,747,88,26
IMG_008,5,4,before,515,721,626,747,111,26
IMG_008,5,5,the,644,721,700,747,56,26
IMG_008,5,6,winter,718,721,831,747,113,26
IMG_008,5,7,market,849,721,972,747,123,26
IMG_008,5,8,begins.,990,721,1115,754,125,33
IMG_008,6,1,Yours,179,872,276,897,97,25
IMG_008,6,2,"faithfully,",294,871,455,904,161,33
IMG_008,7,1,Florence,180,1021,332,1047,152,26
IMG_008,7,2,Brown,350,1022,463,1047,113,25
IMG_008,8,1,Document,172,2205,305,2242,133,37
IMG_008,8,2,ID:,321,2205,370,2242,49,37
IMG_008,8,3,IMG_008,386,2205,500,2242,114,37
IMG_009,1,1,LETTER,627,157,857,207,230,50
IMG_009,1,2,NO.,895,157,1010,207,115,50
IMG_009,1,3,009,1048,157,1163,207,115,50
IMG_009,2,1,Dear,180,272,265,297,85,25
IMG_009,2,2,William,283,271,413,297,130,26
IMG_009,2,3,"Carter,",431,272,551,301,120,29
IMG_009,3,1,I,180,422,193,447,13,25
IMG_009,3,2,write,211,421,301,447,90,26
IMG_009,3,3,to,319,424,353,447,34,23
IMG_009,3,4,you,370,429,433,454,63,25
IMG_009,3,5,from,451,421,533,447,82,26
IMG_009,3,6,London,551,421,680,447,129,26
IMG_009,3,7,on,698,429,740,447,42,18
IMG_009,3,8,the,758,421,814,447,56,26
IMG_009,3,9,14th,832,421,911,447,79,26
IMG_009,3,10,day,929,421,991,454,62,33
IMG_009,3,11,of,1009,421,1044,447,35,26
IMG_009,3,12,October,1062,421,1202,447,140,26
IMG_009,3,13,1909.,1220,422,1317,447,97,25
IMG_009,4,1,The,180,571,245,597,65,26
IMG_009,4,2,goods,263,571,365,604,102,33
IMG_009,4,3,arrived,383,571,508,597,125,26
IMG_009,4,4,safely,526,571,627,604,101,33
IMG_009,4,5,and,645,571,709,597,64,26
IMG_009,4,6,the,727,571,783,597,56,26
IMG_009,4,7,account,801,574,938,597,137,23
IMG_009,4,8,has,956,571,1016,597,60,26
IMG_009,4,9,been,1034,571,1118,597,84,26
IMG_009,4,10,entered,1136,571,1270,597,134,26
IMG_009,4,11,by,1288,571,1330,604,42,33
IMG_009,4,12,the,1348,571,1404,597,56,26
IMG_009,4,13,baker.,1422,571,1528,597,106,26
IMG_009,5,1,Please,180,721,292,747,112,26
IMG_009,5,2,send,310,721,391,747,81,26
IMG_009,5,3,word,409,721,497,747,88,26
IMG_009,5,4,before,515,721,626,747,111,26
IMG_009,5,5,the,644,721,700,747,56,26
IMG_009,5,6,winter,718,721,831,747,113,26
IMG_009,5,7,market,849,721,972,747,123,26
IMG_009,5,8,begins.,990,721,1115,754,125,33
IMG_009,6,1,Yours,179,872,276,897,97,25
IMG_009,6,2,"faithfully,",294,871,455,904,161,33
IMG_009,7,1,Florence,180,1021,332,1047,152,26
IMG_009,7,2,Brown,350,1022,463,1047,113,25
IMG_009,8,1,Document,172,2205,305,2242,133,37
IMG_009,8,2,ID:,321,2205,370,2242,49,37
IMG_009,8,3,IMG_009,386,2205,500,2242,114,37
IMG_010,1,1,LETTER,627,157,857,207,230,50
IMG_010,1,2,NO.,895,157,1010,207,115,50
IMG_010,1,3,010,1048,157,1163,207,115,50
IMG_010,2,1,Dear,180,272,265,297,85,25
IMG_010,2,2,Edward,283,271,417,297,134,26
IMG_010,2,3,"Harris,",435,271,557,301,122,30
IMG_010,3,1,I,180,422,193,447,13,25
IMG_010,3,2,write,211,421,301,447,90,26
IMG_010,3,3,to,319,424,353,447,34,23
IMG_010,3,4,you,370,429,433,454,63,25
IMG_010,3,5,from,451,421,533,447,82,26
IMG_010,3,6,Yorkshire,550,421,714,447,164,26
IMG_010,3,7,on,732,429,774,447,42,18
IMG_010,3,8,the,792,421,848,447,56,26
IMG_010,3,9,14th,866,421,945,447,79,26
IMG_010,3,10,day,963,421,1025,454,62,33
IMG_010,3,11,of,1043,421,1078,447,35,26
IMG_010,3,12,October,1096,421,1236,447,140,26
IMG_010,3,13,1900.,1254,422,1351,447,97,25
IMG_010,4,1,The,180,571,245,597,65,26
IMG_010,4,2,goods,263,571,365,604,102,33
IMG_010,4,3,arrived,383,571,508,597,125,26
IMG_010,4,4,safely,526,571,627,604,101,33
IMG_010,4,5,and,645,571,709,597,64,26
IMG_010,4,6,the,727,571,783,597,56,26
IMG_010,4,7,account,801,574,938,597,137,23
IMG_010,4,8,has,956,571,1016,597,60,26
IMG_010,4,9,been,1034,571,1118,597,84,26
IMG_010,4,10,entered,1136,571,1270,597,134,26
IMG_010,4,11,by,1288,571,1330,604,42,33
IMG_010,4,12,the,1348,571,1404,597,56,26
IMG_010,4,13,farmer.,1422,571,1547,597,125,26
IMG_010,5,1,Please,180,721,292,747,112,26
IMG_010,5,2,send,310,721,391,747,81,26
IMG_010,5,3,word,409,721,497,747,88,26
IMG_010,5,4,before,515,721,626,747,111,26
IMG_010,5,5,the,644,721,700,747,56,26
IMG_010,5,6,winter,718,721,831,747,113,26
IMG_010,5,7,market,849,721,972,747,123,26
IMG_010,5,8,begins.,990,721,1115,754,125,33
IMG_010,6,1,Yours,179,872,276,897,97,25
IMG_010,6,2,"faithfully,",294,871,455,904,161,33
IMG_010,7,1,George,180,1022,306,1054,126,32
IMG_010,7,2,Miller,324,1021,429,1047,105,26
IMG_010,8,1,Document,172,2205,305,2242,133,37
IMG_010,8,2,ID:,321,2205,370,2242,49,37
IMG_010,8,3,IMG_010,386,2205,500,2242,114,37
IMG_011,1,1,LETTER,627,157,857,207,230,50
IMG_011,1,2,NO.,895,157,1010,207,115,50
IMG_011,1,3,011,1048,157,1163,207,115,50
IMG_011,2,1,Dear,180,272,265,297,85,25
IMG_011,2,2,Thomas,283,271,418,297,135,26
IMG_011,2,3,"Bennett,",436,272,583,301,147,29
IMG_011,3,1,I,180,422,193,447,13,25
IMG_011,3,2,write,211,421,301,447,90,26
IMG_011,3,3,to,319,424,353,447,34,23
IMG_011,3,4,you,370,429,433,454,63,25
IMG_011,3,5,from,451,421,533,447,82,26
IMG_011,3,6,London,551,421,680,447,129,26
IMG_011,3,7,on,698,429,740,447,42,18
IMG_011,3,8,the,758,421,814,447,56,26
IMG_011,3,9,14th,832,421,911,447,79,26
IMG_011,3,10,day,929,421,991,454,62,33
IMG_011,3,11,of,1009,421,1044,447,35,26
IMG_011,3,12,October,1062,421,1202,447,140,26
IMG_011,3,13,1915.,1220,422,1317,447,97,25
IMG_011,4,1,The,180,571,245,597,65,26
IMG_011,4,2,goods,263,571,365,604,102,33
IMG_011,4,3,arrived,383,571,508,597,125,26
IMG_011,4,4,safely,526,571,627,604,101,33
IMG_011,4,5,and,645,571,709,597,64,26
IMG_011,4,6,the,727,571,783,597,56,26
IMG_011,4,7,account,801,574,938,597,137,23
IMG_011,4,8,has,956,571,1016,597,60,26
IMG_011,4,9,been,1034,571,1118,597,84,26
IMG_011,4,10,entered,1136,571,1270,597,134,26
IMG_011,4,11,by,1288,571,1330,604,42,33
IMG_011,4,12,the,1348,571,1404,597,56,26
IMG_011,4,13,baker.,1422,571,1528,597,106,26
IMG_011,5,1,Please,180,721,292,747,112,26
IMG_011,5,2,send,310,721,391,747,81,26
IMG_011,5,3,word,409,721,497,747,88,26
IMG_011,5,4,before,515,721,626,747,111,26
IMG_011,5,5,the,644,721,700,747,56,26
IMG_011,5,6,winter,718,721,831,747,113,26
IMG_011,5,7,market,849,721,972,747,123,26
IMG_011,5,8,begins.,990,721,1115,754,125,33
IMG_011,6,1,Yours,179,872,276,897,97,25
IMG_011,6,2,"faithfully,",294,871,455,904,161,33
IMG_011,7,1,Clara,180,1021,274,1047,94,26
IMG_011,7,2,Johnson,289,1021,430,1054,141,33
IMG_011,8,1,Document,172,2205,305,2242,133,37
IMG_011,8,2,ID:,321,2205,370,2242,49,37
IMG_011,8,3,IMG_011,386,2205,500,2242,114,37
IMG_012,1,1,LETTER,627,157,857,207,230,50
IMG_012,1,2,NO.,895,157,1010,207,115,50
IMG_012,1,3,012,1048,157,1163,207,115,50
IMG_012,2,1,Dear,180,272,265,297,85,25
IMG_012,2,2,William,283,271,413,297,130,26
IMG_012,2,3,"Carter,",431,272,551,301,120,29
IMG_012,3,1,I,180,422,193,447,13,25
IMG_012,3,2,write,211,421,301,447,90,26
IMG_012,3,3,to,319,424,353,447,34,23
IMG_012,3,4,you,370,429,433,454,63,25
IMG_012,3,5,from,451,421,533,447,82,26
IMG_012,3,6,Devon,551,422,660,447,109,25
IMG_012,3,7,on,678,429,720,447,42,18
IMG_012,3,8,the,738,421,794,447,56,26
IMG_012,3,9,14th,812,421,891,447,79,26
IMG_012,3,10,day,909,421,971,454,62,33
IMG_012,3,11,of,989,421,1024,447,35,26
IMG_012,3,12,October,1042,421,1182,447,140,26
IMG_012,3,13,1901.,1200,422,1297,447,97,25
IMG_012,4,1,The,180,571,245,597,65,26
IMG_012,4,2,goods,263,571,365,604,102,33
IMG_012,4,3,arrived,383,571,508,597,125,26
IMG_012,4,4,safely,526,571,627,604,101,33
IMG_012,4,5,and,645,571,709,597,64,26
IMG_012,4,6,the,727,571,783,597,56,26
IMG_012,4,7,account,801,574,938,597,137,23
IMG_012,4,8,has,956,571,1016,597,60,26
IMG_012,4,9,been,1034,571,1118,597,84,26
IMG_012,4,10,entered,1136,571,1270,597,134,26
IMG_012,4,11,by,1288,571,1330,604,42,33
IMG_012,4,12,the,1348,571,1404,597,56,26
IMG_012,4,13,baker.,1422,571,1528,597,106,26
IMG_012,5,1,Please,180,721,292,747,112,26
IMG_012,5,2,send,310,721,391,747,81,26
IMG_012,5,3,word,409,721,497,747,88,26
IMG_012,5,4,before,515,721,626,747,111,26
IMG_012,5,5,the,644,721,700,747,56,26
IMG_012,5,6,winter,718,721,831,747,113,26
IMG_012,5,7,market,849,721,972,747,123,26
IMG_012,5,8,begins.,990,721,1115,754,125,33
IMG_012,6,1,Yours,179,872,276,897,97,25
IMG_012,6,2,"faithfully,",294,871,455,904,161,33
IMG_012,7,1,Henry,180,1022,288,1054,108,32
IMG_012,7,2,Davis,306,1021,401,1047,95,26
IMG_012,8,1,Document,172,2205,305,2242,133,37
IMG_012,8,2,ID:,321,2205,370,2242,49,37
IMG_012,8,3,IMG_012,386,2205,500,2242,114,37
IMG_013,1,1,LETTER,627,157,857,207,230,50
IMG_013,1,2,NO.,895,157,1010,207,115,50
IMG_013,1,3,013,1048,157,1163,207,115,50
IMG_013,2,1,Dear,180,272,265,297,85,25
IMG_013,2,2,Edward,283,271,417,297,134,26
IMG_013,2,3,"Harris,",435,271,557,301,122,30
IMG_013,3,1,I,180,422,193,447,13,25
IMG_013,3,2,write,211,421,301,447,90,26
IMG_013,3,3,to,319,424,353,447,34,23
IMG_013,3,4,you,370,429,433,454,63,25
IMG_013,3,5,from,451,421,533,447,82,26
IMG_013,3,6,Leeds,551,421,653,447,102,26
IMG_013,3,7,on,671,429,713,447,42,18
IMG_013,3,8,the,731,421,787,447,56,26
IMG_013,3,9,14th,805,421,884,447,79,26
IMG_013,3,10,day,902,421,964,454,62,33
IMG_013,3,11,of,982,421,1017,447,35,26
IMG_013,3,12,October,1035,421,1175,447,140,26
IMG_013,3,13,1922.,1193,422,1290,447,97,25
IMG_013,4,1,The,180,571,245,597,65,26
IMG_013,4,2,goods,263,571,365,604,102,33
IMG_013,4,3,arrived,383,571,508,597,125,26
IMG_013,4,4,safely,526,571,627,604,101,33
IMG_013,4,5,and,645,571,709,597,64,26
IMG_013,4,6,the,727,571,783,597,56,26
IMG_013,4,7,account,801,574,938,597,137,23
IMG_013,4,8,has,956,571,1016,597,60,26
IMG_013,4,9,been,1034,571,1118,597,84,26
IMG_013,4,10,entered,1136,571,1270,597,134,26
IMG_013,4,11,by,1288,571,1330,604,42,33
IMG_013,4,12,the,1348,571,1404,597,56,26
IMG_013,4,13,baker.,1422,571,1528,597,106,26
IMG_013,5,1,Please,180,721,292,747,112,26
IMG_013,5,2,send,310,721,391,747,81,26
IMG_013,5,3,word,409,721,497,747,88,26
IMG_013,5,4,before,515,721,626,747,111,26
IMG_013,5,5,the,644,721,700,747,56,26
IMG_013,5,6,winter,718,721,831,747,113,26
IMG_013,5,7,market,849,721,972,747,123,26
IMG_013,5,8,begins.,990,721,1115,754,125,33
IMG_013,6,1,Yours,179,872,276,897,97,25
IMG_013,6,2,"faithfully,",294,871,455,904,161,33
IMG_013,7,1,Henry,180,1022,288,1054,108,32
IMG_013,7,2,Davis,306,1021,401,1047,95,26
IMG_013,8,1,Document,172,2205,305,2242,133,37
IMG_013,8,2,ID:,321,2205,370,2242,49,37
IMG_013,8,3,IMG_013,386,2205,500,2242,114,37
IMG_014,1,1,LETTER,627,157,857,207,230,50
IMG_014,1,2,NO.,895,157,1010,207,115,50
IMG_014,1,3,014,1048,157,1163,207,115,50
IMG_014,2,1,Dear,180,272,265,297,85,25
IMG_014,2,2,William,283,271,413,297,130,26
IMG_014,2,3,"Carter,",431,272,551,301,120,29
IMG_014,3,1,I,180,422,193,447,13,25
IMG_014,3,2,write,211,421,301,447,90,26
IMG_014,3,3,to,319,424,353,447,34,23
IMG_014,3,4,you,370,429,433,454,63,25
IMG_014,3,5,from,451,421,533,447,82,26
IMG_014,3,6,Bristol,551,421,666,447,115,26
IMG_014,3,7,on,684,429,726,447,42,18
IMG_014,3,8,the,744,421,800,447,56,26
IMG_014,3,9,14th,818,421,897,447,79,26
IMG_014,3,10,day,915,421,977,454,62,33
IMG_014,3,11,of,995,421,1030,447,35,26
IMG_014,3,12,October,1048,421,1188,447,140,26
IMG_014,3,13,1935.,1206,422,1303,447,97,25
IMG_014,4,1,The,180,571,245,597,65,26
IMG_014,4,2,goods,263,571,365,604,102,33
IMG_014,4,3,arrived,383,571,508,597,125,26
IMG_014,4,4,safely,526,571,627,604,101,33
IMG_014,4,5,and,645,571,709,597,64,26
IMG_014,4,6,the,727,571,783,597,56,26
IMG_014,4,7,account,801,574,938,597,137,23
IMG_014,4,8,has,956,571,1016,597,60,26
IMG_014,4,9,been,1034,571,1118,597,84,26
IMG_014,4,10,entered,1136,571,1270,597,134,26
IMG_014,4,11,by,1288,571,1330,604,42,33
IMG_014,4,12,the,1348,571,1404,597,56,26
IMG_014,4,13,merchant.,1422,571,1598,597,176,26
IMG_014,5,1,Please,180,721,292,747,112,26
IMG_014,5,2,send,310,721,391,747,81,26
IMG_014,5,3,word,409,721,497,747,88,26
IMG_014,5,4,before,515,721,626,747,111,26
IMG_014,5,5,the,644,721,700,747,56,26
IMG_014,5,6,winter,718,721,831,747,113,26
IMG_014,5,7,market,849,721,972,747,123,26
IMG_014,5,8,begins.,990,721,1115,754,125,33
IMG_014,6,1,Yours,179,872,276,897,97,25
IMG_014,6,2,"faithfully,",294,871,455,904,161,33
IMG_014,7,1,Arthur,179,1021,295,1047,116,26
IMG_014,7,2,Wilson,313,1021,429,1047,116,26
IMG_014,8,1,Document,172,2205,305,2242,133,37
IMG_014,8,2,ID:,321,2205,370,2242,49,37
IMG_014,8,3,IMG_014,386,2205,500,2242,114,37
IMG_015,1,1,LETTER,627,157,857,207,230,50
IMG_015,1,2,NO.,895,157,1010,207,115,50
IMG_015,1,3,015,1048,157,1163,207,115,50
IMG_015,2,1,Dear,180,272,265,297,85,25
IMG_015,2,2,Margaret,283,272,447,304,164,32
IMG_015,2,3,"Lewis,",465,271,576,301,111,30
IMG_015,3,1,I,180,422,193,447,13,25
IMG_015,3,2,write,211,421,301,447,90,26
IMG_015,3,3,to,319,424,353,447,34,23
IMG_015,3,4,you,370,429,433,454,63,25
IMG_015,3,5,from,451,421,533,447,82,26
IMG_015,3,6,Durham,551,421,691,447,140,26
IMG_015,3,7,on,709,429,751,447,42,18
IMG_015,3,8,the,769,421,825,447,56,26
IMG_015,3,9,14th,843,421,922,447,79,26
IMG_015,3,10,day,940,421,1002,454,62,33
IMG_015,3,11,of,1020,421,1055,447,35,26
IMG_015,3,12,October,1073,421,1213,447,140,26
IMG_015,3,13,1935.,1231,422,1328,447,97,25
IMG_015,4,1,The,180,571,245,597,65,26
IMG_015,4,2,goods,263,571,365,604,102,33
IMG_015,4,3,arrived,383,571,508,597,125,26
IMG_015,4,4,safely,526,571,627,604,101,33
IMG_015,4,5,and,645,571,709,597,64,26
IMG_015,4,6,the,727,571,783,597,56,26
IMG_015,4,7,account,801,574,938,597,137,23
IMG_015,4,8,has,956,571,1016,597,60,26
IMG_015,4,9,been,1034,571,1118,597,84,26
IMG_015,4,10,entered,1136,571,1270,597,134,26
IMG_015,4,11,by,1288,571,1330,604,42,33
IMG_015,4,12,the,1348,571,1404,597,56,26
IMG_015,4,13,baker.,1422,571,1528,597,106,26
IMG_015,5,1,Please,180,721,292,747,112,26
IMG_015,5,2,send,310,721,391,747,81,26
IMG_015,5,3,word,409,721,497,747,88,26
IMG_015,5,4,before,515,721,626,747,111,26
IMG_015,5,5,the,644,721,700,747,56,26
IMG_015,5,6,winter,718,721,831,747,113,26
IMG_015,5,7,market,849,721,972,747,123,26
IMG_015,5,8,begins.,990,721,1115,754,125,33
IMG_015,6,1,Yours,179,872,276,897,97,25
IMG_015,6,2,"faithfully,",294,871,455,904,161,33
IMG_015,7,1,William,180,1021,310,1047,130,26
IMG_015,7,2,Carter,328,1022,441,1047,113,25
IMG_015,8,1,Document,172,2205,305,2242,133,37
IMG_015,8,2,ID:,321,2205,370,2242,49,37
IMG_015,8,3,IMG_015,386,2205,500,2242,114,37
IMG_016,1,1,LETTER,627,157,857,207,230,50
IMG_016,1,2,NO.,895,157,1010,207,115,50
IMG_016,1,3,016,1048,157,1163,207,115,50
IMG_016,2,1,Dear,180,272,265,297,85,25
IMG_016,2,2,William,283,271,413,297,130,26
IMG_016,2,3,"Carter,",431,272,551,301,120,29
IMG_016,3,1,I,180,422,193,447,13,25
IMG_016,3,2,write,211,421,301,447,90,26
IMG_016,3,3,to,319,424,353,447,34,23
IMG_016,3,4,you,370,429,433,454,63,25
IMG_016,3,5,from,451,421,533,447,82,26
IMG_016,3,6,Norfolk,551,421,682,447,131,26
IMG_016,3,7,on,700,429,742,447,42,18
IMG_016,3,8,the,760,421,816,447,56,26
IMG_016,3,9,14th,834,421,913,447,79,26
IMG_016,3,10,day,931,421,993,454,62,33
IMG_016,3,11,of,1011,421,1046,447,35,26
IMG_016,3,12,October,1064,421,1204,447,140,26
IMG_016,3,13,1904.,1222,422,1319,447,97,25
IMG_016,4,1,The,180,571,245,597,65,26
IMG_016,4,2,goods,263,571,365,604,102,33
IMG_016,4,3,arrived,383,571,508,597,125,26
IMG_016,4,4,safely,526,571,627,604,101,33
IMG_016,4,5,and,645,571,709,597,64,26
IMG_016,4,6,the,727,571,783,597,56,26
IMG_016,4,7,account,801,574,938,597,137,23
IMG_016,4,8,has,956,571,1016,597,60,26
IMG_016,4,9,been,1034,571,1118,597,84,26
IMG_016,4,10,entered,1136,571,1270,597,134,26
IMG_016,4,11,by,1288,571,1330,604,42,33
IMG_016,4,12,the,1348,571,1404,597,56,26
IMG_016,4,13,printer.,1422,571,1550,604,128,33
IMG_016,5,1,Please,180,721,292,747,112,26
IMG_016,5,2,send,310,721,391,747,81,26
IMG_016,5,3,word,409,721,497,747,88,26
IMG_016,5,4,before,515,721,626,747,111,26
IMG_016,5,5,the,644,721,700,747,56,26
IMG_016,5,6,winter,718,721,831,747,113,26
IMG_016,5,7,market,849,721,972,747,123,26
IMG_016,5,8,begins.,990,721,1115,754,125,33
IMG_016,6,1,Yours,179,872,276,897,97,25
IMG_016,6,2,"faithfully,",294,871,455,904,161,33
IMG_016,7,1,George,180,1022,306,1054,126,32
IMG_016,7,2,Miller,324,1021,429,1047,105,26
IMG_016,8,1,Document,172,2205,305,2242,133,37
IMG_016,8,2,ID:,321,2205,370,2242,49,37
IMG_016,8,3,IMG_016,386,2205,500,2242,114,37
IMG_017,1,1,LETTER,627,157,857,207,230,50
IMG_017,1,2,NO.,895,157,1010,207,115,50
IMG_017,1,3,017,1048,157,1163,207,115,50
IMG_017,2,1,Dear,180,272,265,297,85,25
IMG_017,2,2,Henry,283,272,391,304,108,32
IMG_017,2,3,"Davis,",409,271,515,301,106,30
IMG_017,3,1,I,180,422,193,447,13,25
IMG_017,3,2,write,211,421,301,447,90,26
IMG_017,3,3,to,319,424,353,447,34,23
IMG_017,3,4,you,370,429,433,454,63,25
IMG_017,3,5,from,451,421,533,447,82,26
IMG_017,3,6,Durham,551,421,691,447,140,26
IMG_017,3,7,on,709,429,751,447,42,18
IMG_017,3,8,the,769,421,825,447,56,26
IMG_017,3,9,14th,843,421,922,447,79,26
IMG_017,3,10,day,940,421,1002,454,62,33
IMG_017,3,11,of,1020,421,1055,447,35,26
IMG_017,3,12,October,1073,421,1213,447,140,26
IMG_017,3,13,1883.,1231,422,1328,447,97,25
IMG_017,4,1,The,180,571,245,597,65,26
IMG_017,4,2,goods,263,571,365,604,102,33
IMG_017,4,3,arrived,383,571,508,597,125,26
IMG_017,4,4,safely,526,571,627,604,101,33
IMG_017,4,5,and,645,571,709,597,64,26
IMG_017,4,6,the,727,571,783,597,56,26
IMG_017,4,7,account,801,574,938,597,137,23
IMG_017,4,8,has,956,571,1016,597,60,26
IMG_017,4,9,been,1034,571,1118,597,84,26
IMG_017,4,10,entered,1136,571,1270,597,134,26
IMG_017,4,11,by,1288,571,1330,604,42,33
IMG_017,4,12,the,1348,571,1404,597,56,26
IMG_017,4,13,baker.,1422,571,1528,597,106,26
IMG_017,5,1,Please,180,721,292,747,112,26
IMG_017,5,2,send,310,721,391,747,81,26
IMG_017,5,3,word,409,721,497,747,88,26
IMG_017,5,4,before,515,721,626,747,111,26
IMG_017,5,5,the,644,721,700,747,56,26
IMG_017,5,6,winter,718,721,831,747,113,26
IMG_017,5,7,market,849,721,972,747,123,26
IMG_017,5,8,begins.,990,721,1115,754,125,33
IMG_017,6,1,Yours,179,872,276,897,97,25
IMG_017,6,2,"faithfully,",294,871,455,904,161,33
IMG_017,7,1,Thomas,180,1021,315,1047,135,26
IMG_017,7,2,Bennett,333,1022,470,1047,137,25
IMG_017,8,1,Document,172,2205,305,2242,133,37
IMG_017,8,2,ID:,321,2205,370,2242,49,37
IMG_017,8,3,IMG_017,386,2205,500,2242,114,37
IMG_018,1,1,LETTER,627,157,857,207,230,50
IMG_018,1,2,NO.,895,157,1010,207,115,50
IMG_018,1,3,018,1048,157,1163,207,115,50
IMG_018,2,1,Dear,180,272,265,297,85,25
IMG_018,2,2,Henry,283,272,391,304,108,32
IMG_018,2,3,"Davis,",409,271,515,301,106,30
IMG_018,3,1,I,180,422,193,447,13,25
IMG_018,3,2,write,211,421,301,447,90,26
IMG_018,3,3,to,319,424,353,447,34,23
IMG_018,3,4,you,370,429,433,454,63,25
IMG_018,3,5,from,451,421,533,447,82,26
IMG_018,3,6,Yorkshire,550,421,714,447,164,26
IMG_018,3,7,on,732,429,774,447,42,18
IMG_018,3,8,the,792,421,848,447,56,26
IMG_018,3,9,14th,866,421,945,447,79,26
IMG_018,3,10,day,963,421,1025,454,62,33
IMG_018,3,11,of,1043,421,1078,447,35,26
IMG_018,3,12,October,1096,421,1236,447,140,26
IMG_018,3,13,1917.,1254,422,1351,447,97,25
IMG_018,4,1,The,180,571,245,597,65,26
IMG_018,4,2,goods,263,571,365,604,102,33
IMG_018,4,3,arrived,383,571,508,597,125,26
IMG_018,4,4,safely,526,571,627,604,101,33
IMG_018,4,5,and,645,571,709,597,64,26
IMG_018,4,6,the,727,571,783,597,56,26
IMG_018,4,7,account,801,574,938,597,137,23
IMG_018,4,8,has,956,571,1016,597,60,26
IMG_018,4,9,been,1034,571,1118,597,84,26
IMG_018,4,10,entered,1136,571,1270,597,134,26
IMG_018,4,11,by,1288,571,1330,604,42,33
IMG_018,4,12,the,1348,571,1404,597,56,26
IMG_018,4,13,stationer.,1422,571,1584,597,162,26
IMG_018,5,1,Please,180,721,292,747,112,26
IMG_018,5,2,send,310,721,391,747,81,26
IMG_018,5,3,word,409,721,497,747,88,26
IMG_018,5,4,before,515,721,626,747,111,26
IMG_018,5,5,the,644,721,700,747,56,26
IMG_018,5,6,winter,718,721,831,747,113,26
IMG_018,5,7,market,849,721,972,747,123,26
IMG_018,5,8,begins.,990,721,1115,754,125,33
IMG_018,6,1,Yours,179,872,276,897,97,25
IMG_018,6,2,"faithfully,",294,871,455,904,161,33
IMG_018,7,1,Clara,180,1021,274,1047,94,26
IMG_018,7,2,Johnson,289,1021,430,1054,141,33
IMG_018,8,1,Document,172,2205,305,2242,133,37
IMG_018,8,2,ID:,321,2205,370,2242,49,37
IMG_018,8,3,IMG_018,386,2205,500,2242,114,37
IMG_019,1,1,LETTER,627,157,857,207,230,50
IMG_019,1,2,NO.,895,157,1010,207,115,50
IMG_019,1,3,019,1048,157,1163,207,115,50
IMG_019,2,1,Dear,180,272,265,297,85,25
IMG_019,2,2,George,283,272,409,304,126,32
IMG_019,2,3,"Miller,",427,271,538,301,111,30
IMG_019,3,1,I,180,422,193,447,13,25
IMG_019,3,2,write,211,421,301,447,90,26
IMG_019,3,3,to,319,424,353,447,34,23
IMG_019,3,4,you,370,429,433,454,63,25
IMG_019,3,5,from,451,421,533,447,82,26
IMG_019,3,6,Durham,551,421,691,447,140,26
IMG_019,3,7,on,709,429,751,447,42,18
IMG_019,3,8,the,769,421,825,447,56,26
IMG_019,3,9,14th,843,421,922,447,79,26
IMG_019,3,10,day,940,421,1002,454,62,33
IMG_019,3,11,of,1020,421,1055,447,35,26
IMG_019,3,12,October,1073,421,1213,447,140,26
IMG_019,3,13,1922.,1231,422,1328,447,97,25
IMG_019,4,1,The,180,571,245,597,65,26
IMG_019,4,2,goods,263,571,365,604,102,33
IMG_019,4,3,arrived,383,571,508,597,125,26
IMG_019,4,4,safely,526,571,627,604,101,33
IMG_019,4,5,and,645,571,709,597,64,26
IMG_019,4,6,the,727,571,783,597,56,26
IMG_019,4,7,account,801,574,938,597,137,23
IMG_019,4,8,has,956,571,1016,597,60,26
IMG_019,4,9,been,1034,571,1118,597,84,26
IMG_019,4,10,entered,1136,571,1270,597,134,26
IMG_019,4,11,by,1288,571,1330,604,42,33
IMG_019,4,12,the,1348,571,1404,597,56,26
IMG_019,4,13,carpenter.,1422,574,1598,604,176,30
IMG_019,5,1,Please,180,721,292,747,112,26
IMG_019,5,2,send,310,721,391,747,81,26
IMG_019,5,3,word,409,721,497,747,88,26
IMG_019,5,4,before,515,721,626,747,111,26
IMG_019,5,5,the,644,721,700,747,56,26
IMG_019,5,6,winter,718,721,831,747,113,26
IMG_019,5,7,market,849,721,972,747,123,26
IMG_019,5,8,begins.,990,721,1115,754,125,33
IMG_019,6,1,Yours,179,872,276,897,97,25
IMG_019,6,2,"faithfully,",294,871,455,904,161,33
IMG_019,7,1,William,180,1021,310,1047,130,26
IMG_019,7,2,Carter,328,1022,441,1047,113,25
IMG_019,8,1,Document,172,2205,305,2242,133,37
IMG_019,8,2,ID:,321,2205,370,2242,49,37
IMG_019,8,3,IMG_019,386,2205,500,2242,114,37
IMG_020,1,1,LETTER,627,157,857,207,230,50
IMG_020,1,2,NO.,895,157,1010,207,115,50
IMG_020,1,3,020,1048,157,1163,207,115,50
IMG_020,2,1,Dear,180,272,265,297,85,25
IMG_020,2,2,George,283,272,409,304,126,32
IMG_020,2,3,"Miller,",427,271,538,301,111,30
IMG_020,3,1,I,180,422,193,447,13,25
IMG_020,3,2,write,211,421,301,447,90,26
IMG_020,3,3,to,319,424,353,447,34,23
IMG_020,3,4,you,370,429,433,454,63,25
IMG_020,3,5,from,451,421,533,447,82,26
IMG_020,3,6,Manchester,551,421,757,447,206,26
IMG_020,3,7,on,775,429,817,447,42,18
IMG_020,3,8,the,835,421,891,447,56,26
IMG_020,3,9,14th,909,421,988,447,79,26
IMG_020,3,10,day,1006,421,1068,454,62,33
IMG_020,3,11,of,1086,421,1121,447,35,26
IMG_020,3,12,October,1139,421,1279,447,140,26
IMG_020,3,13,1903.,1297,422,1394,447,97,25
IMG_020,4,1,The,180,571,245,597,65,26
IMG_020,4,2,goods,263,571,365,604,102,33
IMG_020,4,3,arrived,383,571,508,597,125,26
IMG_020,4,4,safely,526,571,627,604,101,33
IMG_020,4,5,and,645,571,709,597,64,26
IMG_020,4,6,the,727,571,783,597,56,26
IMG_020,4,7,account,801,574,938,597,137,23
IMG_020,4,8,has,956,571,1016,597,60,26
IMG_020,4,9,been,1034,571,1118,597,84,26
IMG_020,4,10,entered,1136,571,1270,597,134,26
IMG_020,4,11,by,1288,571,1330,604,42,33
IMG_020,4,12,the,1348,571,1404,597,56,26
IMG_020,4,13,blacksmith.,1422,571,1621,597,199,26
IMG_020,5,1,Please,180,721,292,747,112,26
IMG_020,5,2,send,310,721,391,747,81,26
IMG_020,5,3,word,409,721,497,747,88,26
IMG_020,5,4,before,515,721,626,747,111,26
IMG_020,5,5,the,644,721,700,747,56,26
IMG_020,5,6,winter,718,721,831,747,113,26
IMG_020,5,7,market,849,721,972,747,123,26
IMG_020,5,8,begins.,990,721,1115,754,125,33
IMG_020,6,1,Yours,179,872,276,897,97,25
IMG_020,6,2,"faithfully,",294,871,455,904,161,33
IMG_020,7,1,George,180,1022,306,1054,126,32
IMG_020,7,2,Miller,324,1021,429,1047,105,26
IMG_020,8,1,Document,172,2205,305,2242,133,37
IMG_020,8,2,ID:,321,2205,370,2242,49,37
IMG_020,8,3,IMG_020,386,2205,500,2242,114,37
IMG_021,1,1,THE,390,155,516,205,126,50
IMG_021,1,2,COUNTY,558,155,811,205,253,50
IMG_021,1,3,HERALD,853,155,1106,205,253,50
IMG_021,1,4,—,1148,155,1190,205,42,50
IMG_021,1,5,1934,1232,155,1400,205,168,50
IMG_021,2,1,LOCAL,180,272,304,297,124,25
IMG_021,2,2,NEWS,322,272,435,297,113,25
IMG_021,2,3,FROM,453,272,565,297,112,25
IMG_021,2,4,LEEDS,583,272,706,297,123,25
IMG_021,3,1,MARKET,180,422,338,447,158,25
IMG_021,3,2,REPORT,356,422,505,447,149,25
IMG_021,4,1,Prices,180,571,287,597,107,26
IMG_021,4,2,remained,305,571,469,597,164,26
IMG_021,4,3,steady,487,571,600,604,113,33
IMG_021,4,4,this,618,571,682,597,64,26
IMG_021,4,5,"week,",700,571,801,601,101,30
IMG_021,4,6,with,819,571,895,597,76,26
IMG_021,4,7,merchants,913,571,1096,597,183,26
IMG_021,4,8,reporting,1114,571,1277,604,163,33
IMG_021,4,9,good,1295,571,1379,604,84,33
IMG_021,4,10,trade.,1397,571,1500,597,103,26
IMG_021,5,1,A,179,722,205,747,26,25
IMG_021,5,2,meeting,223,721,364,754,141,33
IMG_021,5,3,was,382,729,449,747,67,18
IMG_021,5,4,held,467,721,542,747,75,26
IMG_021,5,5,at,560,724,594,747,34,23
IMG_021,5,6,the,612,721,668,747,56,26
IMG_021,5,7,town,686,724,771,747,85,23
IMG_021,5,8,hall,789,721,853,747,64,26
IMG_021,5,9,concerning,871,721,1064,754,193,33
IMG_021,5,10,the,1082,721,1138,747,56,26
IMG_021,5,11,new,1156,729,1227,747,71,18
IMG_021,5,12,railway,1245,721,1373,754,128,33
IMG_021,5,13,service.,1391,721,1525,747,134,26
IMG_021,6,1,Weather:,180,871,336,897,156,26
IMG_021,6,2,light,354,871,433,904,79,33
IMG_021,6,3,rain,451,871,520,897,69,26
IMG_021,6,4,in,538,871,571,897,33,26
IMG_021,6,5,the,589,871,645,897,56,26
IMG_021,6,6,"morning,",663,871,819,904,156,33
IMG_021,6,7,clearing,837,871,978,904,141,33
IMG_021,6,8,by,996,871,1038,904,42,33
IMG_021,6,9,afternoon.,1056,871,1234,897,178,26
IMG_021,7,1,Document,172,2205,305,2242,133,37
IMG_021,7,2,ID:,321,2205,370,2242,49,37
IMG_021,7,3,IMG_021,386,2205,500,2242,114,37
IMG_022,1,1,THE,390,155,516,205,126,50
IMG_022,1,2,COUNTY,558,155,811,205,253,50
IMG_022,1,3,HERALD,853,155,1106,205,253,50
IMG_022,1,4,—,1148,155,1190,205,42,50
IMG_022,1,5,1880,1232,155,1400,205,168,50
IMG_022,2,1,LOCAL,180,272,304,297,124,25
IMG_022,2,2,NEWS,322,272,435,297,113,25
IMG_022,2,3,FROM,453,272,565,297,112,25
IMG_022,2,4,MANCHESTER,583,272,850,297,267,25
IMG_022,3,1,MARKET,180,422,338,447,158,25
IMG_022,3,2,REPORT,356,422,505,447,149,25
IMG_022,4,1,Prices,180,571,287,597,107,26
IMG_022,4,2,remained,305,571,469,597,164,26
IMG_022,4,3,steady,487,571,600,604,113,33
IMG_022,4,4,this,618,571,682,597,64,26
IMG_022,4,5,"week,",700,571,801,601,101,30
IMG_022,4,6,with,819,571,895,597,76,26
IMG_022,4,7,merchants,913,571,1096,597,183,26
IMG_022,4,8,reporting,1114,571,1277,604,163,33
IMG_022,4,9,good,1295,571,1379,604,84,33
IMG_022,4,10,trade.,1397,571,1500,597,103,26
IMG_022,5,1,A,179,722,205,747,26,25
IMG_022,5,2,meeting,223,721,364,754,141,33
IMG_022,5,3,was,382,729,449,747,67,18
IMG_022,5,4,held,467,721,542,747,75,26
IMG_022,5,5,at,560,724,594,747,34,23
IMG_022,5,6,the,612,721,668,747,56,26
IMG_022,5,7,town,686,724,771,747,85,23
IMG_022,5,8,hall,789,721,853,747,64,26
IMG_022,5,9,concerning,871,721,1064,754,193,33
IMG_022,5,10,the,1082,721,1138,747,56,26
IMG_022,5,11,new,1156,729,1227,747,71,18
IMG_022,5,12,railway,1245,721,1373,754,128,33
IMG_022,5,13,service.,1391,721,1525,747,134,26
IMG_022,6,1,Weather:,180,871,336,897,156,26
IMG_022,6,2,light,354,871,433,904,79,33
IMG_022,6,3,rain,451,871,520,897,69,26
IMG_022,6,4,in,538,871,571,897,33,26
IMG_022,6,5,the,589,871,645,897,56,26
IMG_022,6,6,"morning,",663,871,819,904,156,33
IMG_022,6,7,clearing,837,871,978,904,141,33
IMG_022,6,8,by,996,871,1038,904,42,33
IMG_022,6,9,afternoon.,1056,871,1234,897,178,26
IMG_022,7,1,Document,172,2205,305,2242,133,37
IMG_022,7,2,ID:,321,2205,370,2242,49,37
IMG_022,7,3,IMG_022,386,2205,500,2242,114,37
IMG_023,1,1,THE,390,155,516,205,126,50
IMG_023,1,2,COUNTY,558,155,811,205,253,50
IMG_023,1,3,HERALD,853,155,1106,205,253,50
IMG_023,1,4,—,1148,155,1190,205,42,50
IMG_023,1,5,1930,1232,155,1400,205,168,50
IMG_023,2,1,LOCAL,180,272,304,297,124,25
IMG_023,2,2,NEWS,322,272,435,297,113,25
IMG_023,2,3,FROM,453,272,565,297,112,25
IMG_023,2,4,DEVON,583,272,717,297,134,25
IMG_023,3,1,MARKET,180,422,338,447,158,25
IMG_023,3,2,REPORT,356,422,505,447,149,25
IMG_023,4,1,Prices,180,571,287,597,107,26
IMG_023,4,2,remained,305,571,469,597,164,26
IMG_023,4,3,steady,487,571,600,604,113,33
IMG_023,4,4,this,618,571,682,597,64,26
IMG_023,4,5,"week,",700,571,801,601,101,30
IMG_023,4,6,with,819,571,895,597,76,26
IMG_023,4,7,merchants,913,571,1096,597,183,26
IMG_023,4,8,reporting,1114,571,1277,604,163,33
IMG_023,4,9,good,1295,571,1379,604,84,33
IMG_023,4,10,trade.,1397,571,1500,597,103,26
IMG_023,5,1,A,179,722,205,747,26,25
IMG_023,5,2,meeting,223,721,364,754,141,33
IMG_023,5,3,was,382,729,449,747,67,18
IMG_023,5,4,held,467,721,542,747,75,26
IMG_023,5,5,at,560,724,594,747,34,23
IMG_023,5,6,the,612,721,668,747,56,26
IMG_023,5,7,town,686,724,771,747,85,23
IMG_023,5,8,hall,789,721,853,747,64,26
IMG_023,5,9,concerning,871,721,1064,754,193,33
IMG_023,5,10,the,1082,721,1138,747,56,26
IMG_023,5,11,new,1156,729,1227,747,71,18
IMG_023,5,12,railway,1245,721,1373,754,128,33
IMG_023,5,13,service.,1391,721,1525,747,134,26
IMG_023,6,1,Weather:,180,871,336,897,156,26
IMG_023,6,2,light,354,871,433,904,79,33
IMG_023,6,3,rain,451,871,520,897,69,26
IMG_023,6,4,in,538,871,571,897,33,26
IMG_023,6,5,the,589,871,645,897,56,26
IMG_023,6,6,"morning,",663,871,819,904,156,33
IMG_023,6,7,clearing,837,871,978,904,141,33
IMG_023,6,8,by,996,871,1038,904,42,33
IMG_023,6,9,afternoon.,1056,871,1234,897,178,26
IMG_023,7,1,Document,172,2205,305,2242,133,37
IMG_023,7,2,ID:,321,2205,370,2242,49,37
IMG_023,7,3,IMG_023,386,2205,500,2242,114,37
IMG_024,1,1,THE,390,155,516,205,126,50
IMG_024,1,2,COUNTY,558,155,811,205,253,50
IMG_024,1,3,HERALD,853,155,1106,205,253,50
IMG_024,1,4,—,1148,155,1190,205,42,50
IMG_024,1,5,1906,1232,155,1400,205,168,50
IMG_024,2,1,LOCAL,180,272,304,297,124,25
IMG_024,2,2,NEWS,322,272,435,297,113,25
IMG_024,2,3,FROM,453,272,565,297,112,25
IMG_024,2,4,KENT,583,272,686,297,103,25
IMG_024,3,1,MARKET,180,422,338,447,158,25
IMG_024,3,2,REPORT,356,422,505,447,149,25
IMG_024,4,1,Prices,180,571,287,597,107,26
IMG_024,4,2,remained,305,571,469,597,164,26
IMG_024,4,3,steady,487,571,600,604,113,33
IMG_024,4,4,this,618,571,682,597,64,26
IMG_024,4,5,"week,",700,571,801,601,101,30
IMG_024,4,6,with,819,571,895,597,76,26
IMG_024,4,7,merchants,913,571,1096,597,183,26
IMG_024,4,8,reporting,1114,571,1277,604,163,33
IMG_024,4,9,good,1295,571,1379,604,84,33
IMG_024,4,10,trade.,1397,571,1500,597,103,26
IMG_024,5,1,A,179,722,205,747,26,25
IMG_024,5,2,meeting,223,721,364,754,141,33
IMG_024,5,3,was,382,729,449,747,67,18
IMG_024,5,4,held,467,721,542,747,75,26
IMG_024,5,5,at,560,724,594,747,34,23
IMG_024,5,6,the,612,721,668,747,56,26
IMG_024,5,7,town,686,724,771,747,85,23
IMG_024,5,8,hall,789,721,853,747,64,26
IMG_024,5,9,concerning,871,721,1064,754,193,33
IMG_024,5,10,the,1082,721,1138,747,56,26
IMG_024,5,11,new,1156,729,1227,747,71,18
IMG_024,5,12,railway,1245,721,1373,754,128,33
IMG_024,5,13,service.,1391,721,1525,747,134,26
IMG_024,6,1,Weather:,180,871,336,897,156,26
IMG_024,6,2,light,354,871,433,904,79,33
IMG_024,6,3,rain,451,871,520,897,69,26
IMG_024,6,4,in,538,871,571,897,33,26
IMG_024,6,5,the,589,871,645,897,56,26
IMG_024,6,6,"morning,",663,871,819,904,156,33
IMG_024,6,7,clearing,837,871,978,904,141,33
IMG_024,6,8,by,996,871,1038,904,42,33
IMG_024,6,9,afternoon.,1056,871,1234,897,178,26
IMG_024,7,1,Document,172,2205,305,2242,133,37
IMG_024,7,2,ID:,321,2205,370,2242,49,37
IMG_024,7,3,IMG_024,386,2205,500,2242,114,37
IMG_025,1,1,THE,390,155,516,205,126,50
IMG_025,1,2,COUNTY,558,155,811,205,253,50
IMG_025,1,3,HERALD,853,155,1106,205,253,50
IMG_025,1,4,—,1148,155,1190,205,42,50
IMG_025,1,5,1902,1232,155,1400,205,168,50
IMG_025,2,1,LOCAL,180,272,304,297,124,25
IMG_025,2,2,NEWS,322,272,435,297,113,25
IMG_025,2,3,FROM,453,272,565,297,112,25
IMG_025,2,4,BRISTOL,583,272,743,297,160,25
IMG_025,3,1,MARKET,180,422,338,447,158,25
IMG_025,3,2,REPORT,356,422,505,447,149,25
IMG_025,4,1,Prices,180,571,287,597,107,26
IMG_025,4,2,remained,305,571,469,597,164,26
IMG_025,4,3,steady,487,571,600,604,113,33
IMG_025,4,4,this,618,571,682,597,64,26
IMG_025,4,5,"week,",700,571,801,601,101,30
IMG_025,4,6,with,819,571,895,597,76,26
IMG_025,4,7,merchants,913,571,1096,597,183,26
IMG_025,4,8,reporting,1114,571,1277,604,163,33
IMG_025,4,9,good,1295,571,1379,604,84,33
IMG_025,4,10,trade.,1397,571,1500,597,103,26
IMG_025,5,1,A,179,722,205,747,26,25
IMG_025,5,2,meeting,223,721,364,754,141,33
IMG_025,5,3,was,382,729,449,747,67,18
IMG_025,5,4,held,467,721,542,747,75,26
IMG_025,5,5,at,560,724,594,747,34,23
IMG_025,5,6,the,612,721,668,747,56,26
IMG_025,5,7,town,686,724,771,747,85,23
IMG_025,5,8,hall,789,721,853,747,64,26
IMG_025,5,9,concerning,871,721,1064,754,193,33
IMG_025,5,10,the,1082,721,1138,747,56,26
IMG_025,5,11,new,1156,729,1227,747,71,18
IMG_025,5,12,railway,1245,721,1373,754,128,33
IMG_025,5,13,service.,1391,721,1525,747,134,26
IMG_025,6,1,Weather:,180,871,336,897,156,26
IMG_025,6,2,light,354,871,433,904,79,33
IMG_025,6,3,rain,451,871,520,897,69,26
IMG_025,6,4,in,538,871,571,897,33,26
IMG_025,6,5,the,589,871,645,897,56,26
IMG_025,6,6,"morning,",663,871,819,904,156,33
IMG_025,6,7,clearing,837,871,978,904,141,33
IMG_025,6,8,by,996,871,1038,904,42,33
IMG_025,6,9,afternoon.,1056,871,1234,897,178,26
IMG_025,7,1,Document,172,2205,305,2242,133,37
IMG_025,7,2,ID:,321,2205,370,2242,49,37
IMG_025,7,3,IMG_025,386,2205,500,2242,114,37
IMG_026,1,1,THE,390,155,516,205,126,50
IMG_026,1,2,COUNTY,558,155,811,205,253,50
IMG_026,1,3,HERALD,853,155,1106,205,253,50
IMG_026,1,4,—,1148,155,1190,205,42,50
IMG_026,1,5,1881,1232,155,1400,205,168,50
IMG_026,2,1,LOCAL,180,272,304,297,124,25
IMG_026,2,2,NEWS,322,272,435,297,113,25
IMG_026,2,3,FROM,453,272,565,297,112,25
IMG_026,2,4,LONDON,583,272,748,297,165,25
IMG_026,3,1,MARKET,180,422,338,447,158,25
IMG_026,3,2,REPORT,356,422,505,447,149,25
IMG_026,4,1,Prices,180,571,287,597,107,26
IMG_026,4,2,remained,305,571,469,597,164,26
IMG_026,4,3,steady,487,571,600,604,113,33
IMG_026,4,4,this,618,571,682,597,64,26
IMG_026,4,5,"week,",700,571,801,601,101,30
IMG_026,4,6,with,819,571,895,597,76,26
IMG_026,4,7,merchants,913,571,1096,597,183,26
IMG_026,4,8,reporting,1114,571,1277,604,163,33
IMG_026,4,9,good,1295,571,1379,604,84,33
IMG_026,4,10,trade.,1397,571,1500,597,103,26
IMG_026,5,1,A,179,722,205,747,26,25
IMG_026,5,2,meeting,223,721,364,754,141,33
IMG_026,5,3,was,382,729,449,747,67,18
IMG_026,5,4,held,467,721,542,747,75,26
IMG_026,5,5,at,560,724,594,747,34,23
IMG_026,5,6,the,612,721,668,747,56,26
IMG_026,5,7,town,686,724,771,747,85,23
IMG_026,5,8,hall,789,721,853,747,64,26
IMG_026,5,9,concerning,871,721,1064,754,193,33
IMG_026,5,10,the,1082,721,1138,747,56,26
IMG_026,5,11,new,1156,729,1227,747,71,18
IMG_026,5,12,railway,1245,721,1373,754,128,33
IMG_026,5,13,service.,1391,721,1525,747,134,26
IMG_026,6,1,Weather:,180,871,336,897,156,26
IMG_026,6,2,light,354,871,433,904,79,33
IMG_026,6,3,rain,451,871,520,897,69,26
IMG_026,6,4,in,538,871,571,897,33,26
IMG_026,6,5,the,589,871,645,897,56,26
IMG_026,6,6,"morning,",663,871,819,904,156,33
IMG_026,6,7,clearing,837,871,978,904,141,33
IMG_026,6,8,by,996,871,1038,904,42,33
IMG_026,6,9,afternoon.,1056,871,1234,897,178,26
IMG_026,7,1,Document,172,2205,305,2242,133,37
IMG_026,7,2,ID:,321,2205,370,2242,49,37
IMG_026,7,3,IMG_026,386,2205,500,2242,114,37
IMG_027,1,1,THE,390,155,516,205,126,50
IMG_027,1,2,COUNTY,558,155,811,205,253,50
IMG_027,1,3,HERALD,853,155,1106,205,253,50
IMG_027,1,4,—,1148,155,1190,205,42,50
IMG_027,1,5,1887,1232,155,1400,205,168,50
IMG_027,2,1,LOCAL,180,272,304,297,124,25
IMG_027,2,2,NEWS,322,272,435,297,113,25
IMG_027,2,3,FROM,453,272,565,297,112,25
IMG_027,2,4,DEVON,583,272,717,297,134,25
IMG_027,3,1,MARKET,180,422,338,447,158,25
IMG_027,3,2,REPORT,356,422,505,447,149,25
IMG_027,4,1,Prices,180,571,287,597,107,26
IMG_027,4,2,remained,305,571,469,597,164,26
IMG_027,4,3,steady,487,571,600,604,113,33
IMG_027,4,4,this,618,571,682,597,64,26
IMG_027,4,5,"week,",700,571,801,601,101,30
IMG_027,4,6,with,819,571,895,597,76,26
IMG_027,4,7,merchants,913,571,1096,597,183,26
IMG_027,4,8,reporting,1114,571,1277,604,163,33
IMG_027,4,9,good,1295,571,1379,604,84,33
IMG_027,4,10,trade.,1397,571,1500,597,103,26
IMG_027,5,1,A,179,722,205,747,26,25
IMG_027,5,2,meeting,223,721,364,754,141,33
IMG_027,5,3,was,382,729,449,747,67,18
IMG_027,5,4,held,467,721,542,747,75,26
IMG_027,5,5,at,560,724,594,747,34,23
IMG_027,5,6,the,612,721,668,747,56,26
IMG_027,5,7,town,686,724,771,747,85,23
IMG_027,5,8,hall,789,721,853,747,64,26
IMG_027,5,9,concerning,871,721,1064,754,193,33
IMG_027,5,10,the,1082,721,1138,747,56,26
IMG_027,5,11,new,1156,729,1227,747,71,18
IMG_027,5,12,railway,1245,721,1373,754,128,33
IMG_027,5,13,service.,1391,721,1525,747,134,26
IMG_027,6,1,Weather:,180,871,336,897,156,26
IMG_027,6,2,light,354,871,433,904,79,33
IMG_027,6,3,rain,451,871,520,897,69,26
IMG_027,6,4,in,538,871,571,897,33,26
IMG_027,6,5,the,589,871,645,897,56,26
IMG_027,6,6,"morning,",663,871,819,904,156,33
IMG_027,6,7,clearing,837,871,978,904,141,33
IMG_027,6,8,by,996,871,1038,904,42,33
IMG_027,6,9,afternoon.,1056,871,1234,897,178,26
IMG_027,7,1,Document,172,2205,305,2242,133,37
IMG_027,7,2,ID:,321,2205,370,2242,49,37
IMG_027,7,3,IMG_027,386,2205,500,2242,114,37
IMG_028,1,1,THE,390,155,516,205,126,50
IMG_028,1,2,COUNTY,558,155,811,205,253,50
IMG_028,1,3,HERALD,853,155,1106,205,253,50
IMG_028,1,4,—,1148,155,1190,205,42,50
IMG_028,1,5,1922,1232,155,1400,205,168,50
IMG_028,2,1,LOCAL,180,272,304,297,124,25
IMG_028,2,2,NEWS,322,272,435,297,113,25
IMG_028,2,3,FROM,453,272,565,297,112,25
IMG_028,2,4,YORKSHIRE,582,272,801,297,219,25
IMG_028,3,1,MARKET,180,422,338,447,158,25
IMG_028,3,2,REPORT,356,422,505,447,149,25
IMG_028,4,1,Prices,180,571,287,597,107,26
IMG_028,4,2,remained,305,571,469,597,164,26
IMG_028,4,3,steady,487,571,600,604,113,33
IMG_028,4,4,this,618,571,682,597,64,26
IMG_028,4,5,"week,",700,571,801,601,101,30
IMG_028,4,6,with,819,571,895,597,76,26
IMG_028,4,7,merchants,913,571,1096,597,183,26
IMG_028,4,8,reporting,1114,571,1277,604,163,33
IMG_028,4,9,good,1295,571,1379,604,84,33
IMG_028,4,10,trade.,1397,571,1500,597,103,26
IMG_028,5,1,A,179,722,205,747,26,25
IMG_028,5,2,meeting,223,721,364,754,141,33
IMG_028,5,3,was,382,729,449,747,67,18
IMG_028,5,4,held,467,721,542,747,75,26
IMG_028,5,5,at,560,724,594,747,34,23
IMG_028,5,6,the,612,721,668,747,56,26
IMG_028,5,7,town,686,724,771,747,85,23
IMG_028,5,8,hall,789,721,853,747,64,26
IMG_028,5,9,concerning,871,721,1064,754,193,33
IMG_028,5,10,the,1082,721,1138,747,56,26
IMG_028,5,11,new,1156,729,1227,747,71,18
IMG_028,5,12,railway,1245,721,1373,754,128,33
IMG_028,5,13,service.,1391,721,1525,747,134,26
IMG_028,6,1,Weather:,180,871,336,897,156,26
IMG_028,6,2,light,354,871,433,904,79,33
IMG_028,6,3,rain,451,871,520,897,69,26
IMG_028,6,4,in,538,871,571,897,33,26
IMG_028,6,5,the,589,871,645,897,56,26
IMG_028,6,6,"morning,",663,871,819,904,156,33
IMG_028,6,7,clearing,837,871,978,904,141,33
IMG_028,6,8,by,996,871,1038,904,42,33
IMG_028,6,9,afternoon.,1056,871,1234,897,178,26
IMG_028,7,1,Document,172,2205,305,2242,133,37
IMG_028,7,2,ID:,321,2205,370,2242,49,37
IMG_028,7,3,IMG_028,386,2205,500,2242,114,37
IMG_029,1,1,THE,390,155,516,205,126,50
IMG_029,1,2,COUNTY,558,155,811,205,253,50
IMG_029,1,3,HERALD,853,155,1106,205,253,50
IMG_029,1,4,—,1148,155,1190,205,42,50
IMG_029,1,5,1906,1232,155,1400,205,168,50
IMG_029,2,1,LOCAL,180,272,304,297,124,25
IMG_029,2,2,NEWS,322,272,435,297,113,25
IMG_029,2,3,FROM,453,272,565,297,112,25
IMG_029,2,4,NORFOLK,583,272,766,297,183,25
IMG_029,3,1,MARKET,180,422,338,447,158,25
IMG_029,3,2,REPORT,356,422,505,447,149,25
IMG_029,4,1,Prices,180,571,287,597,107,26
IMG_029,4,2,remained,305,571,469,597,164,26
IMG_029,4,3,steady,487,571,600,604,113,33
IMG_029,4,4,this,618,571,682,597,64,26
IMG_029,4,5,"week,",700,571,801,601,101,30
IMG_029,4,6,with,819,571,895,597,76,26
IMG_029,4,7,merchants,913,571,1096,597,183,26
IMG_029,4,8,reporting,1114,571,1277,604,163,33
IMG_029,4,9,good,1295,571,1379,604,84,33
IMG_029,4,10,trade.,1397,571,1500,597,103,26
IMG_029,5,1,A,179,722,205,747,26,25
IMG_029,5,2,meeting,223,721,364,754,141,33
IMG_029,5,3,was,382,729,449,747,67,18
IMG_029,5,4,held,467,721,542,747,75,26
IMG_029,5,5,at,560,724,594,747,34,23
IMG_029,5,6,the,612,721,668,747,56,26
IMG_029,5,7,town,686,724,771,747,85,23
IMG_029,5,8,hall,789,721,853,747,64,26
IMG_029,5,9,concerning,871,721,1064,754,193,33
IMG_029,5,10,the,1082,721,1138,747,56,26
IMG_029,5,11,new,1156,729,1227,747,71,18
IMG_029,5,12,railway,1245,721,1373,754,128,33
IMG_029,5,13,service.,1391,721,1525,747,134,26
IMG_029,6,1,Weather:,180,871,336,897,156,26
IMG_029,6,2,light,354,871,433,904,79,33
IMG_029,6,3,rain,451,871,520,897,69,26
IMG_029,6,4,in,538,871,571,897,33,26
IMG_029,6,5,the,589,871,645,897,56,26
IMG_029,6,6,"morning,",663,871,819,904,156,33
IMG_029,6,7,clearing,837,871,978,904,141,33
IMG_029,6,8,by,996,871,1038,904,42,33
IMG_029,6,9,afternoon.,1056,871,1234,897,178,26
IMG_029,7,1,Document,172,2205,305,2242,133,37
IMG_029,7,2,ID:,321,2205,370,2242,49,37
IMG_029,7,3,IMG_029,386,2205,500,2242,114,37
IMG_030,1,1,THE,390,155,516,205,126,50
IMG_030,1,2,COUNTY,558,155,811,205,253,50
IMG_030,1,3,HERALD,853,155,1106,205,253,50
IMG_030,1,4,—,1148,155,1190,205,42,50
IMG_030,1,5,1921,1232,155,1400,205,168,50
IMG_030,2,1,LOCAL,180,272,304,297,124,25
IMG_030,2,2,NEWS,322,272,435,297,113,25
IMG_030,2,3,FROM,453,272,565,297,112,25
IMG_030,2,4,LANCASHIRE,583,272,827,297,244,25
IMG_030,3,1,MARKET,180,422,338,447,158,25
IMG_030,3,2,REPORT,356,422,505,447,149,25
IMG_030,4,1,Prices,180,571,287,597,107,26
IMG_030,4,2,remained,305,571,469,597,164,26
IMG_030,4,3,steady,487,571,600,604,113,33
IMG_030,4,4,this,618,571,682,597,64,26
IMG_030,4,5,"week,",700,571,801,601,101,30
IMG_030,4,6,with,819,571,895,597,76,26
IMG_030,4,7,merchants,913,571,1096,597,183,26
IMG_030,4,8,reporting,1114,571,1277,604,163,33
IMG_030,4,9,good,1295,571,1379,604,84,33
IMG_030,4,10,trade.,1397,571,1500,597,103,26
IMG_030,5,1,A,179,722,205,747,26,25
IMG_030,5,2,meeting,223,721,364,754,141,33
IMG_030,5,3,was,382,729,449,747,67,18
IMG_030,5,4,held,467,721,542,747,75,26
IMG_030,5,5,at,560,724,594,747,34,23
IMG_030,5,6,the,612,721,668,747,56,26
IMG_030,5,7,town,686,724,771,747,85,23
IMG_030,5,8,hall,789,721,853,747,64,26
IMG_030,5,9,concerning,871,721,1064,754,193,33
IMG_030,5,10,the,1082,721,1138,747,56,26
IMG_030,5,11,new,1156,729,1227,747,71,18
IMG_030,5,12,railway,1245,721,1373,754,128,33
IMG_030,5,13,service.,1391,721,1525,747,134,26
IMG_030,6,1,Weather:,180,871,336,897,156,26
IMG_030,6,2,light,354,871,433,904,79,33
IMG_030,6,3,rain,451,871,520,897,69,26
IMG_030,6,4,in,538,871,571,897,33,26
IMG_030,6,5,the,589,871,645,897,56,26
IMG_030,6,6,"morning,",663,871,819,904,156,33
IMG_030,6,7,clearing,837,871,978,904,141,33
IMG_030,6,8,by,996,871,1038,904,42,33
IMG_030,6,9,afternoon.,1056,871,1234,897,178,26
IMG_030,7,1,Document,172,2205,305,2242,133,37
IMG_030,7,2,ID:,321,2205,370,2242,49,37
IMG_030,7,3,IMG_030,386,2205,500,2242,114,37
IMG_031,1,1,THE,390,155,516,205,126,50
IMG_031,1,2,COUNTY,558,155,811,205,253,50
IMG_031,1,3,HERALD,853,155,1106,205,253,50
IMG_031,1,4,—,1148,155,1190,205,42,50
IMG_031,1,5,1923,1232,155,1400,205,168,50
IMG_031,2,1,LOCAL,180,272,304,297,124,25
IMG_031,2,2,NEWS,322,272,435,297,113,25
IMG_031,2,3,FROM,453,272,565,297,112,25
IMG_031,2,4,MANCHESTER,583,272,850,297,267,25
IMG_031,3,1,MARKET,180,422,338,447,158,25
IMG_031,3,2,REPORT,356,422,505,447,149,25
IMG_031,4,1,Prices,180,571,287,597,107,26
IMG_031,4,2,remained,305,571,469,597,164,26
IMG_031,4,3,steady,487,571,600,604,113,33
IMG_031,4,4,this,618,571,682,597,64,26
IMG_031,4,5,"week,",700,571,801,601,101,30
IMG_031,4,6,with,819,571,895,597,76,26
IMG_031,4,7,merchants,913,571,1096,597,183,26
IMG_031,4,8,reporting,1114,571,1277,604,163,33
IMG_031,4,9,good,1295,571,1379,604,84,33
IMG_031,4,10,trade.,1397,571,1500,597,103,26
IMG_031,5,1,A,179,722,205,747,26,25
IMG_031,5,2,meeting,223,721,364,754,141,33
IMG_031,5,3,was,382,729,449,747,67,18
IMG_031,5,4,held,467,721,542,747,75,26
IMG_031,5,5,at,560,724,594,747,34,23
IMG_031,5,6,the,612,721,668,747,56,26
IMG_031,5,7,town,686,724,771,747,85,23
IMG_031,5,8,hall,789,721,853,747,64,26
IMG_031,5,9,concerning,871,721,1064,754,193,33
IMG_031,5,10,the,1082,721,1138,747,56,26
IMG_031,5,11,new,1156,729,1227,747,71,18
IMG_031,5,12,railway,1245,721,1373,754,128,33
IMG_031,5,13,service.,1391,721,1525,747,134,26
IMG_031,6,1,Weather:,180,871,336,897,156,26
IMG_031,6,2,light,354,871,433,904,79,33
IMG_031,6,3,rain,451,871,520,897,69,26
IMG_031,6,4,in,538,871,571,897,33,26
IMG_031,6,5,the,589,871,645,897,56,26
IMG_031,6,6,"morning,",663,871,819,904,156,33
IMG_031,6,7,clearing,837,871,978,904,141,33
IMG_031,6,8,by,996,871,1038,904,42,33
IMG_031,6,9,afternoon.,1056,871,1234,897,178,26
IMG_031,7,1,Document,172,2205,305,2242,133,37
IMG_031,7,2,ID:,321,2205,370,2242,49,37
IMG_031,7,3,IMG_031,386,2205,500,2242,114,37
IMG_032,1,1,THE,390,155,516,205,126,50
IMG_032,1,2,COUNTY,558,155,811,205,253,50
IMG_032,1,3,HERALD,853,155,1106,205,253,50
IMG_032,1,4,—,1148,155,1190,205,42,50
IMG_032,1,5,1911,1232,155,1400,205,168,50
IMG_032,2,1,LOCAL,180,272,304,297,124,25
IMG_032,2,2,NEWS,322,272,435,297,113,25
IMG_032,2,3,FROM,453,272,565,297,112,25
IMG_032,2,4,DURHAM,583,272,754,297,171,25
IMG_032,3,1,MARKET,180,422,338,447,158,25
IMG_032,3,2,REPORT,356,422,505,447,149,25
IMG_032,4,1,Prices,180,571,287,597,107,26
IMG_032,4,2,remained,305,571,469,597,164,26
IMG_032,4,3,steady,487,571,600,604,113,33
IMG_032,4,4,this,618,571,682,597,64,26
IMG_032,4,5,"week,",700,571,801,601,101,30
IMG_032,4,6,with,819,571,895,597,76,26
IMG_032,4,7,merchants,913,571,1096,597,183,26
IMG_032,4,8,reporting,1114,571,1277,604,163,33
IMG_032,4,9,good,1295,571,1379,604,84,33
IMG_032,4,10,trade.,1397,571,1500,597,103,26
IMG_032,5,1,A,179,722,205,747,26,25
IMG_032,5,2,meeting,223,721,364,754,141,33
IMG_032,5,3,was,382,729,449,747,67,18
IMG_032,5,4,held,467,721,542,747,75,26
IMG_032,5,5,at,560,724,594,747,34,23
IMG_032,5,6,the,612,721,668,747,56,26
IMG_032,5,7,town,686,724,771,747,85,23
IMG_032,5,8,hall,789,721,853,747,64,26
IMG_032,5,9,concerning,871,721,1064,754,193,33
IMG_032,5,10,the,1082,721,1138,747,56,26
IMG_032,5,11,new,1156,729,1227,747,71,18
IMG_032,5,12,railway,1245,721,1373,754,128,33
IMG_032,5,13,service.,1391,721,1525,747,134,26
IMG_032,6,1,Weather:,180,871,336,897,156,26
IMG_032,6,2,light,354,871,433,904,79,33
IMG_032,6,3,rain,451,871,520,897,69,26
IMG_032,6,4,in,538,871,571,897,33,26
IMG_032,6,5,the,589,871,645,897,56,26
IMG_032,6,6,"morning,",663,871,819,904,156,33
IMG_032,6,7,clearing,837,871,978,904,141,33
IMG_032,6,8,by,996,871,1038,904,42,33
IMG_032,6,9,afternoon.,1056,871,1234,897,178,26
IMG_032,7,1,Document,172,2205,305,2242,133,37
IMG_032,7,2,ID:,321,2205,370,2242,49,37
IMG_032,7,3,IMG_032,386,2205,500,2242,114,37
IMG_033,1,1,THE,390,155,516,205,126,50
IMG_033,1,2,COUNTY,558,155,811,205,253,50
IMG_033,1,3,HERALD,853,155,1106,205,253,50
IMG_033,1,4,—,1148,155,1190,205,42,50
IMG_033,1,5,1909,1232,155,1400,205,168,50
IMG_033,2,1,LOCAL,180,272,304,297,124,25
IMG_033,2,2,NEWS,322,272,435,297,113,25
IMG_033,2,3,FROM,453,272,565,297,112,25
IMG_033,2,4,LEEDS,583,272,706,297,123,25
IMG_033,3,1,MARKET,180,422,338,447,158,25
IMG_033,3,2,REPORT,356,422,505,447,149,25
IMG_033,4,1,Prices,180,571,287,597,107,26
IMG_033,4,2,remained,305,571,469,597,164,26
IMG_033,4,3,steady,487,571,600,604,113,33
IMG_033,4,4,this,618,571,682,597,64,26
IMG_033,4,5,"week,",700,571,801,601,101,30
IMG_033,4,6,with,819,571,895,597,76,26
IMG_033,4,7,merchants,913,571,1096,597,183,26
IMG_033,4,8,reporting,1114,571,1277,604,163,33
IMG_033,4,9,good,1295,571,1379,604,84,33
IMG_033,4,10,trade.,1397,571,1500,597,103,26
IMG_033,5,1,A,179,722,205,747,26,25
IMG_033,5,2,meeting,223,721,364,754,141,33
IMG_033,5,3,was,382,729,449,747,67,18
IMG_033,5,4,held,467,721,542,747,75,26
IMG_033,5,5,at,560,724,594,747,34,23
IMG_033,5,6,the,612,721,668,747,56,26
IMG_033,5,7,town,686,724,771,747,85,23
IMG_033,5,8,hall,789,721,853,747,64,26
IMG_033,5,9,concerning,871,721,1064,754,193,33
IMG_033,5,10,the,1082,721,1138,747,56,26
IMG_033,5,11,new,1156,729,1227,747,71,18
IMG_033,5,12,railway,1245,721,1373,754,128,33
IMG_033,5,13,service.,1391,721,1525,747,134,26
IMG_033,6,1,Weather:,180,871,336,897,156,26
IMG_033,6,2,light,354,871,433,904,79,33
IMG_033,6,3,rain,451,871,520,897,69,26
IMG_033,6,4,in,538,871,571,897,33,26
IMG_033,6,5,the,589,871,645,897,56,26
IMG_033,6,6,"morning,",663,871,819,904,156,33
IMG_033,6,7,clearing,837,871,978,904,141,33
IMG_033,6,8,by,996,871,1038,904,42,33
IMG_033,6,9,afternoon.,1056,871,1234,897,178,26
IMG_033,7,1,Document,172,2205,305,2242,133,37
IMG_033,7,2,ID:,321,2205,370,2242,49,37
IMG_033,7,3,IMG_033,386,2205,500,2242,114,37
IMG_034,1,1,THE,390,155,516,205,126,50
IMG_034,1,2,COUNTY,558,155,811,205,253,50
IMG_034,1,3,HERALD,853,155,1106,205,253,50
IMG_034,1,4,—,1148,155,1190,205,42,50
IMG_034,1,5,1908,1232,155,1400,205,168,50
IMG_034,2,1,LOCAL,180,272,304,297,124,25
IMG_034,2,2,NEWS,322,272,435,297,113,25
IMG_034,2,3,FROM,453,272,565,297,112,25
IMG_034,2,4,DEVON,583,272,717,297,134,25
IMG_034,3,1,MARKET,180,422,338,447,158,25
IMG_034,3,2,REPORT,356,422,505,447,149,25
IMG_034,4,1,Prices,180,571,287,597,107,26
IMG_034,4,2,remained,305,571,469,597,164,26
IMG_034,4,3,steady,487,571,600,604,113,33
IMG_034,4,4,this,618,571,682,597,64,26
IMG_034,4,5,"week,",700,571,801,601,101,30
IMG_034,4,6,with,819,571,895,597,76,26
IMG_034,4,7,merchants,913,571,1096,597,183,26
IMG_034,4,8,reporting,1114,571,1277,604,163,33
IMG_034,4,9,good,1295,571,1379,604,84,33
IMG_034,4,10,trade.,1397,571,1500,597,103,26
IMG_034,5,1,A,179,722,205,747,26,25
IMG_034,5,2,meeting,223,721,364,754,141,33
IMG_034,5,3,was,382,729,449,747,67,18
IMG_034,5,4,held,467,721,542,747,75,26
IMG_034,5,5,at,560,724,594,747,34,23
IMG_034,5,6,the,612,721,668,747,56,26
IMG_034,5,7,town,686,724,771,747,85,23
IMG_034,5,8,hall,789,721,853,747,64,26
IMG_034,5,9,concerning,871,721,1064,754,193,33
IMG_034,5,10,the,1082,721,1138,747,56,26
IMG_034,5,11,new,1156,729,1227,747,71,18
IMG_034,5,12,railway,1245,721,1373,754,128,33
IMG_034,5,13,service.,1391,721,1525,747,134,26
IMG_034,6,1,Weather:,180,871,336,897,156,26
IMG_034,6,2,light,354,871,433,904,79,33
IMG_034,6,3,rain,451,871,520,897,69,26
IMG_034,6,4,in,538,871,571,897,33,26
IMG_034,6,5,the,589,871,645,897,56,26
IMG_034,6,6,"morning,",663,871,819,904,156,33
IMG_034,6,7,clearing,837,871,978,904,141,33
IMG_034,6,8,by,996,871,1038,904,42,33
IMG_034,6,9,afternoon.,1056,871,1234,897,178,26
IMG_034,7,1,Document,172,2205,305,2242,133,37
IMG_034,7,2,ID:,321,2205,370,2242,49,37
IMG_034,7,3,IMG_034,386,2205,500,2242,114,37
IMG_035,1,1,THE,390,155,516,205,126,50
IMG_035,1,2,COUNTY,558,155,811,205,253,50
IMG_035,1,3,HERALD,853,155,1106,205,253,50
IMG_035,1,4,—,1148,155,1190,205,42,50
IMG_035,1,5,1900,1232,155,1400,205,168,50
IMG_035,2,1,LOCAL,180,272,304,297,124,25
IMG_035,2,2,NEWS,322,272,435,297,113,25
IMG_035,2,3,FROM,453,272,565,297,112,25
IMG_035,2,4,LONDON,583,272,748,297,165,25
IMG_035,3,1,MARKET,180,422,338,447,158,25
IMG_035,3,2,REPORT,356,422,505,447,149,25
IMG_035,4,1,Prices,180,571,287,597,107,26
IMG_035,4,2,remained,305,571,469,597,164,26
IMG_035,4,3,steady,487,571,600,604,113,33
IMG_035,4,4,this,618,571,682,597,64,26
IMG_035,4,5,"week,",700,571,801,601,101,30
IMG_035,4,6,with,819,571,895,597,76,26
IMG_035,4,7,merchants,913,571,1096,597,183,26
IMG_035,4,8,reporting,1114,571,1277,604,163,33
IMG_035,4,9,good,1295,571,1379,604,84,33
IMG_035,4,10,trade.,1397,571,1500,597,103,26
IMG_035,5,1,A,179,722,205,747,26,25
IMG_035,5,2,meeting,223,721,364,754,141,33
IMG_035,5,3,was,382,729,449,747,67,18
IMG_035,5,4,held,467,721,542,747,75,26
IMG_035,5,5,at,560,724,594,747,34,23
IMG_035,5,6,the,612,721,668,747,56,26
IMG_035,5,7,town,686,724,771,747,85,23
IMG_035,5,8,hall,789,721,853,747,64,26
IMG_035,5,9,concerning,871,721,1064,754,193,33
IMG_035,5,10,the,1082,721,1138,747,56,26
IMG_035,5,11,new,1156,729,1227,747,71,18
IMG_035,5,12,railway,1245,721,1373,754,128,33
IMG_035,5,13,service.,1391,721,1525,747,134,26
IMG_035,6,1,Weather:,180,871,336,897,156,26
IMG_035,6,2,light,354,871,433,904,79,33
IMG_035,6,3,rain,451,871,520,897,69,26
IMG_035,6,4,in,538,871,571,897,33,26
IMG_035,6,5,the,589,871,645,897,56,26
IMG_035,6,6,"morning,",663,871,819,904,156,33
IMG_035,6,7,clearing,837,871,978,904,141,33
IMG_035,6,8,by,996,871,1038,904,42,33
IMG_035,6,9,afternoon.,1056,871,1234,897,178,26
IMG_035,7,1,Document,172,2205,305,2242,133,37
IMG_035,7,2,ID:,321,2205,370,2242,49,37
IMG_035,7,3,IMG_035,386,2205,500,2242,114,37
IMG_036,1,1,THE,390,155,516,205,126,50
IMG_036,1,2,COUNTY,558,155,811,205,253,50
IMG_036,1,3,HERALD,853,155,1106,205,253,50
IMG_036,1,4,—,1148,155,1190,205,42,50
IMG_036,1,5,1883,1232,155,1400,205,168,50
IMG_036,2,1,LOCAL,180,272,304,297,124,25
IMG_036,2,2,NEWS,322,272,435,297,113,25
IMG_036,2,3,FROM,453,272,565,297,112,25
IMG_036,2,4,LEEDS,583,272,706,297,123,25
IMG_036,3,1,MARKET,180,422,338,447,158,25
IMG_036,3,2,REPORT,356,422,505,447,149,25
IMG_036,4,1,Prices,180,571,287,597,107,26
IMG_036,4,2,remained,305,571,469,597,164,26
IMG_036,4,3,steady,487,571,600,604,113,33
IMG_036,4,4,this,618,571,682,597,64,26
IMG_036,4,5,"week,",700,571,801,601,101,30
IMG_036,4,6,with,819,571,895,597,76,26
IMG_036,4,7,merchants,913,571,1096,597,183,26
IMG_036,4,8,reporting,1114,571,1277,604,163,33
IMG_036,4,9,good,1295,571,1379,604,84,33
IMG_036,4,10,trade.,1397,571,1500,597,103,26
IMG_036,5,1,A,179,722,205,747,26,25
IMG_036,5,2,meeting,223,721,364,754,141,33
IMG_036,5,3,was,382,729,449,747,67,18
IMG_036,5,4,held,467,721,542,747,75,26
IMG_036,5,5,at,560,724,594,747,34,23
IMG_036,5,6,the,612,721,668,747,56,26
IMG_036,5,7,town,686,724,771,747,85,23
IMG_036,5,8,hall,789,721,853,747,64,26
IMG_036,5,9,concerning,871,721,1064,754,193,33
IMG_036,5,10,the,1082,721,1138,747,56,26
IMG_036,5,11,new,1156,729,1227,747,71,18
IMG_036,5,12,railway,1245,721,1373,754,128,33
IMG_036,5,13,service.,1391,721,1525,747,134,26
IMG_036,6,1,Weather:,180,871,336,897,156,26
IMG_036,6,2,light,354,871,433,904,79,33
IMG_036,6,3,rain,451,871,520,897,69,26
IMG_036,6,4,in,538,871,571,897,33,26
IMG_036,6,5,the,589,871,645,897,56,26
IMG_036,6,6,"morning,",663,871,819,904,156,33
IMG_036,6,7,clearing,837,871,978,904,141,33
IMG_036,6,8,by,996,871,1038,904,42,33
IMG_036,6,9,afternoon.,1056,871,1234,897,178,26
IMG_036,7,1,Document,172,2205,305,2242,133,37
IMG_036,7,2,ID:,321,2205,370,2242,49,37
IMG_036,7,3,IMG_036,386,2205,500,2242,114,37
IMG_037,1,1,THE,390,155,516,205,126,50
IMG_037,1,2,COUNTY,558,155,811,205,253,50
IMG_037,1,3,HERALD,853,155,1106,205,253,50
IMG_037,1,4,—,1148,155,1190,205,42,50
IMG_037,1,5,1927,1232,155,1400,205,168,50
IMG_037,2,1,LOCAL,180,272,304,297,124,25
IMG_037,2,2,NEWS,322,272,435,297,113,25
IMG_037,2,3,FROM,453,272,565,297,112,25
IMG_037,2,4,NORFOLK,583,272,766,297,183,25
IMG_037,3,1,MARKET,180,422,338,447,158,25
IMG_037,3,2,REPORT,356,422,505,447,149,25
IMG_037,4,1,Prices,180,571,287,597,107,26
IMG_037,4,2,remained,305,571,469,597,164,26
IMG_037,4,3,steady,487,571,600,604,113,33
IMG_037,4,4,this,618,571,682,597,64,26
IMG_037,4,5,"week,",700,571,801,601,101,30
IMG_037,4,6,with,819,571,895,597,76,26
IMG_037,4,7,merchants,913,571,1096,597,183,26
IMG_037,4,8,reporting,1114,571,1277,604,163,33
IMG_037,4,9,good,1295,571,1379,604,84,33
IMG_037,4,10,trade.,1397,571,1500,597,103,26
IMG_037,5,1,A,179,722,205,747,26,25
IMG_037,5,2,meeting,223,721,364,754,141,33
IMG_037,5,3,was,382,729,449,747,67,18
IMG_037,5,4,held,467,721,542,747,75,26
IMG_037,5,5,at,560,724,594,747,34,23
IMG_037,5,6,the,612,721,668,747,56,26
IMG_037,5,7,town,686,724,771,747,85,23
IMG_037,5,8,hall,789,721,853,747,64,26
IMG_037,5,9,concerning,871,721,1064,754,193,33
IMG_037,5,10,the,1082,721,1138,747,56,26
IMG_037,5,11,new,1156,729,1227,747,71,18
IMG_037,5,12,railway,1245,721,1373,754,128,33
IMG_037,5,13,service.,1391,721,1525,747,134,26
IMG_037,6,1,Weather:,180,871,336,897,156,26
IMG_037,6,2,light,354,871,433,904,79,33
IMG_037,6,3,rain,451,871,520,897,69,26
IMG_037,6,4,in,538,871,571,897,33,26
IMG_037,6,5,the,589,871,645,897,56,26
IMG_037,6,6,"morning,",663,871,819,904,156,33
IMG_037,6,7,clearing,837,871,978,904,141,33
IMG_037,6,8,by,996,871,1038,904,42,33
IMG_037,6,9,afternoon.,1056,871,1234,897,178,26
IMG_037,7,1,Document,172,2205,305,2242,133,37
IMG_037,7,2,ID:,321,2205,370,2242,49,37
IMG_037,7,3,IMG_037,386,2205,500,2242,114,37
IMG_038,1,1,THE,390,155,516,205,126,50
IMG_038,1,2,COUNTY,558,155,811,205,253,50
IMG_038,1,3,HERALD,853,155,1106,205,253,50
IMG_038,1,4,—,1148,155,1190,205,42,50
IMG_038,1,5,1888,1232,155,1400,205,168,50
IMG_038,2,1,LOCAL,180,272,304,297,124,25
IMG_038,2,2,NEWS,322,272,435,297,113,25
IMG_038,2,3,FROM,453,272,565,297,112,25
IMG_038,2,4,NORFOLK,583,272,766,297,183,25
IMG_038,3,1,MARKET,180,422,338,447,158,25
IMG_038,3,2,REPORT,356,422,505,447,149,25
IMG_038,4,1,Prices,180,571,287,597,107,26
IMG_038,4,2,remained,305,571,469,597,164,26
IMG_038,4,3,steady,487,571,600,604,113,33
IMG_038,4,4,this,618,571,682,597,64,26
IMG_038,4,5,"week,",700,571,801,601,101,30
IMG_038,4,6,with,819,571,895,597,76,26
IMG_038,4,7,merchants,913,571,1096,597,183,26
IMG_038,4,8,reporting,1114,571,1277,604,163,33
IMG_038,4,9,good,1295,571,1379,604,84,33
IMG_038,4,10,trade.,1397,571,1500,597,103,26
IMG_038,5,1,A,179,722,205,747,26,25
IMG_038,5,2,meeting,223,721,364,754,141,33
IMG_038,5,3,was,382,729,449,747,67,18
IMG_038,5,4,held,467,721,542,747,75,26
IMG_038,5,5,at,560,724,594,747,34,23
IMG_038,5,6,the,612,721,668,747,56,26
IMG_038,5,7,town,686,724,771,747,85,23
IMG_038,5,8,hall,789,721,853,747,64,26
IMG_038,5,9,concerning,871,721,1064,754,193,33
IMG_038,5,10,the,1082,721,1138,747,56,26
IMG_038,5,11,new,1156,729,1227,747,71,18
IMG_038,5,12,railway,1245,721,1373,754,128,33
IMG_038,5,13,service.,1391,721,1525,747,134,26
IMG_038,6,1,Weather:,180,871,336,897,156,26
IMG_038,6,2,light,354,871,433,904,79,33
IMG_038,6,3,rain,451,871,520,897,69,26
IMG_038,6,4,in,538,871,571,897,33,26
IMG_038,6,5,the,589,871,645,897,56,26
IMG_038,6,6,"morning,",663,871,819,904,156,33
IMG_038,6,7,clearing,837,871,978,904,141,33
IMG_038,6,8,by,996,871,1038,904,42,33
IMG_038,6,9,afternoon.,1056,871,1234,897,178,26
IMG_038,7,1,Document,172,2205,305,2242,133,37
IMG_038,7,2,ID:,321,2205,370,2242,49,37
IMG_038,7,3,IMG_038,386,2205,500,2242,114,37
IMG_039,1,1,THE,390,155,516,205,126,50
IMG_039,1,2,COUNTY,558,155,811,205,253,50
IMG_039,1,3,HERALD,853,155,1106,205,253,50
IMG_039,1,4,—,1148,155,1190,205,42,50
IMG_039,1,5,1904,1232,155,1400,205,168,50
IMG_039,2,1,LOCAL,180,272,304,297,124,25
IMG_039,2,2,NEWS,322,272,435,297,113,25
IMG_039,2,3,FROM,453,272,565,297,112,25
IMG_039,2,4,BRISTOL,583,272,743,297,160,25
IMG_039,3,1,MARKET,180,422,338,447,158,25
IMG_039,3,2,REPORT,356,422,505,447,149,25
IMG_039,4,1,Prices,180,571,287,597,107,26
IMG_039,4,2,remained,305,571,469,597,164,26
IMG_039,4,3,steady,487,571,600,604,113,33
IMG_039,4,4,this,618,571,682,597,64,26
IMG_039,4,5,"week,",700,571,801,601,101,30
IMG_039,4,6,with,819,571,895,597,76,26
IMG_039,4,7,merchants,913,571,1096,597,183,26
IMG_039,4,8,reporting,1114,571,1277,604,163,33
IMG_039,4,9,good,1295,571,1379,604,84,33
IMG_039,4,10,trade.,1397,571,1500,597,103,26
IMG_039,5,1,A,179,722,205,747,26,25
IMG_039,5,2,meeting,223,721,364,754,141,33
IMG_039,5,3,was,382,729,449,747,67,18
IMG_039,5,4,held,467,721,542,747,75,26
IMG_039,5,5,at,560,724,594,747,34,23
IMG_039,5,6,the,612,721,668,747,56,26
IMG_039,5,7,town,686,724,771,747,85,23
IMG_039,5,8,hall,789,721,853,747,64,26
IMG_039,5,9,concerning,871,721,1064,754,193,33
IMG_039,5,10,the,1082,721,1138,747,56,26
IMG_039,5,11,new,1156,729,1227,747,71,18
IMG_039,5,12,railway,1245,721,1373,754,128,33
IMG_039,5,13,service.,1391,721,1525,747,134,26
IMG_039,6,1,Weather:,180,871,336,897,156,26
IMG_039,6,2,light,354,871,433,904,79,33
IMG_039,6,3,rain,451,871,520,897,69,26
IMG_039,6,4,in,538,871,571,897,33,26
IMG_039,6,5,the,589,871,645,897,56,26
IMG_039,6,6,"morning,",663,871,819,904,156,33
IMG_039,6,7,clearing,837,871,978,904,141,33
IMG_039,6,8,by,996,871,1038,904,42,33
IMG_039,6,9,afternoon.,1056,871,1234,897,178,26
IMG_039,7,1,Document,172,2205,305,2242,133,37
IMG_039,7,2,ID:,321,2205,370,2242,49,37
IMG_039,7,3,IMG_039,386,2205,500,2242,114,37
IMG_040,1,1,THE,390,155,516,205,126,50
IMG_040,1,2,COUNTY,558,155,811,205,253,50
IMG_040,1,3,HERALD,853,155,1106,205,253,50
IMG_040,1,4,—,1148,155,1190,205,42,50
IMG_040,1,5,1883,1232,155,1400,205,168,50
IMG_040,2,1,LOCAL,180,272,304,297,124,25
IMG_040,2,2,NEWS,322,272,435,297,113,25
IMG_040,2,3,FROM,453,272,565,297,112,25
IMG_040,2,4,LONDON,583,272,748,297,165,25
IMG_040,3,1,MARKET,180,422,338,447,158,25
IMG_040,3,2,REPORT,356,422,505,447,149,25
IMG_040,4,1,Prices,180,571,287,597,107,26
IMG_040,4,2,remained,305,571,469,597,164,26
IMG_040,4,3,steady,487,571,600,604,113,33
IMG_040,4,4,this,618,571,682,597,64,26
IMG_040,4,5,"week,",700,571,801,601,101,30
IMG_040,4,6,with,819,571,895,597,76,26
IMG_040,4,7,merchants,913,571,1096,597,183,26
IMG_040,4,8,reporting,1114,571,1277,604,163,33
IMG_040,4,9,good,1295,571,1379,604,84,33
IMG_040,4,10,trade.,1397,571,1500,597,103,26
IMG_040,5,1,A,179,722,205,747,26,25
IMG_040,5,2,meeting,223,721,364,754,141,33
IMG_040,5,3,was,382,729,449,747,67,18
IMG_040,5,4,held,467,721,542,747,75,26
IMG_040,5,5,at,560,724,594,747,34,23
IMG_040,5,6,the,612,721,668,747,56,26
IMG_040,5,7,town,686,724,771,747,85,23
IMG_040,5,8,hall,789,721,853,747,64,26
IMG_040,5,9,concerning,871,721,1064,754,193,33
IMG_040,5,10,the,1082,721,1138,747,56,26
IMG_040,5,11,new,1156,729,1227,747,71,18
IMG_040,5,12,railway,1245,721,1373,754,128,33
IMG_040,5,13,service.,1391,721,1525,747,134,26
IMG_040,6,1,Weather:,180,871,336,897,156,26
IMG_040,6,2,light,354,871,433,904,79,33
IMG_040,6,3,rain,451,871,520,897,69,26
IMG_040,6,4,in,538,871,571,897,33,26
IMG_040,6,5,the,589,871,645,897,56,26
IMG_040,6,6,"morning,",663,871,819,904,156,33
IMG_040,6,7,clearing,837,871,978,904,141,33
IMG_040,6,8,by,996,871,1038,904,42,33
IMG_040,6,9,afternoon.,1056,871,1234,897,178,26
IMG_040,7,1,Document,172,2205,305,2242,133,37
IMG_040,7,2,ID:,321,2205,370,2242,49,37
IMG_040,7,3,IMG_040,386,2205,500,2242,114,37
IMG_041,1,1,MARRIAGE,532,160,876,202,344,42
IMG_041,1,2,REGISTER,919,160,1263,202,344,42
IMG_041,2,1,Parish:,180,271,300,297,120,26
IMG_041,2,2,Saint,318,271,408,297,90,26
IMG_041,2,3,John's,423,271,531,304,108,33
IMG_041,2,4,Parish,549,271,657,297,108,26
IMG_041,3,1,Date:,180,422,273,447,93,25
IMG_041,3,2,17,291,422,334,447,43,25
IMG_041,3,3,June,349,422,430,454,81,32
IMG_041,3,4,1895,448,422,535,447,87,25
IMG_041,4,1,Groom:,180,572,308,597,128,25
IMG_041,4,2,Eleanor,326,571,461,597,135,26
IMG_041,4,3,Smith,479,571,581,597,102,26
IMG_041,5,1,Bride:,180,721,285,747,105,26
IMG_041,5,2,Eleanor,303,721,438,747,135,26
IMG_041,5,3,Smith,456,721,558,747,102,26
IMG_041,6,1,Residence:,180,871,368,897,188,26
IMG_041,6,2,Yorkshire,385,871,549,897,164,26
IMG_041,7,1,Occupation:,180,1021,388,1054,208,33
IMG_041,7,2,stationer,406,1021,561,1047,155,26
IMG_041,8,1,Witnesses:,180,1171,365,1197,185,26
IMG_041,8,2,Thomas,383,1171,518,1197,135,26
IMG_041,8,3,Green;,536,1172,653,1201,117,29
IMG_041,8,4,Elizabeth,671,1171,833,1197,162,26
IMG_041,8,5,Green,851,1172,957,1197,106,25
IMG_041,9,1,Document,172,2205,305,2242,133,37
IMG_041,9,2,ID:,321,2205,370,2242,49,37
IMG_041,9,3,IMG_041,386,2205,500,2242,114,37
IMG_042,1,1,MARRIAGE,532,160,876,202,344,42
IMG_042,1,2,REGISTER,919,160,1263,202,344,42
IMG_042,2,1,Parish:,180,271,300,297,120,26
IMG_042,2,2,Saint,318,271,408,297,90,26
IMG_042,2,3,Peter's,426,272,544,297,118,25
IMG_042,2,4,Parish,562,271,670,297,108,26
IMG_042,3,1,Date:,180,422,273,447,93,25
IMG_042,3,2,17,291,422,334,447,43,25
IMG_042,3,3,June,349,422,430,454,81,32
IMG_042,3,4,1929,448,422,535,447,87,25
IMG_042,4,1,Groom:,180,572,308,597,128,25
IMG_042,4,2,Thomas,326,571,461,597,135,26
IMG_042,4,3,Bennett,479,572,616,597,137,25
IMG_042,5,1,Bride:,180,721,285,747,105,26
IMG_042,5,2,William,303,721,433,747,130,26
IMG_042,5,3,Carter,451,722,564,747,113,25
IMG_042,6,1,Residence:,180,871,368,897,188,26
IMG_042,6,2,London,386,871,515,897,129,26
IMG_042,7,1,Occupation:,180,1021,388,1054,208,33
IMG_042,7,2,farmer,406,1021,524,1047,118,26
IMG_042,8,1,Witnesses:,180,1171,365,1197,185,26
IMG_042,8,2,Thomas,383,1171,518,1197,135,26
IMG_042,8,3,Green;,536,1172,653,1201,117,29
IMG_042,8,4,Elizabeth,671,1171,833,1197,162,26
IMG_042,8,5,Green,851,1172,957,1197,106,25
IMG_042,9,1,Document,172,2205,305,2242,133,37
IMG_042,9,2,ID:,321,2205,370,2242,49,37
IMG_042,9,3,IMG_042,386,2205,500,2242,114,37
IMG_043,1,1,MARRIAGE,532,160,876,202,344,42
IMG_043,1,2,REGISTER,919,160,1263,202,344,42
IMG_043,2,1,Parish:,180,271,300,297,120,26
IMG_043,2,2,Saint,318,271,408,297,90,26
IMG_043,2,3,Peter's,426,272,544,297,118,25
IMG_043,2,4,Parish,562,271,670,297,108,26
IMG_043,3,1,Date:,180,422,273,447,93,25
IMG_043,3,2,17,291,422,334,447,43,25
IMG_043,3,3,June,349,422,430,454,81,32
IMG_043,3,4,1930,448,422,535,447,87,25
IMG_043,4,1,Groom:,180,572,308,597,128,25
IMG_043,4,2,Henry,326,572,434,604,108,32
IMG_043,4,3,Davis,452,571,547,597,95,26
IMG_043,5,1,Bride:,180,721,285,747,105,26
IMG_043,5,2,Clara,303,721,397,747,94,26
IMG_043,5,3,Johnson,412,721,553,754,141,33
IMG_043,6,1,Residence:,180,871,368,897,188,26
IMG_043,6,2,Yorkshire,385,871,549,897,164,26
IMG_043,7,1,Occupation:,180,1021,388,1054,208,33
IMG_043,7,2,carpenter,406,1024,576,1054,170,30
IMG_043,8,1,Witnesses:,180,1171,365,1197,185,26
IMG_043,8,2,Thomas,383,1171,518,1197,135,26
IMG_043,8,3,Green;,536,1172,653,1201,117,29
IMG_043,8,4,Elizabeth,671,1171,833,1197,162,26
IMG_043,8,5,Green,851,1172,957,1197,106,25
IMG_043,9,1,Document,172,2205,305,2242,133,37
IMG_043,9,2,ID:,321,2205,370,2242,49,37
IMG_043,9,3,IMG_043,386,2205,500,2242,114,37
IMG_044,1,1,MARRIAGE,532,160,876,202,344,42
IMG_044,1,2,REGISTER,919,160,1263,202,344,42
IMG_044,2,1,Parish:,180,271,300,297,120,26
IMG_044,2,2,Saint,318,271,408,297,90,26
IMG_044,2,3,Peter's,426,272,544,297,118,25
IMG_044,2,4,Parish,562,271,670,297,108,26
IMG_044,3,1,Date:,180,422,273,447,93,25
IMG_044,3,2,17,291,422,334,447,43,25
IMG_044,3,3,June,349,422,430,454,81,32
IMG_044,3,4,1925,448,422,535,447,87,25
IMG_044,4,1,Groom:,180,572,308,597,128,25
IMG_044,4,2,Thomas,326,571,461,597,135,26
IMG_044,4,3,Bennett,479,572,616,597,137,25
IMG_044,5,1,Bride:,180,721,285,747,105,26
IMG_044,5,2,George,303,722,429,754,126,32
IMG_044,5,3,Miller,447,721,552,747,105,26
IMG_044,6,1,Residence:,180,871,368,897,188,26
IMG_044,6,2,Norfolk,386,871,517,897,131,26
IMG_044,7,1,Occupation:,180,1021,388,1054,208,33
IMG_044,7,2,teacher,406,1021,538,1047,132,26
IMG_044,8,1,Witnesses:,180,1171,365,1197,185,26
IMG_044,8,2,Thomas,383,1171,518,1197,135,26
IMG_044,8,3,Green;,536,1172,653,1201,117,29
IMG_044,8,4,Elizabeth,671,1171,833,1197,162,26
IMG_044,8,5,Green,851,1172,957,1197,106,25
IMG_044,9,1,Document,172,2205,305,2242,133,37
IMG_044,9,2,ID:,321,2205,370,2242,49,37
IMG_044,9,3,IMG_044,386,2205,500,2242,114,37
IMG_045,1,1,MARRIAGE,532,160,876,202,344,42
IMG_045,1,2,REGISTER,919,160,1263,202,344,42
IMG_045,2,1,Parish:,180,271,300,297,120,26
IMG_045,2,2,All,317,271,364,297,47,26
IMG_045,2,3,Saints,382,271,489,297,107,26
IMG_045,2,4,Parish,507,271,615,297,108,26
IMG_045,3,1,Date:,180,422,273,447,93,25
IMG_045,3,2,17,291,422,334,447,43,25
IMG_045,3,3,June,349,422,430,454,81,32
IMG_045,3,4,1928,448,422,535,447,87,25
IMG_045,4,1,Groom:,180,572,308,597,128,25
IMG_045,4,2,Edward,326,571,460,597,134,26
IMG_045,4,3,Harris,478,571,589,597,111,26
IMG_045,5,1,Bride:,180,721,285,747,105,26
IMG_045,5,2,Arthur,302,721,418,747,116,26
IMG_045,5,3,Wilson,436,721,552,747,116,26
IMG_045,6,1,Residence:,180,871,368,897,188,26
IMG_045,6,2,Devon,386,872,495,897,109,25
IMG_045,7,1,Occupation:,180,1021,388,1054,208,33
IMG_045,7,2,stationer,406,1021,561,1047,155,26
IMG_045,8,1,Witnesses:,180,1171,365,1197,185,26
IMG_045,8,2,Thomas,383,1171,518,1197,135,26
IMG_045,8,3,Green;,536,1172,653,1201,117,29
IMG_045,8,4,Elizabeth,671,1171,833,1197,162,26
IMG_045,8,5,Green,851,1172,957,1197,106,25
IMG_045,9,1,Document,172,2205,305,2242,133,37
IMG_045,9,2,ID:,321,2205,370,2242,49,37
IMG_045,9,3,IMG_045,386,2205,500,2242,114,37
IMG_046,1,1,MARRIAGE,532,160,876,202,344,42
IMG_046,1,2,REGISTER,919,160,1263,202,344,42
IMG_046,2,1,Parish:,180,271,300,297,120,26
IMG_046,2,2,Saint,318,271,408,297,90,26
IMG_046,2,3,Mary's,426,272,543,304,117,32
IMG_046,2,4,Parish,561,271,669,297,108,26
IMG_046,3,1,Date:,180,422,273,447,93,25
IMG_046,3,2,17,291,422,334,447,43,25
IMG_046,3,3,June,349,422,430,454,81,32
IMG_046,3,4,1915,448,422,535,447,87,25
IMG_046,4,1,Groom:,180,572,308,597,128,25
IMG_046,4,2,William,326,571,456,597,130,26
IMG_046,4,3,Carter,474,572,587,597,113,25
IMG_046,5,1,Bride:,180,721,285,747,105,26
IMG_046,5,2,Eleanor,303,721,438,747,135,26
IMG_046,5,3,Smith,456,721,558,747,102,26
IMG_046,6,1,Residence:,180,871,368,897,188,26
IMG_046,6,2,Lancashire,386,871,577,897,191,26
IMG_046,7,1,Occupation:,180,1021,388,1054,208,33
IMG_046,7,2,clerk,406,1021,493,1047,87,26
IMG_046,8,1,Witnesses:,180,1171,365,1197,185,26
IMG_046,8,2,Thomas,383,1171,518,1197,135,26
IMG_046,8,3,Green;,536,1172,653,1201,117,29
IMG_046,8,4,Elizabeth,671,1171,833,1197,162,26
IMG_046,8,5,Green,851,1172,957,1197,106,25
IMG_046,9,1,Document,172,2205,305,2242,133,37
IMG_046,9,2,ID:,321,2205,370,2242,49,37
IMG_046,9,3,IMG_046,386,2205,500,2242,114,37
IMG_047,1,1,MARRIAGE,532,160,876,202,344,42
IMG_047,1,2,REGISTER,919,160,1263,202,344,42
IMG_047,2,1,Parish:,180,271,300,297,120,26
IMG_047,2,2,Saint,318,271,408,297,90,26
IMG_047,2,3,Peter's,426,272,544,297,118,25
IMG_047,2,4,Parish,562,271,670,297,108,26
IMG_047,3,1,Date:,180,422,273,447,93,25
IMG_047,3,2,17,291,422,334,447,43,25
IMG_047,3,3,June,349,422,430,454,81,32
IMG_047,3,4,1894,448,422,535,447,87,25
IMG_047,4,1,Groom:,180,572,308,597,128,25
IMG_047,4,2,Clara,326,571,420,597,94,26
IMG_047,4,3,Johnson,435,571,576,604,141,33
IMG_047,5,1,Bride:,180,721,285,747,105,26
IMG_047,5,2,Arthur,302,721,418,747,116,26
IMG_047,5,3,Wilson,436,721,552,747,116,26
IMG_047,6,1,Residence:,180,871,368,897,188,26
IMG_047,6,2,Leeds,386,871,488,897,102,26
IMG_047,7,1,Occupation:,180,1021,388,1054,208,33
IMG_047,7,2,printer,406,1021,528,1054,122,33
IMG_047,8,1,Witnesses:,180,1171,365,1197,185,26
IMG_047,8,2,Thomas,383,1171,518,1197,135,26
IMG_047,8,3,Green;,536,1172,653,1201,117,29
IMG_047,8,4,Elizabeth,671,1171,833,1197,162,26
IMG_047,8,5,Green,851,1172,957,1197,106,25
IMG_047,9,1,Document,172,2205,305,2242,133,37
IMG_047,9,2,ID:,321,2205,370,2242,49,37
IMG_047,9,3,IMG_047,386,2205,500,2242,114,37
IMG_048,1,1,MARRIAGE,532,160,876,202,344,42
IMG_048,1,2,REGISTER,919,160,1263,202,344,42
IMG_048,2,1,Parish:,180,271,300,297,120,26
IMG_048,2,2,Saint,318,271,408,297,90,26
IMG_048,2,3,Peter's,426,272,544,297,118,25
IMG_048,2,4,Parish,562,271,670,297,108,26
IMG_048,3,1,Date:,180,422,273,447,93,25
IMG_048,3,2,17,291,422,334,447,43,25
IMG_048,3,3,June,349,422,430,454,81,32
IMG_048,3,4,1887,448,422,535,447,87,25
IMG_048,4,1,Groom:,180,572,308,597,128,25
IMG_048,4,2,Eleanor,326,571,461,597,135,26
IMG_048,4,3,Smith,479,571,581,597,102,26
IMG_048,5,1,Bride:,180,721,285,747,105,26
IMG_048,5,2,Thomas,303,721,438,747,135,26
IMG_048,5,3,Bennett,456,722,593,747,137,25
IMG_048,6,1,Residence:,180,871,368,897,188,26
IMG_048,6,2,Kent,386,872,467,897,81,25
IMG_048,7,1,Occupation:,180,1021,388,1054,208,33
IMG_048,7,2,farmer,406,1021,524,1047,118,26
IMG_048,8,1,Witnesses:,180,1171,365,1197,185,26
IMG_048,8,2,Thomas,383,1171,518,1197,135,26
IMG_048,8,3,Green;,536,1172,653,1201,117,29
IMG_048,8,4,Elizabeth,671,1171,833,1197,162,26
IMG_048,8,5,Green,851,1172,957,1197,106,25
IMG_048,9,1,Document,172,2205,305,2242,133,37
IMG_048,9,2,ID:,321,2205,370,2242,49,37
IMG_048,9,3,IMG_048,386,2205,500,2242,114,37
IMG_049,1,1,MARRIAGE,532,160,876,202,344,42
IMG_049,1,2,REGISTER,919,160,1263,202,344,42
IMG_049,2,1,Parish:,180,271,300,297,120,26
IMG_049,2,2,Saint,318,271,408,297,90,26
IMG_049,2,3,John's,423,271,531,304,108,33
IMG_049,2,4,Parish,549,271,657,297,108,26
IMG_049,3,1,Date:,180,422,273,447,93,25
IMG_049,3,2,17,291,422,334,447,43,25
IMG_049,3,3,June,349,422,430,454,81,32
IMG_049,3,4,1891,448,422,535,447,87,25
IMG_049,4,1,Groom:,180,572,308,597,128,25
IMG_049,4,2,George,326,572,452,604,126,32
IMG_049,4,3,Miller,470,571,575,597,105,26
IMG_049,5,1,Bride:,180,721,285,747,105,26
IMG_049,5,2,George,303,722,429,754,126,32
IMG_049,5,3,Miller,447,721,552,747,105,26
IMG_049,6,1,Residence:,180,871,368,897,188,26
IMG_049,6,2,Yorkshire,385,871,549,897,164,26
IMG_049,7,1,Occupation:,180,1021,388,1054,208,33
IMG_049,7,2,baker,406,1021,506,1047,100,26
IMG_049,8,1,Witnesses:,180,1171,365,1197,185,26
IMG_049,8,2,Thomas,383,1171,518,1197,135,26
IMG_049,8,3,Green;,536,1172,653,1201,117,29
IMG_049,8,4,Elizabeth,671,1171,833,1197,162,26
IMG_049,8,5,Green,851,1172,957,1197,106,25
IMG_049,9,1,Document,172,2205,305,2242,133,37
IMG_049,9,2,ID:,321,2205,370,2242,49,37
IMG_049,9,3,IMG_049,386,2205,500,2242,114,37
IMG_050,1,1,MARRIAGE,532,160,876,202,344,42
IMG_050,1,2,REGISTER,919,160,1263,202,344,42
IMG_050,2,1,Parish:,180,271,300,297,120,26
IMG_050,2,2,Holy,318,271,399,304,81,33
IMG_050,2,3,Trinity,417,271,533,304,116,33
IMG_050,2,4,Parish,551,271,659,297,108,26
IMG_050,3,1,Date:,180,422,273,447,93,25
IMG_050,3,2,17,291,422,334,447,43,25
IMG_050,3,3,June,349,422,430,454,81,32
IMG_050,3,4,1908,448,422,535,447,87,25
IMG_050,4,1,Groom:,180,572,308,597,128,25
IMG_050,4,2,Arthur,325,571,441,597,116,26
IMG_050,4,3,Wilson,459,571,575,597,116,26
IMG_050,5,1,Bride:,180,721,285,747,105,26
IMG_050,5,2,Edward,303,721,437,747,134,26
IMG_050,5,3,Harris,455,721,566,747,111,26
IMG_050,6,1,Residence:,180,871,368,897,188,26
IMG_050,6,2,Manchester,386,871,592,897,206,26
IMG_050,7,1,Occupation:,180,1021,388,1054,208,33
IMG_050,7,2,merchant,406,1021,572,1047,166,26
IMG_050,8,1,Witnesses:,180,1171,365,1197,185,26
IMG_050,8,2,Thomas,383,1171,518,1197,135,26
IMG_050,8,3,Green;,536,1172,653,1201,117,29
IMG_050,8,4,Elizabeth,671,1171,833,1197,162,26
IMG_050,8,5,Green,851,1172,957,1197,106,25
IMG_050,9,1,Document,172,2205,305,2242,133,37
IMG_050,9,2,ID:,321,2205,370,2242,49,37
IMG_050,9,3,IMG_050,386,2205,500,2242,114,37
IMG_051,1,1,MARRIAGE,532,160,876,202,344,42
IMG_051,1,2,REGISTER,919,160,1263,202,344,42
IMG_051,2,1,Parish:,180,271,300,297,120,26
IMG_051,2,2,All,317,271,364,297,47,26
IMG_051,2,3,Saints,382,271,489,297,107,26
IMG_051,2,4,Parish,507,271,615,297,108,26
IMG_051,3,1,Date:,180,422,273,447,93,25
IMG_051,3,2,17,291,422,334,447,43,25
IMG_051,3,3,June,349,422,430,454,81,32
IMG_051,3,4,1885,448,422,535,447,87,25
IMG_051,4,1,Groom:,180,572,308,597,128,25
IMG_051,4,2,Eleanor,326,571,461,597,135,26
IMG_051,4,3,Smith,479,571,581,597,102,26
IMG_051,5,1,Bride:,180,721,285,747,105,26
IMG_051,5,2,Henry,303,722,411,754,108,32
IMG_051,5,3,Davis,429,721,524,747,95,26
IMG_051,6,1,Residence:,180,871,368,897,188,26
IMG_051,6,2,Bristol,386,871,501,897,115,26
IMG_051,7,1,Occupation:,180,1021,388,1054,208,33
IMG_051,7,2,baker,406,1021,506,1047,100,26
IMG_051,8,1,Witnesses:,180,1171,365,1197,185,26
IMG_051,8,2,Thomas,383,1171,518,1197,135,26
IMG_051,8,3,Green;,536,1172,653,1201,117,29
IMG_051,8,4,Elizabeth,671,1171,833,1197,162,26
IMG_051,8,5,Green,851,1172,957,1197,106,25
IMG_051,9,1,Document,172,2205,305,2242,133,37
IMG_051,9,2,ID:,321,2205,370,2242,49,37
IMG_051,9,3,IMG_051,386,2205,500,2242,114,37
IMG_052,1,1,MARRIAGE,532,160,876,202,344,42
IMG_052,1,2,REGISTER,919,160,1263,202,344,42
IMG_052,2,1,Parish:,180,271,300,297,120,26
IMG_052,2,2,Saint,318,271,408,297,90,26
IMG_052,2,3,John's,423,271,531,304,108,33
IMG_052,2,4,Parish,549,271,657,297,108,26
IMG_052,3,1,Date:,180,422,273,447,93,25
IMG_052,3,2,17,291,422,334,447,43,25
IMG_052,3,3,June,349,422,430,454,81,32
IMG_052,3,4,1883,448,422,535,447,87,25
IMG_052,4,1,Groom:,180,572,308,597,128,25
IMG_052,4,2,Henry,326,572,434,604,108,32
IMG_052,4,3,Davis,452,571,547,597,95,26
IMG_052,5,1,Bride:,180,721,285,747,105,26
IMG_052,5,2,George,303,722,429,754,126,32
IMG_052,5,3,Miller,447,721,552,747,105,26
IMG_052,6,1,Residence:,180,871,368,897,188,26
IMG_052,6,2,Bristol,386,871,501,897,115,26
IMG_052,7,1,Occupation:,180,1021,388,1054,208,33
IMG_052,7,2,clerk,406,1021,493,1047,87,26
IMG_052,8,1,Witnesses:,180,1171,365,1197,185,26
IMG_052,8,2,Thomas,383,1171,518,1197,135,26
IMG_052,8,3,Green;,536,1172,653,1201,117,29
IMG_052,8,4,Elizabeth,671,1171,833,1197,162,26
IMG_052,8,5,Green,851,1172,957,1197,106,25
IMG_052,9,1,Document,172,2205,305,2242,133,37
IMG_052,9,2,ID:,321,2205,370,2242,49,37
IMG_052,9,3,IMG_052,386,2205,500,2242,114,37
IMG_053,1,1,MARRIAGE,532,160,876,202,344,42
IMG_053,1,2,REGISTER,919,160,1263,202,344,42
IMG_053,2,1,Parish:,180,271,300,297,120,26
IMG_053,2,2,Holy,318,271,399,304,81,33
IMG_053,2,3,Trinity,417,271,533,304,116,33
IMG_053,2,4,Parish,551,271,659,297,108,26
IMG_053,3,1,Date:,180,422,273,447,93,25
IMG_053,3,2,17,291,422,334,447,43,25
IMG_053,3,3,June,349,422,430,454,81,32
IMG_053,3,4,1898,448,422,535,447,87,25
IMG_053,4,1,Groom:,180,572,308,597,128,25
IMG_053,4,2,William,326,571,456,597,130,26
IMG_053,4,3,Carter,474,572,587,597,113,25
IMG_053,5,1,Bride:,180,721,285,747,105,26
IMG_053,5,2,Edward,303,721,437,747,134,26
IMG_053,5,3,Harris,455,721,566,747,111,26
IMG_053,6,1,Residence:,180,871,368,897,188,26
IMG_053,6,2,Leeds,386,871,488,897,102,26
IMG_053,7,1,Occupation:,180,1021,388,1054,208,33
IMG_053,7,2,printer,406,1021,528,1054,122,33
IMG_053,8,1,Witnesses:,180,1171,365,1197,185,26
IMG_053,8,2,Thomas,383,1171,518,1197,135,26
IMG_053,8,3,Green;,536,1172,653,1201,117,29
IMG_053,8,4,Elizabeth,671,1171,833,1197,162,26
IMG_053,8,5,Green,851,1172,957,1197,106,25
IMG_053,9,1,Document,172,2205,305,2242,133,37
IMG_053,9,2,ID:,321,2205,370,2242,49,37
IMG_053,9,3,IMG_053,386,2205,500,2242,114,37
IMG_054,1,1,MARRIAGE,532,160,876,202,344,42
IMG_054,1,2,REGISTER,919,160,1263,202,344,42
IMG_054,2,1,Parish:,180,271,300,297,120,26
IMG_054,2,2,Saint,318,271,408,297,90,26
IMG_054,2,3,Peter's,426,272,544,297,118,25
IMG_054,2,4,Parish,562,271,670,297,108,26
IMG_054,3,1,Date:,180,422,273,447,93,25
IMG_054,3,2,17,291,422,334,447,43,25
IMG_054,3,3,June,349,422,430,454,81,32
IMG_054,3,4,1883,448,422,535,447,87,25
IMG_054,4,1,Groom:,180,572,308,597,128,25
IMG_054,4,2,Thomas,326,571,461,597,135,26
IMG_054,4,3,Bennett,479,572,616,597,137,25
IMG_054,5,1,Bride:,180,721,285,747,105,26
IMG_054,5,2,George,303,722,429,754,126,32
IMG_054,5,3,Miller,447,721,552,747,105,26
IMG_054,6,1,Residence:,180,871,368,897,188,26
IMG_054,6,2,London,386,871,515,897,129,26
IMG_054,7,1,Occupation:,180,1021,388,1054,208,33
IMG_054,7,2,stationer,406,1021,561,1047,155,26
IMG_054,8,1,Witnesses:,180,1171,365,1197,185,26
IMG_054,8,2,Thomas,383,1171,518,1197,135,26
IMG_054,8,3,Green;,536,1172,653,1201,117,29
IMG_054,8,4,Elizabeth,671,1171,833,1197,162,26
IMG_054,8,5,Green,851,1172,957,1197,106,25
IMG_054,9,1,Document,172,2205,305,2242,133,37
IMG_054,9,2,ID:,321,2205,370,2242,49,37
IMG_054,9,3,IMG_054,386,2205,500,2242,114,37
IMG_055,1,1,MARRIAGE,532,160,876,202,344,42
IMG_055,1,2,REGISTER,919,160,1263,202,344,42
IMG_055,2,1,Parish:,180,271,300,297,120,26
IMG_055,2,2,Saint,318,271,408,297,90,26
IMG_055,2,3,Mary's,426,272,543,304,117,32
IMG_055,2,4,Parish,561,271,669,297,108,26
IMG_055,3,1,Date:,180,422,273,447,93,25
IMG_055,3,2,17,291,422,334,447,43,25
IMG_055,3,3,June,349,422,430,454,81,32
IMG_055,3,4,1907,448,422,535,447,87,25
IMG_055,4,1,Groom:,180,572,308,597,128,25
IMG_055,4,2,Arthur,325,571,441,597,116,26
IMG_055,4,3,Wilson,459,571,575,597,116,26
IMG_055,5,1,Bride:,180,721,285,747,105,26
IMG_055,5,2,Margaret,303,722,467,754,164,32
IMG_055,5,3,Lewis,485,721,585,747,100,26
IMG_055,6,1,Residence:,180,871,368,897,188,26
IMG_055,6,2,Devon,386,872,495,897,109,25
IMG_055,7,1,Occupation:,180,1021,388,1054,208,33
IMG_055,7,2,printer,406,1021,528,1054,122,33
IMG_055,8,1,Witnesses:,180,1171,365,1197,185,26
IMG_055,8,2,Thomas,383,1171,518,1197,135,26
IMG_055,8,3,Green;,536,1172,653,1201,117,29
IMG_055,8,4,Elizabeth,671,1171,833,1197,162,26
IMG_055,8,5,Green,851,1172,957,1197,106,25
IMG_055,9,1,Document,172,2205,305,2242,133,37
IMG_055,9,2,ID:,321,2205,370,2242,49,37
IMG_055,9,3,IMG_055,386,2205,500,2242,114,37
IMG_056,1,1,COMMERCIAL,362,160,791,202,429,42
IMG_056,1,2,DIRECTORY,833,160,1219,202,386,42
IMG_056,1,3,1922,1261,160,1432,202,171,42
IMG_056,2,1,NORFOLK,180,272,363,297,183,25
IMG_056,2,2,DISTRICT,381,272,556,297,175,25
IMG_056,3,1,Henry,180,422,288,454,108,32
IMG_056,3,2,Davis,306,421,401,447,95,26
IMG_056,3,3,—,419,437,453,447,34,10
IMG_056,3,4,"blacksmith,",471,421,670,451,199,30
IMG_056,3,5,High,688,421,772,454,84,33
IMG_056,3,6,"Street,",790,422,908,451,118,29
IMG_056,3,7,No.,926,422,986,447,60,25
IMG_056,3,8,14,1004,422,1047,447,43,25
IMG_056,4,1,James,177,572,284,604,107,32
IMG_056,4,2,Brown,302,572,415,597,113,25
IMG_056,4,3,—,433,587,467,597,34,10
IMG_056,4,4,"stationer,",485,571,647,601,162,30
IMG_056,4,5,Market,665,571,791,597,126,26
IMG_056,4,6,"Road,",809,571,908,601,99,30
IMG_056,4,7,No.,926,572,986,597,60,25
IMG_056,4,8,8,1004,572,1026,597,22,25
IMG_056,5,1,Elizabeth,180,721,342,747,162,26
IMG_056,5,2,Clark,360,721,454,747,94,26
IMG_056,5,3,—,472,737,506,747,34,10
IMG_056,5,4,"dressmaker,",524,721,734,751,210,30
IMG_056,5,5,Church,752,721,879,747,127,26
IMG_056,5,6,"Lane,",897,722,993,751,96,29
IMG_056,5,7,No.,1011,722,1071,747,60,25
IMG_056,5,8,21,1089,722,1132,747,43,25
IMG_056,6,1,Entries,180,871,305,897,125,26
IMG_056,6,2,are,323,879,380,897,57,18
IMG_056,6,3,arranged,398,871,557,904,159,33
IMG_056,6,4,alphabetically,575,871,818,904,243,33
IMG_056,6,5,by,836,871,878,904,42,33
IMG_056,6,6,surname.,896,879,1057,897,161,18
IMG_056,7,1,Document,172,2205,305,2242,133,37
IMG_056,7,2,ID:,321,2205,370,2242,49,37
IMG_056,7,3,IMG_056,386,2205,500,2242,114,37
IMG_057,1,1,COMMERCIAL,362,160,791,202,429,42
IMG_057,1,2,DIRECTORY,833,160,1219,202,386,42
IMG_057,1,3,1929,1261,160,1432,202,171,42
IMG_057,2,1,LANCASHIRE,180,272,424,297,244,25
IMG_057,2,2,DISTRICT,442,272,617,297,175,25
IMG_057,3,1,Clara,180,421,274,447,94,26
IMG_057,3,2,Johnson,289,421,430,454,141,33
IMG_057,3,3,—,448,437,482,447,34,10
IMG_057,3,4,"merchant,",500,421,676,451,176,30
IMG_057,3,5,High,694,421,778,454,84,33
IMG_057,3,6,"Street,",796,422,914,451,118,29
IMG_057,3,7,No.,932,422,992,447,60,25
IMG_057,3,8,14,1010,422,1053,447,43,25
IMG_057,4,1,James,177,572,284,604,107,32
IMG_057,4,2,Brown,302,572,415,597,113,25
IMG_057,4,3,—,433,587,467,597,34,10
IMG_057,4,4,"stationer,",485,571,647,601,162,30
IMG_057,4,5,Market,665,571,791,597,126,26
IMG_057,4,6,"Road,",809,571,908,601,99,30
IMG_057,4,7,No.,926,572,986,597,60,25
IMG_057,4,8,8,1004,572,1026,597,22,25
IMG_057,5,1,Elizabeth,180,721,342,747,162,26
IMG_057,5,2,Clark,360,721,454,747,94,26
IMG_057,5,3,—,472,737,506,747,34,10
IMG_057,5,4,"dressmaker,",524,721,734,751,210,30
IMG_057,5,5,Church,752,721,879,747,127,26
IMG_057,5,6,"Lane,",897,722,993,751,96,29
IMG_057,5,7,No.,1011,722,1071,747,60,25
IMG_057,5,8,21,1089,722,1132,747,43,25
IMG_057,6,1,Entries,180,871,305,897,125,26
IMG_057,6,2,are,323,879,380,897,57,18
IMG_057,6,3,arranged,398,871,557,904,159,33
IMG_057,6,4,alphabetically,575,871,818,904,243,33
IMG_057,6,5,by,836,871,878,904,42,33
IMG_057,6,6,surname.,896,879,1057,897,161,18
IMG_057,7,1,Document,172,2205,305,2242,133,37
IMG_057,7,2,ID:,321,2205,370,2242,49,37
IMG_057,7,3,IMG_057,386,2205,500,2242,114,37
IMG_058,1,1,COMMERCIAL,362,160,791,202,429,42
IMG_058,1,2,DIRECTORY,833,160,1219,202,386,42
IMG_058,1,3,1897,1261,160,1432,202,171,42
IMG_058,2,1,LEEDS,180,272,303,297,123,25
IMG_058,2,2,DISTRICT,321,272,496,297,175,25
IMG_058,3,1,William,180,421,310,447,130,26
IMG_058,3,2,Carter,328,422,441,447,113,25
IMG_058,3,3,—,459,437,493,447,34,10
IMG_058,3,4,"baker,",511,421,617,451,106,30
IMG_058,3,5,High,635,421,719,454,84,33
IMG_058,3,6,"Street,",737,422,855,451,118,29
IMG_058,3,7,No.,873,422,933,447,60,25
IMG_058,3,8,14,951,422,994,447,43,25
IMG_058,4,1,James,177,572,284,604,107,32
IMG_058,4,2,Brown,302,572,415,597,113,25
IMG_058,4,3,—,433,587,467,597,34,10
IMG_058,4,4,"stationer,",485,571,647,601,162,30
IMG_058,4,5,Market,665,571,791,597,126,26
IMG_058,4,6,"Road,",809,571,908,601,99,30
IMG_058,4,7,No.,926,572,986,597,60,25
IMG_058,4,8,8,1004,572,1026,597,22,25
IMG_058,5,1,Elizabeth,180,721,342,747,162,26
IMG_058,5,2,Clark,360,721,454,747,94,26
IMG_058,5,3,—,472,737,506,747,34,10
IMG_058,5,4,"dressmaker,",524,721,734,751,210,30
IMG_058,5,5,Church,752,721,879,747,127,26
IMG_058,5,6,"Lane,",897,722,993,751,96,29
IMG_058,5,7,No.,1011,722,1071,747,60,25
IMG_058,5,8,21,1089,722,1132,747,43,25
IMG_058,6,1,Entries,180,871,305,897,125,26
IMG_058,6,2,are,323,879,380,897,57,18
IMG_058,6,3,arranged,398,871,557,904,159,33
IMG_058,6,4,alphabetically,575,871,818,904,243,33
IMG_058,6,5,by,836,871,878,904,42,33
IMG_058,6,6,surname.,896,879,1057,897,161,18
IMG_058,7,1,Document,172,2205,305,2242,133,37
IMG_058,7,2,ID:,321,2205,370,2242,49,37
IMG_058,7,3,IMG_058,386,2205,500,2242,114,37
IMG_059,1,1,COMMERCIAL,362,160,791,202,429,42
IMG_059,1,2,DIRECTORY,833,160,1219,202,386,42
IMG_059,1,3,1885,1261,160,1432,202,171,42
IMG_059,2,1,DEVON,180,272,314,297,134,25
IMG_059,2,2,DISTRICT,332,272,507,297,175,25
IMG_059,3,1,William,180,421,310,447,130,26
IMG_059,3,2,Carter,328,422,441,447,113,25
IMG_059,3,3,—,459,437,493,447,34,10
IMG_059,3,4,"clerk,",511,421,609,451,98,30
IMG_059,3,5,High,627,421,711,454,84,33
IMG_059,3,6,"Street,",729,422,847,451,118,29
IMG_059,3,7,No.,865,422,925,447,60,25
IMG_059,3,8,14,943,422,986,447,43,25
IMG_059,4,1,James,177,572,284,604,107,32
IMG_059,4,2,Brown,302,572,415,597,113,25
IMG_059,4,3,—,433,587,467,597,34,10
IMG_059,4,4,"stationer,",485,571,647,601,162,30
IMG_059,4,5,Market,665,571,791,597,126,26
IMG_059,4,6,"Road,",809,571,908,601,99,30
IMG_059,4,7,No.,926,572,986,597,60,25
IMG_059,4,8,8,1004,572,1026,597,22,25
IMG_059,5,1,Elizabeth,180,721,342,747,162,26
IMG_059,5,2,Clark,360,721,454,747,94,26
IMG_059,5,3,—,472,737,506,747,34,10
IMG_059,5,4,"dressmaker,",524,721,734,751,210,30
IMG_059,5,5,Church,752,721,879,747,127,26
IMG_059,5,6,"Lane,",897,722,993,751,96,29
IMG_059,5,7,No.,1011,722,1071,747,60,25
IMG_059,5,8,21,1089,722,1132,747,43,25
IMG_059,6,1,Entries,180,871,305,897,125,26
IMG_059,6,2,are,323,879,380,897,57,18
IMG_059,6,3,arranged,398,871,557,904,159,33
IMG_059,6,4,alphabetically,575,871,818,904,243,33
IMG_059,6,5,by,836,871,878,904,42,33
IMG_059,6,6,surname.,896,879,1057,897,161,18
IMG_059,7,1,Document,172,2205,305,2242,133,37
IMG_059,7,2,ID:,321,2205,370,2242,49,37
IMG_059,7,3,IMG_059,386,2205,500,2242,114,37
IMG_060,1,1,COMMERCIAL,362,160,791,202,429,42
IMG_060,1,2,DIRECTORY,833,160,1219,202,386,42
IMG_060,1,3,1915,1261,160,1432,202,171,42
IMG_060,2,1,LANCASHIRE,180,272,424,297,244,25
IMG_060,2,2,DISTRICT,442,272,617,297,175,25
IMG_060,3,1,George,180,422,306,454,126,32
IMG_060,3,2,Miller,324,421,429,447,105,26
IMG_060,3,3,—,447,437,481,447,34,10
IMG_060,3,4,"printer,",499,421,627,454,128,33
IMG_060,3,5,High,645,421,729,454,84,33
IMG_060,3,6,"Street,",747,422,865,451,118,29
IMG_060,3,7,No.,883,422,943,447,60,25
IMG_060,3,8,14,961,422,1004,447,43,25
IMG_060,4,1,James,177,572,284,604,107,32
IMG_060,4,2,Brown,302,572,415,597,113,25
IMG_060,4,3,—,433,587,467,597,34,10
IMG_060,4,4,"stationer,",485,571,647,601,162,30
IMG_060,4,5,Market,665,571,791,597,126,26
IMG_060,4,6,"Road,",809,571,908,601,99,30
IMG_060,4,7,No.,926,572,986,597,60,25
IMG_060,4,8,8,1004,572,1026,597,22,25
IMG_060,5,1,Elizabeth,180,721,342,747,162,26
IMG_060,5,2,Clark,360,721,454,747,94,26
IMG_060,5,3,—,472,737,506,747,34,10
IMG_060,5,4,"dressmaker,",524,721,734,751,210,30
IMG_060,5,5,Church,752,721,879,747,127,26
IMG_060,5,6,"Lane,",897,722,993,751,96,29
IMG_060,5,7,No.,1011,722,1071,747,60,25
IMG_060,5,8,21,1089,722,1132,747,43,25
IMG_060,6,1,Entries,180,871,305,897,125,26
IMG_060,6,2,are,323,879,380,897,57,18
IMG_060,6,3,arranged,398,871,557,904,159,33
IMG_060,6,4,alphabetically,575,871,818,904,243,33
IMG_060,6,5,by,836,871,878,904,42,33
IMG_060,6,6,surname.,896,879,1057,897,161,18
IMG_060,7,1,Document,172,2205,305,2242,133,37
IMG_060,7,2,ID:,321,2205,370,2242,49,37
IMG_060,7,3,IMG_060,386,2205,500,2242,114,37
IMG_061,1,1,COMMERCIAL,362,160,791,202,429,42
IMG_061,1,2,DIRECTORY,833,160,1219,202,386,42
IMG_061,1,3,1926,1261,160,1432,202,171,42
IMG_061,2,1,BRISTOL,180,272,340,297,160,25
IMG_061,2,2,DISTRICT,358,272,533,297,175,25
IMG_061,3,1,Thomas,180,421,315,447,135,26
IMG_061,3,2,Bennett,333,422,470,447,137,25
IMG_061,3,3,—,488,437,522,447,34,10
IMG_061,3,4,"printer,",540,421,668,454,128,33
IMG_061,3,5,High,686,421,770,454,84,33
IMG_061,3,6,"Street,",788,422,906,451,118,29
IMG_061,3,7,No.,924,422,984,447,60,25
IMG_061,3,8,14,1002,422,1045,447,43,25
IMG_061,4,1,James,177,572,284,604,107,32
IMG_061,4,2,Brown,302,572,415,597,113,25
IMG_061,4,3,—,433,587,467,597,34,10
IMG_061,4,4,"stationer,",485,571,647,601,162,30
IMG_061,4,5,Market,665,571,791,597,126,26
IMG_061,4,6,"Road,",809,571,908,601,99,30
IMG_061,4,7,No.,926,572,986,597,60,25
IMG_061,4,8,8,1004,572,1026,597,22,25
IMG_061,5,1,Elizabeth,180,721,342,747,162,26
IMG_061,5,2,Clark,360,721,454,747,94,26
IMG_061,5,3,—,472,737,506,747,34,10
IMG_061,5,4,"dressmaker,",524,721,734,751,210,30
IMG_061,5,5,Church,752,721,879,747,127,26
IMG_061,5,6,"Lane,",897,722,993,751,96,29
IMG_061,5,7,No.,1011,722,1071,747,60,25
IMG_061,5,8,21,1089,722,1132,747,43,25
IMG_061,6,1,Entries,180,871,305,897,125,26
IMG_061,6,2,are,323,879,380,897,57,18
IMG_061,6,3,arranged,398,871,557,904,159,33
IMG_061,6,4,alphabetically,575,871,818,904,243,33
IMG_061,6,5,by,836,871,878,904,42,33
IMG_061,6,6,surname.,896,879,1057,897,161,18
IMG_061,7,1,Document,172,2205,305,2242,133,37
IMG_061,7,2,ID:,321,2205,370,2242,49,37
IMG_061,7,3,IMG_061,386,2205,500,2242,114,37
IMG_062,1,1,COMMERCIAL,362,160,791,202,429,42
IMG_062,1,2,DIRECTORY,833,160,1219,202,386,42
IMG_062,1,3,1935,1261,160,1432,202,171,42
IMG_062,2,1,DURHAM,180,272,351,297,171,25
IMG_062,2,2,DISTRICT,369,272,544,297,175,25
IMG_062,3,1,Florence,180,421,332,447,152,26
IMG_062,3,2,Brown,350,422,463,447,113,25
IMG_062,3,3,—,481,437,515,447,34,10
IMG_062,3,4,"carpenter,",533,424,709,454,176,30
IMG_062,3,5,High,727,421,811,454,84,33
IMG_062,3,6,"Street,",829,422,947,451,118,29
IMG_062,3,7,No.,965,422,1025,447,60,25
IMG_062,3,8,14,1043,422,1086,447,43,25
IMG_062,4,1,James,177,572,284,604,107,32
IMG_062,4,2,Brown,302,572,415,597,113,25
IMG_062,4,3,—,433,587,467,597,34,10
IMG_062,4,4,"stationer,",485,571,647,601,162,30
IMG_062,4,5,Market,665,571,791,597,126,26
IMG_062,4,6,"Road,",809,571,908,601,99,30
IMG_062,4,7,No.,926,572,986,597,60,25
IMG_062,4,8,8,1004,572,1026,597,22,25
IMG_062,5,1,Elizabeth,180,721,342,747,162,26
IMG_062,5,2,Clark,360,721,454,747,94,26
IMG_062,5,3,—,472,737,506,747,34,10
IMG_062,5,4,"dressmaker,",524,721,734,751,210,30
IMG_062,5,5,Church,752,721,879,747,127,26
IMG_062,5,6,"Lane,",897,722,993,751,96,29
IMG_062,5,7,No.,1011,722,1071,747,60,25
IMG_062,5,8,21,1089,722,1132,747,43,25
IMG_062,6,1,Entries,180,871,305,897,125,26
IMG_062,6,2,are,323,879,380,897,57,18
IMG_062,6,3,arranged,398,871,557,904,159,33
IMG_062,6,4,alphabetically,575,871,818,904,243,33
IMG_062,6,5,by,836,871,878,904,42,33
IMG_062,6,6,surname.,896,879,1057,897,161,18
IMG_062,7,1,Document,172,2205,305,2242,133,37
IMG_062,7,2,ID:,321,2205,370,2242,49,37
IMG_062,7,3,IMG_062,386,2205,500,2242,114,37
IMG_063,1,1,COMMERCIAL,362,160,791,202,429,42
IMG_063,1,2,DIRECTORY,833,160,1219,202,386,42
IMG_063,1,3,1882,1261,160,1432,202,171,42
IMG_063,2,1,YORKSHIRE,179,272,398,297,219,25
IMG_063,2,2,DISTRICT,416,272,591,297,175,25
IMG_063,3,1,Clara,180,421,274,447,94,26
IMG_063,3,2,Johnson,289,421,430,454,141,33
IMG_063,3,3,—,448,437,482,447,34,10
IMG_063,3,4,"carpenter,",500,424,676,454,176,30
IMG_063,3,5,High,694,421,778,454,84,33
IMG_063,3,6,"Street,",796,422,914,451,118,29
IMG_063,3,7,No.,932,422,992,447,60,25
IMG_063,3,8,14,1010,422,1053,447,43,25
IMG_063,4,1,James,177,572,284,604,107,32
IMG_063,4,2,Brown,302,572,415,597,113,25
IMG_063,4,3,—,433,587,467,597,34,10
IMG_063,4,4,"stationer,",485,571,647,601,162,30
IMG_063,4,5,Market,665,571,791,597,126,26
IMG_063,4,6,"Road,",809,571,908,601,99,30
IMG_063,4,7,No.,926,572,986,597,60,25
IMG_063,4,8,8,1004,572,1026,597,22,25
IMG_063,5,1,Elizabeth,180,721,342,747,162,26
IMG_063,5,2,Clark,360,721,454,747,94,26
IMG_063,5,3,—,472,737,506,747,34,10
IMG_063,5,4,"dressmaker,",524,721,734,751,210,30
IMG_063,5,5,Church,752,721,879,747,127,26
IMG_063,5,6,"Lane,",897,722,993,751,96,29
IMG_063,5,7,No.,1011,722,1071,747,60,25
IMG_063,5,8,21,1089,722,1132,747,43,25
IMG_063,6,1,Entries,180,871,305,897,125,26
IMG_063,6,2,are,323,879,380,897,57,18
IMG_063,6,3,arranged,398,871,557,904,159,33
IMG_063,6,4,alphabetically,575,871,818,904,243,33
IMG_063,6,5,by,836,871,878,904,42,33
IMG_063,6,6,surname.,896,879,1057,897,161,18
IMG_063,7,1,Document,172,2205,305,2242,133,37
IMG_063,7,2,ID:,321,2205,370,2242,49,37
IMG_063,7,3,IMG_063,386,2205,500,2242,114,37
IMG_064,1,1,COMMERCIAL,362,160,791,202,429,42
IMG_064,1,2,DIRECTORY,833,160,1219,202,386,42
IMG_064,1,3,1910,1261,160,1432,202,171,42
IMG_064,2,1,BRISTOL,180,272,340,297,160,25
IMG_064,2,2,DISTRICT,358,272,533,297,175,25
IMG_064,3,1,Edward,180,421,314,447,134,26
IMG_064,3,2,Harris,332,421,443,447,111,26
IMG_064,3,3,—,461,437,495,447,34,10
IMG_064,3,4,"baker,",513,421,619,451,106,30
IMG_064,3,5,High,637,421,721,454,84,33
IMG_064,3,6,"Street,",739,422,857,451,118,29
IMG_064,3,7,No.,875,422,935,447,60,25
IMG_064,3,8,14,953,422,996,447,43,25
IMG_064,4,1,James,177,572,284,604,107,32
IMG_064,4,2,Brown,302,572,415,597,113,25
IMG_064,4,3,—,433,587,467,597,34,10
IMG_064,4,4,"stationer,",485,571,647,601,162,30
IMG_064,4,5,Market,665,571,791,597,126,26
IMG_064,4,6,"Road,",809,571,908,601,99,30
IMG_064,4,7,No.,926,572,986,597,60,25
IMG_064,4,8,8,1004,572,1026,597,22,25
IMG_064,5,1,Elizabeth,180,721,342,747,162,26
IMG_064,5,2,Clark,360,721,454,747,94,26
IMG_064,5,3,—,472,737,506,747,34,10
IMG_064,5,4,"dressmaker,",524,721,734,751,210,30
IMG_064,5,5,Church,752,721,879,747,127,26
IMG_064,5,6,"Lane,",897,722,993,751,96,29
IMG_064,5,7,No.,1011,722,1071,747,60,25
IMG_064,5,8,21,1089,722,1132,747,43,25
IMG_064,6,1,Entries,180,871,305,897,125,26
IMG_064,6,2,are,323,879,380,897,57,18
IMG_064,6,3,arranged,398,871,557,904,159,33
IMG_064,6,4,alphabetically,575,871,818,904,243,33
IMG_064,6,5,by,836,871,878,904,42,33
IMG_064,6,6,surname.,896,879,1057,897,161,18
IMG_064,7,1,Document,172,2205,305,2242,133,37
IMG_064,7,2,ID:,321,2205,370,2242,49,37
IMG_064,7,3,IMG_064,386,2205,500,2242,114,37
IMG_065,1,1,COMMERCIAL,362,160,791,202,429,42
IMG_065,1,2,DIRECTORY,833,160,1219,202,386,42
IMG_065,1,3,1884,1261,160,1432,202,171,42
IMG_065,2,1,KENT,180,272,283,297,103,25
IMG_065,2,2,DISTRICT,301,272,476,297,175,25
IMG_065,3,1,Margaret,180,422,344,454,164,32
IMG_065,3,2,Lewis,362,421,462,447,100,26
IMG_065,3,3,—,480,437,514,447,34,10
IMG_065,3,4,"baker,",532,421,638,451,106,30
IMG_065,3,5,High,656,421,740,454,84,33
IMG_065,3,6,"Street,",758,422,876,451,118,29
IMG_065,3,7,No.,894,422,954,447,60,25
IMG_065,3,8,14,972,422,1015,447,43,25
IMG_065,4,1,James,177,572,284,604,107,32
IMG_065,4,2,Brown,302,572,415,597,113,25
IMG_065,4,3,—,433,587,467,597,34,10
IMG_065,4,4,"stationer,",485,571,647,601,162,30
IMG_065,4,5,Market,665,571,791,597,126,26
IMG_065,4,6,"Road,",809,571,908,601,99,30
IMG_065,4,7,No.,926,572,986,597,60,25
IMG_065,4,8,8,1004,572,1026,597,22,25
IMG_065,5,1,Elizabeth,180,721,342,747,162,26
IMG_065,5,2,Clark,360,721,454,747,94,26
IMG_065,5,3,—,472,737,506,747,34,10
IMG_065,5,4,"dressmaker,",524,721,734,751,210,30
IMG_065,5,5,Church,752,721,879,747,127,26
IMG_065,5,6,"Lane,",897,722,993,751,96,29
IMG_065,5,7,No.,1011,722,1071,747,60,25
IMG_065,5,8,21,1089,722,1132,747,43,25
IMG_065,6,1,Entries,180,871,305,897,125,26
IMG_065,6,2,are,323,879,380,897,57,18
IMG_065,6,3,arranged,398,871,557,904,159,33
IMG_065,6,4,alphabetically,575,871,818,904,243,33
IMG_065,6,5,by,836,871,878,904,42,33
IMG_065,6,6,surname.,896,879,1057,897,161,18
IMG_065,7,1,Document,172,2205,305,2242,133,37
IMG_065,7,2,ID:,321,2205,370,2242,49,37
IMG_065,7,3,IMG_065,386,2205,500,2242,114,37
IMG_066,1,1,COMMERCIAL,362,160,791,202,429,42
IMG_066,1,2,DIRECTORY,833,160,1219,202,386,42
IMG_066,1,3,1902,1261,160,1432,202,171,42
IMG_066,2,1,DURHAM,180,272,351,297,171,25
IMG_066,2,2,DISTRICT,369,272,544,297,175,25
IMG_066,3,1,Margaret,180,422,344,454,164,32
IMG_066,3,2,Lewis,362,421,462,447,100,26
IMG_066,3,3,—,480,437,514,447,34,10
IMG_066,3,4,"teacher,",532,421,670,451,138,30
IMG_066,3,5,High,688,421,772,454,84,33
IMG_066,3,6,"Street,",790,422,908,451,118,29
IMG_066,3,7,No.,926,422,986,447,60,25
IMG_066,3,8,14,1004,422,1047,447,43,25
IMG_066,4,1,James,177,572,284,604,107,32
IMG_066,4,2,Brown,302,572,415,597,113,25
IMG_066,4,3,—,433,587,467,597,34,10
IMG_066,4,4,"stationer,",485,571,647,601,162,30
IMG_066,4,5,Market,665,571,791,597,126,26
IMG_066,4,6,"Road,",809,571,908,601,99,30
IMG_066,4,7,No.,926,572,986,597,60,25
IMG_066,4,8,8,1004,572,1026,597,22,25
IMG_066,5,1,Elizabeth,180,721,342,747,162,26
IMG_066,5,2,Clark,360,721,454,747,94,26
IMG_066,5,3,—,472,737,506,747,34,10
IMG_066,5,4,"dressmaker,",524,721,734,751,210,30
IMG_066,5,5,Church,752,721,879,747,127,26
IMG_066,5,6,"Lane,",897,722,993,751,96,29
IMG_066,5,7,No.,1011,722,1071,747,60,25
IMG_066,5,8,21,1089,722,1132,747,43,25
IMG_066,6,1,Entries,180,871,305,897,125,26
IMG_066,6,2,are,323,879,380,897,57,18
IMG_066,6,3,arranged,398,871,557,904,159,33
IMG_066,6,4,alphabetically,575,871,818,904,243,33
IMG_066,6,5,by,836,871,878,904,42,33
IMG_066,6,6,surname.,896,879,1057,897,161,18
IMG_066,7,1,Document,172,2205,305,2242,133,37
IMG_066,7,2,ID:,321,2205,370,2242,49,37
IMG_066,7,3,IMG_066,386,2205,500,2242,114,37
IMG_067,1,1,COMMERCIAL,362,160,791,202,429,42
IMG_067,1,2,DIRECTORY,833,160,1219,202,386,42
IMG_067,1,3,1911,1261,160,1432,202,171,42
IMG_067,2,1,MANCHESTER,180,272,447,297,267,25
IMG_067,2,2,DISTRICT,465,272,640,297,175,25
IMG_067,3,1,Henry,180,422,288,454,108,32
IMG_067,3,2,Davis,306,421,401,447,95,26
IMG_067,3,3,—,419,437,453,447,34,10
IMG_067,3,4,"teacher,",471,421,609,451,138,30
IMG_067,3,5,High,627,421,711,454,84,33
IMG_067,3,6,"Street,",729,422,847,451,118,29
IMG_067,3,7,No.,865,422,925,447,60,25
IMG_067,3,8,14,943,422,986,447,43,25
IMG_067,4,1,James,177,572,284,604,107,32
IMG_067,4,2,Brown,302,572,415,597,113,25
IMG_067,4,3,—,433,587,467,597,34,10
IMG_067,4,4,"stationer,",485,571,647,601,162,30
IMG_067,4,5,Market,665,571,791,597,126,26
IMG_067,4,6,"Road,",809,571,908,601,99,30
IMG_067,4,7,No.,926,572,986,597,60,25
IMG_067,4,8,8,1004,572,1026,597,22,25
IMG_067,5,1,Elizabeth,180,721,342,747,162,26
IMG_067,5,2,Clark,360,721,454,747,94,26
IMG_067,5,3,—,472,737,506,747,34,10
IMG_067,5,4,"dressmaker,",524,721,734,751,210,30
IMG_067,5,5,Church,752,721,879,747,127,26
IMG_067,5,6,"Lane,",897,722,993,751,96,29
IMG_067,5,7,No.,1011,722,1071,747,60,25
IMG_067,5,8,21,1089,722,1132,747,43,25
IMG_067,6,1,Entries,180,871,305,897,125,26
IMG_067,6,2,are,323,879,380,897,57,18
IMG_067,6,3,arranged,398,871,557,904,159,33
IMG_067,6,4,alphabetically,575,871,818,904,243,33
IMG_067,6,5,by,836,871,878,904,42,33
IMG_067,6,6,surname.,896,879,1057,897,161,18
IMG_067,7,1,Document,172,2205,305,2242,133,37
IMG_067,7,2,ID:,321,2205,370,2242,49,37
IMG_067,7,3,IMG_067,386,2205,500,2242,114,37
IMG_068,1,1,COMMERCIAL,362,160,791,202,429,42
IMG_068,1,2,DIRECTORY,833,160,1219,202,386,42
IMG_068,1,3,1902,1261,160,1432,202,171,42
IMG_068,2,1,YORKSHIRE,179,272,398,297,219,25
IMG_068,2,2,DISTRICT,416,272,591,297,175,25
IMG_068,3,1,George,180,422,306,454,126,32
IMG_068,3,2,Miller,324,421,429,447,105,26
IMG_068,3,3,—,447,437,481,447,34,10
IMG_068,3,4,"blacksmith,",499,421,698,451,199,30
IMG_068,3,5,High,716,421,800,454,84,33
IMG_068,3,6,"Street,",818,422,936,451,118,29
IMG_068,3,7,No.,954,422,1014,447,60,25
IMG_068,3,8,14,1032,422,1075,447,43,25
IMG_068,4,1,James,177,572,284,604,107,32
IMG_068,4,2,Brown,302,572,415,597,113,25
IMG_068,4,3,—,433,587,467,597,34,10
IMG_068,4,4,"stationer,",485,571,647,601,162,30
IMG_068,4,5,Market,665,571,791,597,126,26
IMG_068,4,6,"Road,",809,571,908,601,99,30
IMG_068,4,7,No.,926,572,986,597,60,25
IMG_068,4,8,8,1004,572,1026,597,22,25
IMG_068,5,1,Elizabeth,180,721,342,747,162,26
IMG_068,5,2,Clark,360,721,454,747,94,26
IMG_068,5,3,—,472,737,506,747,34,10
IMG_068,5,4,"dressmaker,",524,721,734,751,210,30
IMG_068,5,5,Church,752,721,879,747,127,26
IMG_068,5,6,"Lane,",897,722,993,751,96,29
IMG_068,5,7,No.,1011,722,1071,747,60,25
IMG_068,5,8,21,1089,722,1132,747,43,25
IMG_068,6,1,Entries,180,871,305,897,125,26
IMG_068,6,2,are,323,879,380,897,57,18
IMG_068,6,3,arranged,398,871,557,904,159,33
IMG_068,6,4,alphabetically,575,871,818,904,243,33
IMG_068,6,5,by,836,871,878,904,42,33
IMG_068,6,6,surname.,896,879,1057,897,161,18
IMG_068,7,1,Document,172,2205,305,2242,133,37
IMG_068,7,2,ID:,321,2205,370,2242,49,37
IMG_068,7,3,IMG_068,386,2205,500,2242,114,37
IMG_069,1,1,COMMERCIAL,362,160,791,202,429,42
IMG_069,1,2,DIRECTORY,833,160,1219,202,386,42
IMG_069,1,3,1916,1261,160,1432,202,171,42
IMG_069,2,1,LEEDS,180,272,303,297,123,25
IMG_069,2,2,DISTRICT,321,272,496,297,175,25
IMG_069,3,1,George,180,422,306,454,126,32
IMG_069,3,2,Miller,324,421,429,447,105,26
IMG_069,3,3,—,447,437,481,447,34,10
IMG_069,3,4,"tailor,",499,421,598,451,99,30
IMG_069,3,5,High,616,421,700,454,84,33
IMG_069,3,6,"Street,",718,422,836,451,118,29
IMG_069,3,7,No.,854,422,914,447,60,25
IMG_069,3,8,14,932,422,975,447,43,25
IMG_069,4,1,James,177,572,284,604,107,32
IMG_069,4,2,Brown,302,572,415,597,113,25
IMG_069,4,3,—,433,587,467,597,34,10
IMG_069,4,4,"stationer,",485,571,647,601,162,30
IMG_069,4,5,Market,665,571,791,597,126,26
IMG_069,4,6,"Road,",809,571,908,601,99,30
IMG_069,4,7,No.,926,572,986,597,60,25
IMG_069,4,8,8,1004,572,1026,597,22,25
IMG_069,5,1,Elizabeth,180,721,342,747,162,26
IMG_069,5,2,Clark,360,721,454,747,94,26
IMG_069,5,3,—,472,737,506,747,34,10
IMG_069,5,4,"dressmaker,",524,721,734,751,210,30
IMG_069,5,5,Church,752,721,879,747,127,26
IMG_069,5,6,"Lane,",897,722,993,751,96,29
IMG_069,5,7,No.,1011,722,1071,747,60,25
IMG_069,5,8,21,1089,722,1132,747,43,25
IMG_069,6,1,Entries,180,871,305,897,125,26
IMG_069,6,2,are,323,879,380,897,57,18
IMG_069,6,3,arranged,398,871,557,904,159,33
IMG_069,6,4,alphabetically,575,871,818,904,243,33
IMG_069,6,5,by,836,871,878,904,42,33
IMG_069,6,6,surname.,896,879,1057,897,161,18
IMG_069,7,1,Document,172,2205,305,2242,133,37
IMG_069,7,2,ID:,321,2205,370,2242,49,37
IMG_069,7,3,IMG_069,386,2205,500,2242,114,37
IMG_070,1,1,COMMERCIAL,362,160,791,202,429,42
IMG_070,1,2,DIRECTORY,833,160,1219,202,386,42
IMG_070,1,3,1894,1261,160,1432,202,171,42
IMG_070,2,1,YORKSHIRE,179,272,398,297,219,25
IMG_070,2,2,DISTRICT,416,272,591,297,175,25
IMG_070,3,1,Henry,180,422,288,454,108,32
IMG_070,3,2,Davis,306,421,401,447,95,26
IMG_070,3,3,—,419,437,453,447,34,10
IMG_070,3,4,"stationer,",471,421,633,451,162,30
IMG_070,3,5,High,651,421,735,454,84,33
IMG_070,3,6,"Street,",753,422,871,451,118,29
IMG_070,3,7,No.,889,422,949,447,60,25
IMG_070,3,8,14,967,422,1010,447,43,25
IMG_070,4,1,James,177,572,284,604,107,32
IMG_070,4,2,Brown,302,572,415,597,113,25
IMG_070,4,3,—,433,587,467,597,34,10
IMG_070,4,4,"stationer,",485,571,647,601,162,30
IMG_070,4,5,Market,665,571,791,597,126,26
IMG_070,4,6,"Road,",809,571,908,601,99,30
IMG_070,4,7,No.,926,572,986,597,60,25
IMG_070,4,8,8,1004,572,1026,597,22,25
IMG_070,5,1,Elizabeth,180,721,342,747,162,26
IMG_070,5,2,Clark,360,721,454,747,94,26
IMG_070,5,3,—,472,737,506,747,34,10
IMG_070,5,4,"dressmaker,",524,721,734,751,210,30
IMG_070,5,5,Church,752,721,879,747,127,26
IMG_070,5,6,"Lane,",897,722,993,751,96,29
IMG_070,5,7,No.,1011,722,1071,747,60,25
IMG_070,5,8,21,1089,722,1132,747,43,25
IMG_070,6,1,Entries,180,871,305,897,125,26
IMG_070,6,2,are,323,879,380,897,57,18
IMG_070,6,3,arranged,398,871,557,904,159,33
IMG_070,6,4,alphabetically,575,871,818,904,243,33
IMG_070,6,5,by,836,871,878,904,42,33
IMG_070,6,6,surname.,896,879,1057,897,161,18
IMG_070,7,1,Document,172,2205,305,2242,133,37
IMG_070,7,2,ID:,321,2205,370,2242,49,37
IMG_070,7,3,IMG_070,386,2205,500,2242,114,37
IMG_071,1,1,IN,645,155,737,205,92,50
IMG_071,1,2,MEMORIAM,783,155,1151,205,368,50
IMG_071,2,1,Margaret,180,272,344,304,164,32
IMG_071,2,2,Lewis,362,271,462,297,100,26
IMG_071,3,1,Died,180,421,260,447,80,26
IMG_071,3,2,at,278,424,312,447,34,23
IMG_071,3,3,"Yorkshire,",329,421,504,451,175,30
IMG_071,3,4,3,522,422,544,447,22,25
IMG_071,3,5,March,562,421,674,447,112,26
IMG_071,3,6,1920,692,422,779,447,87,25
IMG_071,4,1,Aged,179,571,268,604,89,33
IMG_071,4,2,67,286,572,329,597,43,25
IMG_071,4,3,years.,346,579,451,604,105,25
IMG_071,5,1,He,180,722,230,747,50,25
IMG_071,5,2,was,248,729,315,747,67,18
IMG_071,5,3,known,333,721,447,747,114,26
IMG_071,5,4,throughout,465,721,659,754,194,33
IMG_071,5,5,the,677,721,733,747,56,26
IMG_071,5,6,parish,751,721,860,754,109,33
IMG_071,5,7,for,878,721,928,747,50,26
IMG_071,5,8,his,946,721,996,747,50,26
IMG_071,5,9,honest,1014,721,1130,747,116,26
IMG_071,5,10,work,1148,721,1235,747,87,26
IMG_071,5,11,as,1253,729,1291,747,38,18
IMG_071,5,12,a,1309,729,1329,747,20,18
IMG_071,5,13,printer.,1347,721,1475,754,128,33
IMG_071,6,1,Peace,180,872,281,897,101,25
IMG_071,6,2,be,299,871,341,897,42,26
IMG_071,6,3,with,359,871,435,897,76,26
IMG_071,6,4,him.,453,871,529,897,76,26
IMG_071,7,1,Document,172,2205,305,2242,133,37
IMG_071,7,2,ID:,321,2205,370,2242,49,37
IMG_071,7,3,IMG_071,386,2205,500,2242,114,37
IMG_072,1,1,IN,645,155,737,205,92,50
IMG_072,1,2,MEMORIAM,783,155,1151,205,368,50
IMG_072,2,1,Florence,180,271,332,297,152,26
IMG_072,2,2,Brown,350,272,463,297,113,25
IMG_072,3,1,Died,180,421,260,447,80,26
IMG_072,3,2,at,278,424,312,447,34,23
IMG_072,3,3,"Kent,",330,422,421,451,91,29
IMG_072,3,4,3,439,422,461,447,22,25
IMG_072,3,5,March,479,421,591,447,112,26
IMG_072,3,6,1930,609,422,696,447,87,25
IMG_072,4,1,Aged,179,571,268,604,89,33
IMG_072,4,2,67,286,572,329,597,43,25
IMG_072,4,3,years.,346,579,451,604,105,25
IMG_072,5,1,He,180,722,230,747,50,25
IMG_072,5,2,was,248,729,315,747,67,18
IMG_072,5,3,known,333,721,447,747,114,26
IMG_072,5,4,throughout,465,721,659,754,194,33
IMG_072,5,5,the,677,721,733,747,56,26
IMG_072,5,6,parish,751,721,860,754,109,33
IMG_072,5,7,for,878,721,928,747,50,26
IMG_072,5,8,his,946,721,996,747,50,26
IMG_072,5,9,honest,1014,721,1130,747,116,26
IMG_072,5,10,work,1148,721,1235,747,87,26
IMG_072,5,11,as,1253,729,1291,747,38,18
IMG_072,5,12,a,1309,729,1329,747,20,18
IMG_072,5,13,baker.,1347,721,1453,747,106,26
IMG_072,6,1,Peace,180,872,281,897,101,25
IMG_072,6,2,be,299,871,341,897,42,26
IMG_072,6,3,with,359,871,435,897,76,26
IMG_072,6,4,him.,453,871,529,897,76,26
IMG_072,7,1,Document,172,2205,305,2242,133,37
IMG_072,7,2,ID:,321,2205,370,2242,49,37
IMG_072,7,3,IMG_072,386,2205,500,2242,114,37
IMG_073,1,1,IN,645,155,737,205,92,50
IMG_073,1,2,MEMORIAM,783,155,1151,205,368,50
IMG_073,2,1,Eleanor,180,271,315,297,135,26
IMG_073,2,2,Smith,333,271,435,297,102,26
IMG_073,3,1,Died,180,421,260,447,80,26
IMG_073,3,2,at,278,424,312,447,34,23
IMG_073,3,3,"Norfolk,",330,421,472,451,142,30
IMG_073,3,4,3,490,422,512,447,22,25
IMG_073,3,5,March,530,421,642,447,112,26
IMG_073,3,6,1889,660,422,747,447,87,25
IMG_073,4,1,Aged,179,571,268,604,89,33
IMG_073,4,2,67,286,572,329,597,43,25
IMG_073,4,3,years.,346,579,451,604,105,25
IMG_073,5,1,He,180,722,230,747,50,25
IMG_073,5,2,was,248,729,315,747,67,18
IMG_073,5,3,known,333,721,447,747,114,26
IMG_073,5,4,throughout,465,721,659,754,194,33
IMG_073,5,5,the,677,721,733,747,56,26
IMG_073,5,6,parish,751,721,860,754,109,33
IMG_073,5,7,for,878,721,928,747,50,26
IMG_073,5,8,his,946,721,996,747,50,26
IMG_073,5,9,honest,1014,721,1130,747,116,26
IMG_073,5,10,work,1148,721,1235,747,87,26
IMG_073,5,11,as,1253,729,1291,747,38,18
IMG_073,5,12,a,1309,729,1329,747,20,18
IMG_073,5,13,baker.,1347,721,1453,747,106,26
IMG_073,6,1,Peace,180,872,281,897,101,25
IMG_073,6,2,be,299,871,341,897,42,26
IMG_073,6,3,with,359,871,435,897,76,26
IMG_073,6,4,him.,453,871,529,897,76,26
IMG_073,7,1,Document,172,2205,305,2242,133,37
IMG_073,7,2,ID:,321,2205,370,2242,49,37
IMG_073,7,3,IMG_073,386,2205,500,2242,114,37
IMG_074,1,1,IN,645,155,737,205,92,50
IMG_074,1,2,MEMORIAM,783,155,1151,205,368,50
IMG_074,2,1,Arthur,179,271,295,297,116,26
IMG_074,2,2,Wilson,313,271,429,297,116,26
IMG_074,3,1,Died,180,421,260,447,80,26
IMG_074,3,2,at,278,424,312,447,34,23
IMG_074,3,3,"Bristol,",330,421,455,451,125,30
IMG_074,3,4,3,473,422,495,447,22,25
IMG_074,3,5,March,513,421,625,447,112,26
IMG_074,3,6,1932,643,422,730,447,87,25
IMG_074,4,1,Aged,179,571,268,604,89,33
IMG_074,4,2,67,286,572,329,597,43,25
IMG_074,4,3,years.,346,579,451,604,105,25
IMG_074,5,1,He,180,722,230,747,50,25
IMG_074,5,2,was,248,729,315,747,67,18
IMG_074,5,3,known,333,721,447,747,114,26
IMG_074,5,4,throughout,465,721,659,754,194,33
IMG_074,5,5,the,677,721,733,747,56,26
IMG_074,5,6,parish,751,721,860,754,109,33
IMG_074,5,7,for,878,721,928,747,50,26
IMG_074,5,8,his,946,721,996,747,50,26
IMG_074,5,9,honest,1014,721,1130,747,116,26
IMG_074,5,10,work,1148,721,1235,747,87,26
IMG_074,5,11,as,1253,729,1291,747,38,18
IMG_074,5,12,a,1309,729,1329,747,20,18
IMG_074,5,13,clerk.,1347,721,1445,747,98,26
IMG_074,6,1,Peace,180,872,281,897,101,25
IMG_074,6,2,be,299,871,341,897,42,26
IMG_074,6,3,with,359,871,435,897,76,26
IMG_074,6,4,him.,453,871,529,897,76,26
IMG_074,7,1,Document,172,2205,305,2242,133,37
IMG_074,7,2,ID:,321,2205,370,2242,49,37
IMG_074,7,3,IMG_074,386,2205,500,2242,114,37
IMG_075,1,1,IN,645,155,737,205,92,50
IMG_075,1,2,MEMORIAM,783,155,1151,205,368,50
IMG_075,2,1,Thomas,180,271,315,297,135,26
IMG_075,2,2,Bennett,333,272,470,297,137,25
IMG_075,3,1,Died,180,421,260,447,80,26
IMG_075,3,2,at,278,424,312,447,34,23
IMG_075,3,3,"Yorkshire,",329,421,504,451,175,30
IMG_075,3,4,3,522,422,544,447,22,25
IMG_075,3,5,March,562,421,674,447,112,26
IMG_075,3,6,1887,692,422,779,447,87,25
IMG_075,4,1,Aged,179,571,268,604,89,33
IMG_075,4,2,67,286,572,329,597,43,25
IMG_075,4,3,years.,346,579,451,604,105,25
IMG_075,5,1,He,180,722,230,747,50,25
IMG_075,5,2,was,248,729,315,747,67,18
IMG_075,5,3,known,333,721,447,747,114,26
IMG_075,5,4,throughout,465,721,659,754,194,33
IMG_075,5,5,the,677,721,733,747,56,26
IMG_075,5,6,parish,751,721,860,754,109,33
IMG_075,5,7,for,878,721,928,747,50,26
IMG_075,5,8,his,946,721,996,747,50,26
IMG_075,5,9,honest,1014,721,1130,747,116,26
IMG_075,5,10,work,1148,721,1235,747,87,26
IMG_075,5,11,as,1253,729,1291,747,38,18
IMG_075,5,12,a,1309,729,1329,747,20,18
IMG_075,5,13,merchant.,1347,721,1523,747,176,26
IMG_075,6,1,Peace,180,872,281,897,101,25
IMG_075,6,2,be,299,871,341,897,42,26
IMG_075,6,3,with,359,871,435,897,76,26
IMG_075,6,4,him.,453,871,529,897,76,26
IMG_075,7,1,Document,172,2205,305,2242,133,37
IMG_075,7,2,ID:,321,2205,370,2242,49,37
IMG_075,7,3,IMG_075,386,2205,500,2242,114,37
IMG_076,1,1,IN,645,155,737,205,92,50
IMG_076,1,2,MEMORIAM,783,155,1151,205,368,50
IMG_076,2,1,Thomas,180,271,315,297,135,26
IMG_076,2,2,Bennett,333,272,470,297,137,25
IMG_076,3,1,Died,180,421,260,447,80,26
IMG_076,3,2,at,278,424,312,447,34,23
IMG_076,3,3,"Norfolk,",330,421,472,451,142,30
IMG_076,3,4,3,490,422,512,447,22,25
IMG_076,3,5,March,530,421,642,447,112,26
IMG_076,3,6,1917,660,422,747,447,87,25
IMG_076,4,1,Aged,179,571,268,604,89,33
IMG_076,4,2,67,286,572,329,597,43,25
IMG_076,4,3,years.,346,579,451,604,105,25
IMG_076,5,1,He,180,722,230,747,50,25
IMG_076,5,2,was,248,729,315,747,67,18
IMG_076,5,3,known,333,721,447,747,114,26
IMG_076,5,4,throughout,465,721,659,754,194,33
IMG_076,5,5,the,677,721,733,747,56,26
IMG_076,5,6,parish,751,721,860,754,109,33
IMG_076,5,7,for,878,721,928,747,50,26
IMG_076,5,8,his,946,721,996,747,50,26
IMG_076,5,9,honest,1014,721,1130,747,116,26
IMG_076,5,10,work,1148,721,1235,747,87,26
IMG_076,5,11,as,1253,729,1291,747,38,18
IMG_076,5,12,a,1309,729,1329,747,20,18
IMG_076,5,13,farmer.,1347,721,1472,747,125,26
IMG_076,6,1,Peace,180,872,281,897,101,25
IMG_076,6,2,be,299,871,341,897,42,26
IMG_076,6,3,with,359,871,435,897,76,26
IMG_076,6,4,him.,453,871,529,897,76,26
IMG_076,7,1,Document,172,2205,305,2242,133,37
IMG_076,7,2,ID:,321,2205,370,2242,49,37
IMG_076,7,3,IMG_076,386,2205,500,2242,114,37
IMG_077,1,1,IN,645,155,737,205,92,50
IMG_077,1,2,MEMORIAM,783,155,1151,205,368,50
IMG_077,2,1,Arthur,179,271,295,297,116,26
IMG_077,2,2,Wilson,313,271,429,297,116,26
IMG_077,3,1,Died,180,421,260,447,80,26
IMG_077,3,2,at,278,424,312,447,34,23
IMG_077,3,3,"Lancashire,",330,421,531,451,201,30
IMG_077,3,4,3,549,422,571,447,22,25
IMG_077,3,5,March,589,421,701,447,112,26
IMG_077,3,6,1923,719,422,806,447,87,25
IMG_077,4,1,Aged,179,571,268,604,89,33
IMG_077,4,2,67,286,572,329,597,43,25
IMG_077,4,3,years.,346,579,451,604,105,25
IMG_077,5,1,He,180,722,230,747,50,25
IMG_077,5,2,was,248,729,315,747,67,18
IMG_077,5,3,known,333,721,447,747,114,26
IMG_077,5,4,throughout,465,721,659,754,194,33
IMG_077,5,5,the,677,721,733,747,56,26
IMG_077,5,6,parish,751,721,860,754,109,33
IMG_077,5,7,for,878,721,928,747,50,26
IMG_077,5,8,his,946,721,996,747,50,26
IMG_077,5,9,honest,1014,721,1130,747,116,26
IMG_077,5,10,work,1148,721,1235,747,87,26
IMG_077,5,11,as,1253,729,1291,747,38,18
IMG_077,5,12,a,1309,729,1329,747,20,18
IMG_077,5,13,carpenter.,1347,724,1523,754,176,30
IMG_077,6,1,Peace,180,872,281,897,101,25
IMG_077,6,2,be,299,871,341,897,42,26
IMG_077,6,3,with,359,871,435,897,76,26
IMG_077,6,4,him.,453,871,529,897,76,26
IMG_077,7,1,Document,172,2205,305,2242,133,37
IMG_077,7,2,ID:,321,2205,370,2242,49,37
IMG_077,7,3,IMG_077,386,2205,500,2242,114,37
IMG_078,1,1,IN,645,155,737,205,92,50
IMG_078,1,2,MEMORIAM,783,155,1151,205,368,50
IMG_078,2,1,Arthur,179,271,295,297,116,26
IMG_078,2,2,Wilson,313,271,429,297,116,26
IMG_078,3,1,Died,180,421,260,447,80,26
IMG_078,3,2,at,278,424,312,447,34,23
IMG_078,3,3,"Leeds,",330,421,443,451,113,30
IMG_078,3,4,3,461,422,483,447,22,25
IMG_078,3,5,March,501,421,613,447,112,26
IMG_078,3,6,1930,631,422,718,447,87,25
IMG_078,4,1,Aged,179,571,268,604,89,33
IMG_078,4,2,67,286,572,329,597,43,25
IMG_078,4,3,years.,346,579,451,604,105,25
IMG_078,5,1,He,180,722,230,747,50,25
IMG_078,5,2,was,248,729,315,747,67,18
IMG_078,5,3,known,333,721,447,747,114,26
IMG_078,5,4,throughout,465,721,659,754,194,33
IMG_078,5,5,the,677,721,733,747,56,26
IMG_078,5,6,parish,751,721,860,754,109,33
IMG_078,5,7,for,878,721,928,747,50,26
IMG_078,5,8,his,946,721,996,747,50,26
IMG_078,5,9,honest,1014,721,1130,747,116,26
IMG_078,5,10,work,1148,721,1235,747,87,26
IMG_078,5,11,as,1253,729,1291,747,38,18
IMG_078,5,12,a,1309,729,1329,747,20,18
IMG_078,5,13,teacher.,1347,721,1485,747,138,26
IMG_078,6,1,Peace,180,872,281,897,101,25
IMG_078,6,2,be,299,871,341,897,42,26
IMG_078,6,3,with,359,871,435,897,76,26
IMG_078,6,4,him.,453,871,529,897,76,26
IMG_078,7,1,Document,172,2205,305,2242,133,37
IMG_078,7,2,ID:,321,2205,370,2242,49,37
IMG_078,7,3,IMG_078,386,2205,500,2242,114,37
IMG_079,1,1,IN,645,155,737,205,92,50
IMG_079,1,2,MEMORIAM,783,155,1151,205,368,50
IMG_079,2,1,George,180,272,306,304,126,32
IMG_079,2,2,Miller,324,271,429,297,105,26
IMG_079,3,1,Died,180,421,260,447,80,26
IMG_079,3,2,at,278,424,312,447,34,23
IMG_079,3,3,"Manchester,",330,421,543,451,213,30
IMG_079,3,4,3,561,422,583,447,22,25
IMG_079,3,5,March,601,421,713,447,112,26
IMG_079,3,6,1880,731,422,818,447,87,25
IMG_079,4,1,Aged,179,571,268,604,89,33
IMG_079,4,2,67,286,572,329,597,43,25
IMG_079,4,3,years.,346,579,451,604,105,25
IMG_079,5,1,He,180,722,230,747,50,25
IMG_079,5,2,was,248,729,315,747,67,18
IMG_079,5,3,known,333,721,447,747,114,26
IMG_079,5,4,throughout,465,721,659,754,194,33
IMG_079,5,5,the,677,721,733,747,56,26
IMG_079,5,6,parish,751,721,860,754,109,33
IMG_079,5,7,for,878,721,928,747,50,26
IMG_079,5,8,his,946,721,996,747,50,26
IMG_079,5,9,honest,1014,721,1130,747,116,26
IMG_079,5,10,work,1148,721,1235,747,87,26
IMG_079,5,11,as,1253,729,1291,747,38,18
IMG_079,5,12,a,1309,729,1329,747,20,18
IMG_079,5,13,teacher.,1347,721,1485,747,138,26
IMG_079,6,1,Peace,180,872,281,897,101,25
IMG_079,6,2,be,299,871,341,897,42,26
IMG_079,6,3,with,359,871,435,897,76,26
IMG_079,6,4,him.,453,871,529,897,76,26
IMG_079,7,1,Document,172,2205,305,2242,133,37
IMG_079,7,2,ID:,321,2205,370,2242,49,37
IMG_079,7,3,IMG_079,386,2205,500,2242,114,37
IMG_080,1,1,IN,645,155,737,205,92,50
IMG_080,1,2,MEMORIAM,783,155,1151,205,368,50
IMG_080,2,1,George,180,272,306,304,126,32
IMG_080,2,2,Miller,324,271,429,297,105,26
IMG_080,3,1,Died,180,421,260,447,80,26
IMG_080,3,2,at,278,424,312,447,34,23
IMG_080,3,3,"Yorkshire,",329,421,504,451,175,30
IMG_080,3,4,3,522,422,544,447,22,25
IMG_080,3,5,March,562,421,674,447,112,26
IMG_080,3,6,1891,692,422,779,447,87,25
IMG_080,4,1,Aged,179,571,268,604,89,33
IMG_080,4,2,67,286,572,329,597,43,25
IMG_080,4,3,years.,346,579,451,604,105,25
IMG_080,5,1,He,180,722,230,747,50,25
IMG_080,5,2,was,248,729,315,747,67,18
IMG_080,5,3,known,333,721,447,747,114,26
IMG_080,5,4,throughout,465,721,659,754,194,33
IMG_080,5,5,the,677,721,733,747,56,26
IMG_080,5,6,parish,751,721,860,754,109,33
IMG_080,5,7,for,878,721,928,747,50,26
IMG_080,5,8,his,946,721,996,747,50,26
IMG_080,5,9,honest,1014,721,1130,747,116,26
IMG_080,5,10,work,1148,721,1235,747,87,26
IMG_080,5,11,as,1253,729,1291,747,38,18
IMG_080,5,12,a,1309,729,1329,747,20,18
IMG_080,5,13,teacher.,1347,721,1485,747,138,26
IMG_080,6,1,Peace,180,872,281,897,101,25
IMG_080,6,2,be,299,871,341,897,42,26
IMG_080,6,3,with,359,871,435,897,76,26
IMG_080,6,4,him.,453,871,529,897,76,26
IMG_080,7,1,Document,172,2205,305,2242,133,37
IMG_080,7,2,ID:,321,2205,370,2242,49,37
IMG_080,7,3,IMG_080,386,2205,500,2242,114,37
IMG_081,1,1,CERTIFICATE,465,160,919,202,454,42
IMG_081,1,2,OF,960,160,1042,202,82,42
IMG_081,1,3,RECORD,1083,160,1330,202,247,42
IMG_081,2,1,This,180,271,253,297,73,26
IMG_081,2,2,is,271,271,299,297,28,26
IMG_081,2,3,to,317,274,351,297,34,23
IMG_081,2,4,certify,369,271,482,304,113,33
IMG_081,2,5,that,500,271,570,297,70,26
IMG_081,2,6,Eleanor,588,271,723,297,135,26
IMG_081,2,7,Smith,741,271,843,297,102,26
IMG_081,3,1,was,180,429,247,447,67,18
IMG_081,3,2,recorded,265,421,421,447,156,26
IMG_081,3,3,in,439,421,472,447,33,26
IMG_081,3,4,the,490,421,546,447,56,26
IMG_081,3,5,parish,564,421,673,454,109,33
IMG_081,3,6,of,691,421,726,447,35,26
IMG_081,3,7,Devon,744,422,853,447,109,25
IMG_081,4,1,on,180,579,222,597,42,18
IMG_081,4,2,the,240,571,296,597,56,26
IMG_081,4,3,22nd,314,571,401,597,87,26
IMG_081,4,4,day,419,571,481,604,62,33
IMG_081,4,5,of,499,571,534,597,35,26
IMG_081,4,6,August,551,572,674,604,123,32
IMG_081,4,7,1912.,692,572,789,597,97,25
IMG_081,5,1,Occupation:,180,721,388,754,208,33
IMG_081,5,2,merchant,406,721,572,747,166,26
IMG_081,6,1,Entered,180,871,319,897,139,26
IMG_081,6,2,in,337,871,370,897,33,26
IMG_081,6,3,the,388,871,444,897,56,26
IMG_081,6,4,official,462,871,579,897,117,26
IMG_081,6,5,register.,597,871,741,904,144,33
IMG_081,7,1,Document,172,2205,305,2242,133,37
IMG_081,7,2,ID:,321,2205,370,2242,49,37
IMG_081,7,3,IMG_081,386,2205,500,2242,114,37
IMG_082,1,1,CERTIFICATE,465,160,919,202,454,42
IMG_082,1,2,OF,960,160,1042,202,82,42
IMG_082,1,3,RECORD,1083,160,1330,202,247,42
IMG_082,2,1,This,180,271,253,297,73,26
IMG_082,2,2,is,271,271,299,297,28,26
IMG_082,2,3,to,317,274,351,297,34,23
IMG_082,2,4,certify,369,271,482,304,113,33
IMG_082,2,5,that,500,271,570,297,70,26
IMG_082,2,6,Margaret,588,272,752,304,164,32
IMG_082,2,7,Lewis,770,271,870,297,100,26
IMG_082,3,1,was,180,429,247,447,67,18
IMG_082,3,2,recorded,265,421,421,447,156,26
IMG_082,3,3,in,439,421,472,447,33,26
IMG_082,3,4,the,490,421,546,447,56,26
IMG_082,3,5,parish,564,421,673,454,109,33
IMG_082,3,6,of,691,421,726,447,35,26
IMG_082,3,7,Kent,744,422,825,447,81,25
IMG_082,4,1,on,180,579,222,597,42,18
IMG_082,4,2,the,240,571,296,597,56,26
IMG_082,4,3,22nd,314,571,401,597,87,26
IMG_082,4,4,day,419,571,481,604,62,33
IMG_082,4,5,of,499,571,534,597,35,26
IMG_082,4,6,August,551,572,674,604,123,32
IMG_082,4,7,1884.,692,572,789,597,97,25
IMG_082,5,1,Occupation:,180,721,388,754,208,33
IMG_082,5,2,stationer,406,721,561,747,155,26
IMG_082,6,1,Entered,180,871,319,897,139,26
IMG_082,6,2,in,337,871,370,897,33,26
IMG_082,6,3,the,388,871,444,897,56,26
IMG_082,6,4,official,462,871,579,897,117,26
IMG_082,6,5,register.,597,871,741,904,144,33
IMG_082,7,1,Document,172,2205,305,2242,133,37
IMG_082,7,2,ID:,321,2205,370,2242,49,37
IMG_082,7,3,IMG_082,386,2205,500,2242,114,37
IMG_083,1,1,CERTIFICATE,465,160,919,202,454,42
IMG_083,1,2,OF,960,160,1042,202,82,42
IMG_083,1,3,RECORD,1083,160,1330,202,247,42
IMG_083,2,1,This,180,271,253,297,73,26
IMG_083,2,2,is,271,271,299,297,28,26
IMG_083,2,3,to,317,274,351,297,34,23
IMG_083,2,4,certify,369,271,482,304,113,33
IMG_083,2,5,that,500,271,570,297,70,26
IMG_083,2,6,Edward,588,271,722,297,134,26
IMG_083,2,7,Harris,740,271,851,297,111,26
IMG_083,3,1,was,180,429,247,447,67,18
IMG_083,3,2,recorded,265,421,421,447,156,26
IMG_083,3,3,in,439,421,472,447,33,26
IMG_083,3,4,the,490,421,546,447,56,26
IMG_083,3,5,parish,564,421,673,454,109,33
IMG_083,3,6,of,691,421,726,447,35,26
IMG_083,3,7,Lancashire,744,421,935,447,191,26
IMG_083,4,1,on,180,579,222,597,42,18
IMG_083,4,2,the,240,571,296,597,56,26
IMG_083,4,3,22nd,314,571,401,597,87,26
IMG_083,4,4,day,419,571,481,604,62,33
IMG_083,4,5,of,499,571,534,597,35,26
IMG_083,4,6,August,551,572,674,604,123,32
IMG_083,4,7,1898.,692,572,789,597,97,25
IMG_083,5,1,Occupation:,180,721,388,754,208,33
IMG_083,5,2,stationer,406,721,561,747,155,26
IMG_083,6,1,Entered,180,871,319,897,139,26
IMG_083,6,2,in,337,871,370,897,33,26
IMG_083,6,3,the,388,871,444,897,56,26
IMG_083,6,4,official,462,871,579,897,117,26
IMG_083,6,5,register.,597,871,741,904,144,33
IMG_083,7,1,Document,172,2205,305,2242,133,37
IMG_083,7,2,ID:,321,2205,370,2242,49,37
IMG_083,7,3,IMG_083,386,2205,500,2242,114,37
IMG_084,1,1,CERTIFICATE,465,160,919,202,454,42
IMG_084,1,2,OF,960,160,1042,202,82,42
IMG_084,1,3,RECORD,1083,160,1330,202,247,42
IMG_084,2,1,This,180,271,253,297,73,26
IMG_084,2,2,is,271,271,299,297,28,26
IMG_084,2,3,to,317,274,351,297,34,23
IMG_084,2,4,certify,369,271,482,304,113,33
IMG_084,2,5,that,500,271,570,297,70,26
IMG_084,2,6,Margaret,588,272,752,304,164,32
IMG_084,2,7,Lewis,770,271,870,297,100,26
IMG_084,3,1,was,180,429,247,447,67,18
IMG_084,3,2,recorded,265,421,421,447,156,26
IMG_084,3,3,in,439,421,472,447,33,26
IMG_084,3,4,the,490,421,546,447,56,26
IMG_084,3,5,parish,564,421,673,454,109,33
IMG_084,3,6,of,691,421,726,447,35,26
IMG_084,3,7,Kent,744,422,825,447,81,25
IMG_084,4,1,on,180,579,222,597,42,18
IMG_084,4,2,the,240,571,296,597,56,26
IMG_084,4,3,22nd,314,571,401,597,87,26
IMG_084,4,4,day,419,571,481,604,62,33
IMG_084,4,5,of,499,571,534,597,35,26
IMG_084,4,6,August,551,572,674,604,123,32
IMG_084,4,7,1906.,692,572,789,597,97,25
IMG_084,5,1,Occupation:,180,721,388,754,208,33
IMG_084,5,2,tailor,406,721,499,747,93,26
IMG_084,6,1,Entered,180,871,319,897,139,26
IMG_084,6,2,in,337,871,370,897,33,26
IMG_084,6,3,the,388,871,444,897,56,26
IMG_084,6,4,official,462,871,579,897,117,26
IMG_084,6,5,register.,597,871,741,904,144,33
IMG_084,7,1,Document,172,2205,305,2242,133,37
IMG_084,7,2,ID:,321,2205,370,2242,49,37
IMG_084,7,3,IMG_084,386,2205,500,2242,114,37
IMG_085,1,1,CERTIFICATE,465,160,919,202,454,42
IMG_085,1,2,OF,960,160,1042,202,82,42
IMG_085,1,3,RECORD,1083,160,1330,202,247,42
IMG_085,2,1,This,180,271,253,297,73,26
IMG_085,2,2,is,271,271,299,297,28,26
IMG_085,2,3,to,317,274,351,297,34,23
IMG_085,2,4,certify,369,271,482,304,113,33
IMG_085,2,5,that,500,271,570,297,70,26
IMG_085,2,6,Arthur,587,271,703,297,116,26
IMG_085,2,7,Wilson,721,271,837,297,116,26
IMG_085,3,1,was,180,429,247,447,67,18
IMG_085,3,2,recorded,265,421,421,447,156,26
IMG_085,3,3,in,439,421,472,447,33,26
IMG_085,3,4,the,490,421,546,447,56,26
IMG_085,3,5,parish,564,421,673,454,109,33
IMG_085,3,6,of,691,421,726,447,35,26
IMG_085,3,7,Manchester,744,421,950,447,206,26
IMG_085,4,1,on,180,579,222,597,42,18
IMG_085,4,2,the,240,571,296,597,56,26
IMG_085,4,3,22nd,314,571,401,597,87,26
IMG_085,4,4,day,419,571,481,604,62,33
IMG_085,4,5,of,499,571,534,597,35,26
IMG_085,4,6,August,551,572,674,604,123,32
IMG_085,4,7,1927.,692,572,789,597,97,25
IMG_085,5,1,Occupation:,180,721,388,754,208,33
IMG_085,5,2,baker,406,721,506,747,100,26
IMG_085,6,1,Entered,180,871,319,897,139,26
IMG_085,6,2,in,337,871,370,897,33,26
IMG_085,6,3,the,388,871,444,897,56,26
IMG_085,6,4,official,462,871,579,897,117,26
IMG_085,6,5,register.,597,871,741,904,144,33
IMG_085,7,1,Document,172,2205,305,2242,133,37
IMG_085,7,2,ID:,321,2205,370,2242,49,37
IMG_085,7,3,IMG_085,386,2205,500,2242,114,37
IMG_086,1,1,CERTIFICATE,465,160,919,202,454,42
IMG_086,1,2,OF,960,160,1042,202,82,42
IMG_086,1,3,RECORD,1083,160,1330,202,247,42
IMG_086,2,1,This,180,271,253,297,73,26
IMG_086,2,2,is,271,271,299,297,28,26
IMG_086,2,3,to,317,274,351,297,34,23
IMG_086,2,4,certify,369,271,482,304,113,33
IMG_086,2,5,that,500,271,570,297,70,26
IMG_086,2,6,Arthur,587,271,703,297,116,26
IMG_086,2,7,Wilson,721,271,837,297,116,26
IMG_086,3,1,was,180,429,247,447,67,18
IMG_086,3,2,recorded,265,421,421,447,156,26
IMG_086,3,3,in,439,421,472,447,33,26
IMG_086,3,4,the,490,421,546,447,56,26
IMG_086,3,5,parish,564,421,673,454,109,33
IMG_086,3,6,of,691,421,726,447,35,26
IMG_086,3,7,Bristol,744,421,859,447,115,26
IMG_086,4,1,on,180,579,222,597,42,18
IMG_086,4,2,the,240,571,296,597,56,26
IMG_086,4,3,22nd,314,571,401,597,87,26
IMG_086,4,4,day,419,571,481,604,62,33
IMG_086,4,5,of,499,571,534,597,35,26
IMG_086,4,6,August,551,572,674,604,123,32
IMG_086,4,7,1899.,692,572,789,597,97,25
IMG_086,5,1,Occupation:,180,721,388,754,208,33
IMG_086,5,2,stationer,406,721,561,747,155,26
IMG_086,6,1,Entered,180,871,319,897,139,26
IMG_086,6,2,in,337,871,370,897,33,26
IMG_086,6,3,the,388,871,444,897,56,26
IMG_086,6,4,official,462,871,579,897,117,26
IMG_086,6,5,register.,597,871,741,904,144,33
IMG_086,7,1,Document,172,2205,305,2242,133,37
IMG_086,7,2,ID:,321,2205,370,2242,49,37
IMG_086,7,3,IMG_086,386,2205,500,2242,114,37
IMG_087,1,1,CERTIFICATE,465,160,919,202,454,42
IMG_087,1,2,OF,960,160,1042,202,82,42
IMG_087,1,3,RECORD,1083,160,1330,202,247,42
IMG_087,2,1,This,180,271,253,297,73,26
IMG_087,2,2,is,271,271,299,297,28,26
IMG_087,2,3,to,317,274,351,297,34,23
IMG_087,2,4,certify,369,271,482,304,113,33
IMG_087,2,5,that,500,271,570,297,70,26
IMG_087,2,6,Eleanor,588,271,723,297,135,26
IMG_087,2,7,Smith,741,271,843,297,102,26
IMG_087,3,1,was,180,429,247,447,67,18
IMG_087,3,2,recorded,265,421,421,447,156,26
IMG_087,3,3,in,439,421,472,447,33,26
IMG_087,3,4,the,490,421,546,447,56,26
IMG_087,3,5,parish,564,421,673,454,109,33
IMG_087,3,6,of,691,421,726,447,35,26
IMG_087,3,7,Norfolk,744,421,875,447,131,26
IMG_087,4,1,on,180,579,222,597,42,18
IMG_087,4,2,the,240,571,296,597,56,26
IMG_087,4,3,22nd,314,571,401,597,87,26
IMG_087,4,4,day,419,571,481,604,62,33
IMG_087,4,5,of,499,571,534,597,35,26
IMG_087,4,6,August,551,572,674,604,123,32
IMG_087,4,7,1916.,692,572,789,597,97,25
IMG_087,5,1,Occupation:,180,721,388,754,208,33
IMG_087,5,2,baker,406,721,506,747,100,26
IMG_087,6,1,Entered,180,871,319,897,139,26
IMG_087,6,2,in,337,871,370,897,33,26
IMG_087,6,3,the,388,871,444,897,56,26
IMG_087,6,4,official,462,871,579,897,117,26
IMG_087,6,5,register.,597,871,741,904,144,33
IMG_087,7,1,Document,172,2205,305,2242,133,37
IMG_087,7,2,ID:,321,2205,370,2242,49,37
IMG_087,7,3,IMG_087,386,2205,500,2242,114,37
IMG_088,1,1,CERTIFICATE,465,160,919,202,454,42
IMG_088,1,2,OF,960,160,1042,202,82,42
IMG_088,1,3,RECORD,1083,160,1330,202,247,42
IMG_088,2,1,This,180,271,253,297,73,26
IMG_088,2,2,is,271,271,299,297,28,26
IMG_088,2,3,to,317,274,351,297,34,23
IMG_088,2,4,certify,369,271,482,304,113,33
IMG_088,2,5,that,500,271,570,297,70,26
IMG_088,2,6,Thomas,588,271,723,297,135,26
IMG_088,2,7,Bennett,741,272,878,297,137,25
IMG_088,3,1,was,180,429,247,447,67,18
IMG_088,3,2,recorded,265,421,421,447,156,26
IMG_088,3,3,in,439,421,472,447,33,26
IMG_088,3,4,the,490,421,546,447,56,26
IMG_088,3,5,parish,564,421,673,454,109,33
IMG_088,3,6,of,691,421,726,447,35,26
IMG_088,3,7,Manchester,744,421,950,447,206,26
IMG_088,4,1,on,180,579,222,597,42,18
IMG_088,4,2,the,240,571,296,597,56,26
IMG_088,4,3,22nd,314,571,401,597,87,26
IMG_088,4,4,day,419,571,481,604,62,33
IMG_088,4,5,of,499,571,534,597,35,26
IMG_088,4,6,August,551,572,674,604,123,32
IMG_088,4,7,1880.,692,572,789,597,97,25
IMG_088,5,1,Occupation:,180,721,388,754,208,33
IMG_088,5,2,stationer,406,721,561,747,155,26
IMG_088,6,1,Entered,180,871,319,897,139,26
IMG_088,6,2,in,337,871,370,897,33,26
IMG_088,6,3,the,388,871,444,897,56,26
IMG_088,6,4,official,462,871,579,897,117,26
IMG_088,6,5,register.,597,871,741,904,144,33
IMG_088,7,1,Document,172,2205,305,2242,133,37
IMG_088,7,2,ID:,321,2205,370,2242,49,37
IMG_088,7,3,IMG_088,386,2205,500,2242,114,37
IMG_089,1,1,CERTIFICATE,465,160,919,202,454,42
IMG_089,1,2,OF,960,160,1042,202,82,42
IMG_089,1,3,RECORD,1083,160,1330,202,247,42
IMG_089,2,1,This,180,271,253,297,73,26
IMG_089,2,2,is,271,271,299,297,28,26
IMG_089,2,3,to,317,274,351,297,34,23
IMG_089,2,4,certify,369,271,482,304,113,33
IMG_089,2,5,that,500,271,570,297,70,26
IMG_089,2,6,George,588,272,714,304,126,32
IMG_089,2,7,Miller,732,271,837,297,105,26
IMG_089,3,1,was,180,429,247,447,67,18
IMG_089,3,2,recorded,265,421,421,447,156,26
IMG_089,3,3,in,439,421,472,447,33,26
IMG_089,3,4,the,490,421,546,447,56,26
IMG_089,3,5,parish,564,421,673,454,109,33
IMG_089,3,6,of,691,421,726,447,35,26
IMG_089,3,7,Kent,744,422,825,447,81,25
IMG_089,4,1,on,180,579,222,597,42,18
IMG_089,4,2,the,240,571,296,597,56,26
IMG_089,4,3,22nd,314,571,401,597,87,26
IMG_089,4,4,day,419,571,481,604,62,33
IMG_089,4,5,of,499,571,534,597,35,26
IMG_089,4,6,August,551,572,674,604,123,32
IMG_089,4,7,1903.,692,572,789,597,97,25
IMG_089,5,1,Occupation:,180,721,388,754,208,33
IMG_089,5,2,stationer,406,721,561,747,155,26
IMG_089,6,1,Entered,180,871,319,897,139,26
IMG_089,6,2,in,337,871,370,897,33,26
IMG_089,6,3,the,388,871,444,897,56,26
IMG_089,6,4,official,462,871,579,897,117,26
IMG_089,6,5,register.,597,871,741,904,144,33
IMG_089,7,1,Document,172,2205,305,2242,133,37
IMG_089,7,2,ID:,321,2205,370,2242,49,37
IMG_089,7,3,IMG_089,386,2205,500,2242,114,37
IMG_090,1,1,CERTIFICATE,465,160,919,202,454,42
IMG_090,1,2,OF,960,160,1042,202,82,42
IMG_090,1,3,RECORD,1083,160,1330,202,247,42
IMG_090,2,1,This,180,271,253,297,73,26
IMG_090,2,2,is,271,271,299,297,28,26
IMG_090,2,3,to,317,274,351,297,34,23
IMG_090,2,4,certify,369,271,482,304,113,33
IMG_090,2,5,that,500,271,570,297,70,26
IMG_090,2,6,Henry,588,272,696,304,108,32
IMG_090,2,7,Davis,714,271,809,297,95,26
IMG_090,3,1,was,180,429,247,447,67,18
IMG_090,3,2,recorded,265,421,421,447,156,26
IMG_090,3,3,in,439,421,472,447,33,26
IMG_090,3,4,the,490,421,546,447,56,26
IMG_090,3,5,parish,564,421,673,454,109,33
IMG_090,3,6,of,691,421,726,447,35,26
IMG_090,3,7,Durham,744,421,884,447,140,26
IMG_090,4,1,on,180,579,222,597,42,18
IMG_090,4,2,the,240,571,296,597,56,26
IMG_090,4,3,22nd,314,571,401,597,87,26
IMG_090,4,4,day,419,571,481,604,62,33
IMG_090,4,5,of,499,571,534,597,35,26
IMG_090,4,6,August,551,572,674,604,123,32
IMG_090,4,7,1911.,692,572,789,597,97,25
IMG_090,5,1,Occupation:,180,721,388,754,208,33
IMG_090,5,2,tailor,406,721,499,747,93,26
IMG_090,6,1,Entered,180,871,319,897,139,26
IMG_090,6,2,in,337,871,370,897,33,26
IMG_090,6,3,the,388,871,444,897,56,26
IMG_090,6,4,official,462,871,579,897,117,26
IMG_090,6,5,register.,597,871,741,904,144,33
IMG_090,7,1,Document,172,2205,305,2242,133,37
IMG_090,7,2,ID:,321,2205,370,2242,49,37
IMG_090,7,3,IMG_090,386,2205,500,2242,114,37
IMG_091,1,1,PUBLIC,497,160,737,202,240,42
IMG_091,1,2,NOTICE,777,160,1017,202,240,42
IMG_091,1,3,—,1057,160,1097,202,40,42
IMG_091,1,4,1928,1137,160,1297,202,160,42
IMG_091,2,1,Notice,180,271,294,297,114,26
IMG_091,2,2,is,312,271,340,297,28,26
IMG_091,2,3,hereby,358,271,478,304,120,33
IMG_091,2,4,given,496,271,590,304,94,33
IMG_091,2,5,to,608,274,642,297,34,23
IMG_091,2,6,residents,660,271,820,297,160,26
IMG_091,2,7,of,838,271,873,297,35,26
IMG_091,2,8,Norfolk.,891,271,1033,297,142,26
IMG_091,3,1,A,179,422,205,447,26,25
IMG_091,3,2,public,223,421,329,454,106,33
IMG_091,3,3,meeting,347,421,488,454,141,33
IMG_091,3,4,will,506,421,568,447,62,26
IMG_091,3,5,be,586,421,628,447,42,26
IMG_091,3,6,held,646,421,721,447,75,26
IMG_091,3,7,at,739,424,773,447,34,23
IMG_091,3,8,the,791,421,847,447,56,26
IMG_091,3,9,parish,865,421,974,454,109,33
IMG_091,3,10,hall.,992,421,1067,447,75,26
IMG_091,4,1,All,179,571,226,597,47,26
IMG_091,4,2,persons,244,579,379,604,135,25
IMG_091,4,3,concerned,397,571,578,597,181,26
IMG_091,4,4,are,596,579,653,597,57,18
IMG_091,4,5,requested,671,571,844,604,173,33
IMG_091,4,6,to,862,574,896,597,34,23
IMG_091,4,7,attend.,914,571,1036,597,122,26
IMG_091,5,1,Signed:,180,721,311,754,131,33
IMG_091,5,2,Eleanor,329,721,464,747,135,26
IMG_091,5,3,"Smith,",482,721,595,751,113,30
IMG_091,5,4,Parish,613,721,721,747,108,26
IMG_091,5,5,Clerk,739,721,833,747,94,26
IMG_091,6,1,Document,172,2205,305,2242,133,37
IMG_091,6,2,ID:,321,2205,370,2242,49,37
IMG_091,6,3,IMG_091,386,2205,500,2242,114,37
IMG_092,1,1,PUBLIC,497,160,737,202,240,42
IMG_092,1,2,NOTICE,777,160,1017,202,240,42
IMG_092,1,3,—,1057,160,1097,202,40,42
IMG_092,1,4,1884,1137,160,1297,202,160,42
IMG_092,2,1,Notice,180,271,294,297,114,26
IMG_092,2,2,is,312,271,340,297,28,26
IMG_092,2,3,hereby,358,271,478,304,120,33
IMG_092,2,4,given,496,271,590,304,94,33
IMG_092,2,5,to,608,274,642,297,34,23
IMG_092,2,6,residents,660,271,820,297,160,26
IMG_092,2,7,of,838,271,873,297,35,26
IMG_092,2,8,Manchester.,891,271,1104,297,213,26
IMG_092,3,1,A,179,422,205,447,26,25
IMG_092,3,2,public,223,421,329,454,106,33
IMG_092,3,3,meeting,347,421,488,454,141,33
IMG_092,3,4,will,506,421,568,447,62,26
IMG_092,3,5,be,586,421,628,447,42,26
IMG_092,3,6,held,646,421,721,447,75,26
IMG_092,3,7,at,739,424,773,447,34,23
IMG_092,3,8,the,791,421,847,447,56,26
IMG_092,3,9,parish,865,421,974,454,109,33
IMG_092,3,10,hall.,992,421,1067,447,75,26
IMG_092,4,1,All,179,571,226,597,47,26
IMG_092,4,2,persons,244,579,379,604,135,25
IMG_092,4,3,concerned,397,571,578,597,181,26
IMG_092,4,4,are,596,579,653,597,57,18
IMG_092,4,5,requested,671,571,844,604,173,33
IMG_092,4,6,to,862,574,896,597,34,23
IMG_092,4,7,attend.,914,571,1036,597,122,26
IMG_092,5,1,Signed:,180,721,311,754,131,33
IMG_092,5,2,Clara,329,721,423,747,94,26
IMG_092,5,3,"Johnson,",438,721,590,754,152,33
IMG_092,5,4,Parish,608,721,716,747,108,26
IMG_092,5,5,Clerk,734,721,828,747,94,26
IMG_092,6,1,Document,172,2205,305,2242,133,37
IMG_092,6,2,ID:,321,2205,370,2242,49,37
IMG_092,6,3,IMG_092,386,2205,500,2242,114,37
IMG_093,1,1,PUBLIC,497,160,737,202,240,42
IMG_093,1,2,NOTICE,777,160,1017,202,240,42
IMG_093,1,3,—,1057,160,1097,202,40,42
IMG_093,1,4,1881,1137,160,1297,202,160,42
IMG_093,2,1,Notice,180,271,294,297,114,26
IMG_093,2,2,is,312,271,340,297,28,26
IMG_093,2,3,hereby,358,271,478,304,120,33
IMG_093,2,4,given,496,271,590,304,94,33
IMG_093,2,5,to,608,274,642,297,34,23
IMG_093,2,6,residents,660,271,820,297,160,26
IMG_093,2,7,of,838,271,873,297,35,26
IMG_093,2,8,Devon.,891,272,1011,297,120,25
IMG_093,3,1,A,179,422,205,447,26,25
IMG_093,3,2,public,223,421,329,454,106,33
IMG_093,3,3,meeting,347,421,488,454,141,33
IMG_093,3,4,will,506,421,568,447,62,26
IMG_093,3,5,be,586,421,628,447,42,26
IMG_093,3,6,held,646,421,721,447,75,26
IMG_093,3,7,at,739,424,773,447,34,23
IMG_093,3,8,the,791,421,847,447,56,26
IMG_093,3,9,parish,865,421,974,454,109,33
IMG_093,3,10,hall.,992,421,1067,447,75,26
IMG_093,4,1,All,179,571,226,597,47,26
IMG_093,4,2,persons,244,579,379,604,135,25
IMG_093,4,3,concerned,397,571,578,597,181,26
IMG_093,4,4,are,596,579,653,597,57,18
IMG_093,4,5,requested,671,571,844,604,173,33
IMG_093,4,6,to,862,574,896,597,34,23
IMG_093,4,7,attend.,914,571,1036,597,122,26
IMG_093,5,1,Signed:,180,721,311,754,131,33
IMG_093,5,2,Arthur,328,721,444,747,116,26
IMG_093,5,3,"Wilson,",462,721,589,751,127,30
IMG_093,5,4,Parish,607,721,715,747,108,26
IMG_093,5,5,Clerk,733,721,827,747,94,26
IMG_093,6,1,Document,172,2205,305,2242,133,37
IMG_093,6,2,ID:,321,2205,370,2242,49,37
IMG_093,6,3,IMG_093,386,2205,500,2242,114,37
IMG_094,1,1,PUBLIC,497,160,737,202,240,42
IMG_094,1,2,NOTICE,777,160,1017,202,240,42
IMG_094,1,3,—,1057,160,1097,202,40,42
IMG_094,1,4,1935,1137,160,1297,202,160,42
IMG_094,2,1,Notice,180,271,294,297,114,26
IMG_094,2,2,is,312,271,340,297,28,26
IMG_094,2,3,hereby,358,271,478,304,120,33
IMG_094,2,4,given,496,271,590,304,94,33
IMG_094,2,5,to,608,274,642,297,34,23
IMG_094,2,6,residents,660,271,820,297,160,26
IMG_094,2,7,of,838,271,873,297,35,26
IMG_094,2,8,Bristol.,891,271,1016,297,125,26
IMG_094,3,1,A,179,422,205,447,26,25
IMG_094,3,2,public,223,421,329,454,106,33
IMG_094,3,3,meeting,347,421,488,454,141,33
IMG_094,3,4,will,506,421,568,447,62,26
IMG_094,3,5,be,586,421,628,447,42,26
IMG_094,3,6,held,646,421,721,447,75,26
IMG_094,3,7,at,739,424,773,447,34,23
IMG_094,3,8,the,791,421,847,447,56,26
IMG_094,3,9,parish,865,421,974,454,109,33
IMG_094,3,10,hall.,992,421,1067,447,75,26
IMG_094,4,1,All,179,571,226,597,47,26
IMG_094,4,2,persons,244,579,379,604,135,25
IMG_094,4,3,concerned,397,571,578,597,181,26
IMG_094,4,4,are,596,579,653,597,57,18
IMG_094,4,5,requested,671,571,844,604,173,33
IMG_094,4,6,to,862,574,896,597,34,23
IMG_094,4,7,attend.,914,571,1036,597,122,26
IMG_094,5,1,Signed:,180,721,311,754,131,33
IMG_094,5,2,Clara,329,721,423,747,94,26
IMG_094,5,3,"Johnson,",438,721,590,754,152,33
IMG_094,5,4,Parish,608,721,716,747,108,26
IMG_094,5,5,Clerk,734,721,828,747,94,26
IMG_094,6,1,Document,172,2205,305,2242,133,37
IMG_094,6,2,ID:,321,2205,370,2242,49,37
IMG_094,6,3,IMG_094,386,2205,500,2242,114,37
IMG_095,1,1,PUBLIC,497,160,737,202,240,42
IMG_095,1,2,NOTICE,777,160,1017,202,240,42
IMG_095,1,3,—,1057,160,1097,202,40,42
IMG_095,1,4,1886,1137,160,1297,202,160,42
IMG_095,2,1,Notice,180,271,294,297,114,26
IMG_095,2,2,is,312,271,340,297,28,26
IMG_095,2,3,hereby,358,271,478,304,120,33
IMG_095,2,4,given,496,271,590,304,94,33
IMG_095,2,5,to,608,274,642,297,34,23
IMG_095,2,6,residents,660,271,820,297,160,26
IMG_095,2,7,of,838,271,873,297,35,26
IMG_095,2,8,Bristol.,891,271,1016,297,125,26
IMG_095,3,1,A,179,422,205,447,26,25
IMG_095,3,2,public,223,421,329,454,106,33
IMG_095,3,3,meeting,347,421,488,454,141,33
IMG_095,3,4,will,506,421,568,447,62,26
IMG_095,3,5,be,586,421,628,447,42,26
IMG_095,3,6,held,646,421,721,447,75,26
IMG_095,3,7,at,739,424,773,447,34,23
IMG_095,3,8,the,791,421,847,447,56,26
IMG_095,3,9,parish,865,421,974,454,109,33
IMG_095,3,10,hall.,992,421,1067,447,75,26
IMG_095,4,1,All,179,571,226,597,47,26
IMG_095,4,2,persons,244,579,379,604,135,25
IMG_095,4,3,concerned,397,571,578,597,181,26
IMG_095,4,4,are,596,579,653,597,57,18
IMG_095,4,5,requested,671,571,844,604,173,33
IMG_095,4,6,to,862,574,896,597,34,23
IMG_095,4,7,attend.,914,571,1036,597,122,26
IMG_095,5,1,Signed:,180,721,311,754,131,33
IMG_095,5,2,Florence,329,721,481,747,152,26
IMG_095,5,3,"Brown,",499,722,623,751,124,29
IMG_095,5,4,Parish,641,721,749,747,108,26
IMG_095,5,5,Clerk,767,721,861,747,94,26
IMG_095,6,1,Document,172,2205,305,2242,133,37
IMG_095,6,2,ID:,321,2205,370,2242,49,37
IMG_095,6,3,IMG_095,386,2205,500,2242,114,37
IMG_096,1,1,PUBLIC,497,160,737,202,240,42
IMG_096,1,2,NOTICE,777,160,1017,202,240,42
IMG_096,1,3,—,1057,160,1097,202,40,42
IMG_096,1,4,1921,1137,160,1297,202,160,42
IMG_096,2,1,Notice,180,271,294,297,114,26
IMG_096,2,2,is,312,271,340,297,28,26
IMG_096,2,3,hereby,358,271,478,304,120,33
IMG_096,2,4,given,496,271,590,304,94,33
IMG_096,2,5,to,608,274,642,297,34,23
IMG_096,2,6,residents,660,271,820,297,160,26
IMG_096,2,7,of,838,271,873,297,35,26
IMG_096,2,8,Manchester.,891,271,1104,297,213,26
IMG_096,3,1,A,179,422,205,447,26,25
IMG_096,3,2,public,223,421,329,454,106,33
IMG_096,3,3,meeting,347,421,488,454,141,33
IMG_096,3,4,will,506,421,568,447,62,26
IMG_096,3,5,be,586,421,628,447,42,26
IMG_096,3,6,held,646,421,721,447,75,26
IMG_096,3,7,at,739,424,773,447,34,23
IMG_096,3,8,the,791,421,847,447,56,26
IMG_096,3,9,parish,865,421,974,454,109,33
IMG_096,3,10,hall.,992,421,1067,447,75,26
IMG_096,4,1,All,179,571,226,597,47,26
IMG_096,4,2,persons,244,579,379,604,135,25
IMG_096,4,3,concerned,397,571,578,597,181,26
IMG_096,4,4,are,596,579,653,597,57,18
IMG_096,4,5,requested,671,571,844,604,173,33
IMG_096,4,6,to,862,574,896,597,34,23
IMG_096,4,7,attend.,914,571,1036,597,122,26
IMG_096,5,1,Signed:,180,721,311,754,131,33
IMG_096,5,2,Margaret,329,722,493,754,164,32
IMG_096,5,3,"Lewis,",511,721,622,751,111,30
IMG_096,5,4,Parish,640,721,748,747,108,26
IMG_096,5,5,Clerk,766,721,860,747,94,26
IMG_096,6,1,Document,172,2205,305,2242,133,37
IMG_096,6,2,ID:,321,2205,370,2242,49,37
IMG_096,6,3,IMG_096,386,2205,500,2242,114,37
IMG_097,1,1,PUBLIC,497,160,737,202,240,42
IMG_097,1,2,NOTICE,777,160,1017,202,240,42
IMG_097,1,3,—,1057,160,1097,202,40,42
IMG_097,1,4,1912,1137,160,1297,202,160,42
IMG_097,2,1,Notice,180,271,294,297,114,26
IMG_097,2,2,is,312,271,340,297,28,26
IMG_097,2,3,hereby,358,271,478,304,120,33
IMG_097,2,4,given,496,271,590,304,94,33
IMG_097,2,5,to,608,274,642,297,34,23
IMG_097,2,6,residents,660,271,820,297,160,26
IMG_097,2,7,of,838,271,873,297,35,26
IMG_097,2,8,Durham.,891,271,1042,297,151,26
IMG_097,3,1,A,179,422,205,447,26,25
IMG_097,3,2,public,223,421,329,454,106,33
IMG_097,3,3,meeting,347,421,488,454,141,33
IMG_097,3,4,will,506,421,568,447,62,26
IMG_097,3,5,be,586,421,628,447,42,26
IMG_097,3,6,held,646,421,721,447,75,26
IMG_097,3,7,at,739,424,773,447,34,23
IMG_097,3,8,the,791,421,847,447,56,26
IMG_097,3,9,parish,865,421,974,454,109,33
IMG_097,3,10,hall.,992,421,1067,447,75,26
IMG_097,4,1,All,179,571,226,597,47,26
IMG_097,4,2,persons,244,579,379,604,135,25
IMG_097,4,3,concerned,397,571,578,597,181,26
IMG_097,4,4,are,596,579,653,597,57,18
IMG_097,4,5,requested,671,571,844,604,173,33
IMG_097,4,6,to,862,574,896,597,34,23
IMG_097,4,7,attend.,914,571,1036,597,122,26
IMG_097,5,1,Signed:,180,721,311,754,131,33
IMG_097,5,2,Margaret,329,722,493,754,164,32
IMG_097,5,3,"Lewis,",511,721,622,751,111,30
IMG_097,5,4,Parish,640,721,748,747,108,26
IMG_097,5,5,Clerk,766,721,860,747,94,26
IMG_097,6,1,Document,172,2205,305,2242,133,37
IMG_097,6,2,ID:,321,2205,370,2242,49,37
IMG_097,6,3,IMG_097,386,2205,500,2242,114,37
IMG_098,1,1,PUBLIC,497,160,737,202,240,42
IMG_098,1,2,NOTICE,777,160,1017,202,240,42
IMG_098,1,3,—,1057,160,1097,202,40,42
IMG_098,1,4,1917,1137,160,1297,202,160,42
IMG_098,2,1,Notice,180,271,294,297,114,26
IMG_098,2,2,is,312,271,340,297,28,26
IMG_098,2,3,hereby,358,271,478,304,120,33
IMG_098,2,4,given,496,271,590,304,94,33
IMG_098,2,5,to,608,274,642,297,34,23
IMG_098,2,6,residents,660,271,820,297,160,26
IMG_098,2,7,of,838,271,873,297,35,26
IMG_098,2,8,London.,891,271,1031,297,140,26
IMG_098,3,1,A,179,422,205,447,26,25
IMG_098,3,2,public,223,421,329,454,106,33
IMG_098,3,3,meeting,347,421,488,454,141,33
IMG_098,3,4,will,506,421,568,447,62,26
IMG_098,3,5,be,586,421,628,447,42,26
IMG_098,3,6,held,646,421,721,447,75,26
IMG_098,3,7,at,739,424,773,447,34,23
IMG_098,3,8,the,791,421,847,447,56,26
IMG_098,3,9,parish,865,421,974,454,109,33
IMG_098,3,10,hall.,992,421,1067,447,75,26
IMG_098,4,1,All,179,571,226,597,47,26
IMG_098,4,2,persons,244,579,379,604,135,25
IMG_098,4,3,concerned,397,571,578,597,181,26
IMG_098,4,4,are,596,579,653,597,57,18
IMG_098,4,5,requested,671,571,844,604,173,33
IMG_098,4,6,to,862,574,896,597,34,23
IMG_098,4,7,attend.,914,571,1036,597,122,26
IMG_098,5,1,Signed:,180,721,311,754,131,33
IMG_098,5,2,Arthur,328,721,444,747,116,26
IMG_098,5,3,"Wilson,",462,721,589,751,127,30
IMG_098,5,4,Parish,607,721,715,747,108,26
IMG_098,5,5,Clerk,733,721,827,747,94,26
IMG_098,6,1,Document,172,2205,305,2242,133,37
IMG_098,6,2,ID:,321,2205,370,2242,49,37
IMG_098,6,3,IMG_098,386,2205,500,2242,114,37
IMG_099,1,1,PUBLIC,497,160,737,202,240,42
IMG_099,1,2,NOTICE,777,160,1017,202,240,42
IMG_099,1,3,—,1057,160,1097,202,40,42
IMG_099,1,4,1912,1137,160,1297,202,160,42
IMG_099,2,1,Notice,180,271,294,297,114,26
IMG_099,2,2,is,312,271,340,297,28,26
IMG_099,2,3,hereby,358,271,478,304,120,33
IMG_099,2,4,given,496,271,590,304,94,33
IMG_099,2,5,to,608,274,642,297,34,23
IMG_099,2,6,residents,660,271,820,297,160,26
IMG_099,2,7,of,838,271,873,297,35,26
IMG_099,2,8,Durham.,891,271,1042,297,151,26
IMG_099,3,1,A,179,422,205,447,26,25
IMG_099,3,2,public,223,421,329,454,106,33
IMG_099,3,3,meeting,347,421,488,454,141,33
IMG_099,3,4,will,506,421,568,447,62,26
IMG_099,3,5,be,586,421,628,447,42,26
IMG_099,3,6,held,646,421,721,447,75,26
IMG_099,3,7,at,739,424,773,447,34,23
IMG_099,3,8,the,791,421,847,447,56,26
IMG_099,3,9,parish,865,421,974,454,109,33
IMG_099,3,10,hall.,992,421,1067,447,75,26
IMG_099,4,1,All,179,571,226,597,47,26
IMG_099,4,2,persons,244,579,379,604,135,25
IMG_099,4,3,concerned,397,571,578,597,181,26
IMG_099,4,4,are,596,579,653,597,57,18
IMG_099,4,5,requested,671,571,844,604,173,33
IMG_099,4,6,to,862,574,896,597,34,23
IMG_099,4,7,attend.,914,571,1036,597,122,26
IMG_099,5,1,Signed:,180,721,311,754,131,33
IMG_099,5,2,Henry,329,722,437,754,108,32
IMG_099,5,3,"Davis,",455,721,561,751,106,30
IMG_099,5,4,Parish,579,721,687,747,108,26
IMG_099,5,5,Clerk,705,721,799,747,94,26
IMG_099,6,1,Document,172,2205,305,2242,133,37
IMG_099,6,2,ID:,321,2205,370,2242,49,37
IMG_099,6,3,IMG_099,386,2205,500,2242,114,37
IMG_100,1,1,PUBLIC,497,160,737,202,240,42
IMG_100,1,2,NOTICE,777,160,1017,202,240,42
IMG_100,1,3,—,1057,160,1097,202,40,42
IMG_100,1,4,1929,1137,160,1297,202,160,42
IMG_100,2,1,Notice,180,271,294,297,114,26
IMG_100,2,2,is,312,271,340,297,28,26
IMG_100,2,3,hereby,358,271,478,304,120,33
IMG_100,2,4,given,496,271,590,304,94,33
IMG_100,2,5,to,608,274,642,297,34,23
IMG_100,2,6,residents,660,271,820,297,160,26
IMG_100,2,7,of,838,271,873,297,35,26
IMG_100,2,8,Lancashire.,891,271,1092,297,201,26
IMG_100,3,1,A,179,422,205,447,26,25
IMG_100,3,2,public,223,421,329,454,106,33
IMG_100,3,3,meeting,347,421,488,454,141,33
IMG_100,3,4,will,506,421,568,447,62,26
IMG_100,3,5,be,586,421,628,447,42,26
IMG_100,3,6,held,646,421,721,447,75,26
IMG_100,3,7,at,739,424,773,447,34,23
IMG_100,3,8,the,791,421,847,447,56,26
IMG_100,3,9,parish,865,421,974,454,109,33
IMG_100,3,10,hall.,992,421,1067,447,75,26
IMG_100,4,1,All,179,571,226,597,47,26
IMG_100,4,2,persons,244,579,379,604,135,25
IMG_100,4,3,concerned,397,571,578,597,181,26
IMG_100,4,4,are,596,579,653,597,57,18
IMG_100,4,5,requested,671,571,844,604,173,33
IMG_100,4,6,to,862,574,896,597,34,23
IMG_100,4,7,attend.,914,571,1036,597,122,26
IMG_100,5,1,Signed:,180,721,311,754,131,33
IMG_100,5,2,Florence,329,721,481,747,152,26
IMG_100,5,3,"Brown,",499,722,623,751,124,29
IMG_100,5,4,Parish,641,721,749,747,108,26
IMG_100,5,5,Clerk,767,721,861,747,94,26
IMG_100,6,1,Document,172,2205,305,2242,133,37
IMG_100,6,2,ID:,321,2205,370,2242,49,37
IMG_100,6,3,IMG_100,386,2205,500,2242,114,37
