image_id,line_id,word_id,recognized_text,confidence,x_min,y_min,x_max,y_max,processing_time_ms
IMG_001,1,1,LETTER,0.992,627,157,857,207,8723
IMG_001,1,2,NO.,0.992,895,157,1010,207,8723
IMG_001,1,3,001,0.992,1048,157,1163,207,8723
IMG_001,1,4,Dear,0.9999,177,267,253,302,8723
IMG_001,1,5,Margaret,0.9999,272,267,424,302,8723
IMG_001,1,6,"Lewis,",0.9999,443,267,557,302,8723
IMG_001,1,7,I,0.995,177,417,194,450,8723
IMG_001,1,8,write,0.995,211,417,298,450,8723
IMG_001,1,9,to,0.995,315,417,349,450,8723
IMG_001,1,10,you,0.995,366,417,418,450,8723
IMG_001,1,11,from,0.995,435,417,504,450,8723
IMG_001,1,12,Yorkshire,0.995,521,417,677,450,8723
IMG_001,1,13,on,0.995,694,417,728,450,8723
IMG_001,1,14,the,0.995,745,417,797,450,8723
IMG_001,1,15,14th,0.995,814,417,883,450,8723
IMG_001,1,16,day,0.995,900,417,952,450,8723
IMG_001,1,17,of,0.995,969,417,1003,450,8723
IMG_001,1,18,October,0.995,1020,417,1141,450,8723
IMG_001,1,19,1920.,0.995,1158,417,1245,450,8723
IMG_001,1,20,The,1.0,180,567,232,602,8723
IMG_001,1,21,goods,1.0,249,567,336,602,8723
IMG_001,1,22,arrived,1.0,353,567,475,602,8723
IMG_001,1,23,safely,1.0,492,567,596,602,8723
IMG_001,1,24,and,1.0,613,567,665,602,8723
IMG_001,1,25,the,1.0,682,567,734,602,8723
IMG_001,1,26,account,1.0,751,567,873,602,8723
IMG_001,1,27,has,1.0,890,567,942,602,8723
IMG_001,1,28,been,1.0,959,567,1028,602,8723
IMG_001,1,29,entered,1.0,1045,567,1167,602,8723
IMG_001,1,30,by,1.0,1184,567,1218,602,8723
IMG_001,1,31,the,1.0,1235,567,1287,602,8723
IMG_001,1,32,printer.,1.0,1304,567,1443,602,8723
IMG_001,1,33,Please,0.9999,177,712,284,752,8723
IMG_001,1,34,send,0.9999,301,712,372,752,8723
IMG_001,1,35,word,0.9999,389,712,460,752,8723
IMG_001,1,36,before,0.9999,477,712,584,752,8723
IMG_001,1,37,the,0.9999,601,712,654,752,8723
IMG_001,1,38,winter,0.9999,671,712,778,752,8723
IMG_001,1,39,market,0.9999,795,712,902,752,8723
IMG_001,1,40,begins.,0.9999,919,712,1044,752,8723
IMG_001,1,41,Yours,1.0,175,862,255,905,8723
IMG_001,1,42,"faithfully,",1.0,271,862,447,905,8723
IMG_001,1,43,Eleanor,0.9992,177,1015,311,1050,8723
IMG_001,1,44,Smith,0.9992,330,1015,426,1050,8723
IMG_001,1,45,Document,0.9713,172,2205,305,2242,8723
IMG_001,1,46,ID:,0.9713,321,2205,370,2242,8723
IMG_001,1,47,IMG,0.9713,386,2205,435,2242,8723
IMG_001,1,48,001,0.9713,451,2205,500,2242,8723
IMG_002,1,1,LETTER,0.9717,620,152,855,207,9944
IMG_002,1,2,NO.,0.9717,894,152,1011,207,9944
IMG_002,1,3,002,0.9717,1050,152,1167,207,9944
IMG_002,1,4,Dear,0.999,172,262,249,302,9944
IMG_002,1,5,Florence,0.999,268,262,423,302,9944
IMG_002,1,6,"Brown,",0.999,442,262,558,302,9944
IMG_002,1,7,I,0.9998,177,415,194,450,9944
IMG_002,1,8,write,0.9998,211,415,298,450,9944
IMG_002,1,9,to,0.9998,315,415,350,450,9944
IMG_002,1,10,you,0.9998,367,415,419,450,9944
IMG_002,1,11,from,0.9998,436,415,506,450,9944
IMG_002,1,12,Leeds,0.9998,523,415,610,450,9944
IMG_002,1,13,on,0.9998,627,415,662,450,9944
IMG_002,1,14,the,0.9998,679,415,731,450,9944
IMG_002,1,15,14th,0.9998,748,415,818,450,9944
IMG_002,1,16,day,0.9998,835,415,887,450,9944
IMG_002,1,17,of,0.9998,904,415,939,450,9944
IMG_002,1,18,October,0.9998,956,415,1079,450,9944
IMG_002,1,19,1881.,0.9998,1096,415,1183,450,9944
IMG_002,1,20,The,1.0,175,560,228,605,9944
IMG_002,1,21,goods,1.0,245,560,333,605,9944
IMG_002,1,22,arrived,1.0,350,560,474,605,9944
IMG_002,1,23,safely,1.0,491,560,597,605,9944
IMG_002,1,24,and,1.0,614,560,667,605,9944
IMG_002,1,25,the,1.0,684,560,737,605,9944
IMG_002,1,26,account,1.0,754,560,878,605,9944
IMG_002,1,27,has,1.0,895,560,948,605,9944
IMG_002,1,28,been,1.0,965,560,1036,605,9944
IMG_002,1,29,entered,1.0,1053,560,1177,605,9944
IMG_002,1,30,by,1.0,1194,560,1229,605,9944
IMG_002,1,31,the,1.0,1246,560,1299,605,9944
IMG_002,1,32,baker.,1.0,1316,560,1422,605,9944
IMG_002,1,33,Please,1.0,175,712,283,752,9944
IMG_002,1,34,send,1.0,301,712,373,752,9944
IMG_002,1,35,word,1.0,391,712,463,752,9944
IMG_002,1,36,before,1.0,481,712,589,752,9944
IMG_002,1,37,the,1.0,607,712,661,752,9944
IMG_002,1,38,winter,1.0,679,712,787,752,9944
IMG_002,1,39,market,1.0,805,712,913,752,9944
IMG_002,1,40,begins.,1.0,931,712,1057,752,9944
IMG_002,1,41,Yours,1.0,175,862,255,905,9944
IMG_002,1,42,"faithfully,",1.0,271,862,447,905,9944
IMG_002,1,43,Eleanor,0.9983,177,1015,313,1050,9944
IMG_002,1,44,Smith,0.9983,332,1015,429,1050,9944
IMG_002,1,45,Document,0.9542,172,2205,306,2242,9944
IMG_002,1,46,ID:,0.9542,322,2205,372,2242,9944
IMG_002,1,47,IMG,0.9542,388,2205,438,2242,9944
IMG_002,1,48,002,0.9542,454,2205,504,2242,9944
IMG_003,1,1,LETTER,0.98,625,155,858,207,9620
IMG_003,1,2,NO.,0.98,896,155,1012,207,9620
IMG_003,1,3,003,0.98,1050,155,1166,207,9620
IMG_003,1,4,Dear,0.9999,175,262,252,305,9620
IMG_003,1,5,Margaret,0.9999,271,262,425,305,9620
IMG_003,1,6,"Lewis,",0.9999,444,262,559,305,9620
IMG_003,1,7,I,0.9999,177,415,194,450,9620
IMG_003,1,8,write,0.9999,211,415,298,450,9620
IMG_003,1,9,to,0.9999,315,415,349,450,9620
IMG_003,1,10,you,0.9999,366,415,418,450,9620
IMG_003,1,11,from,0.9999,435,415,504,450,9620
IMG_003,1,12,Kent,0.9999,521,415,590,450,9620
IMG_003,1,13,on,0.9999,607,415,641,450,9620
IMG_003,1,14,the,0.9999,658,415,710,450,9620
IMG_003,1,15,14th,0.9999,727,415,796,450,9620
IMG_003,1,16,day,0.9999,813,415,865,450,9620
IMG_003,1,17,of,0.9999,882,415,916,450,9620
IMG_003,1,18,October,0.9999,933,415,1055,450,9620
IMG_003,1,19,1904.,0.9999,1072,415,1159,450,9620
IMG_003,1,20,The,1.0,175,562,228,605,9620
IMG_003,1,21,goods,1.0,245,562,333,605,9620
IMG_003,1,22,arrived,1.0,350,562,474,605,9620
IMG_003,1,23,safely,1.0,491,562,597,605,9620
IMG_003,1,24,and,1.0,614,562,667,605,9620
IMG_003,1,25,the,1.0,684,562,737,605,9620
IMG_003,1,26,account,1.0,754,562,878,605,9620
IMG_003,1,27,has,1.0,895,562,948,605,9620
IMG_003,1,28,been,1.0,965,562,1036,605,9620
IMG_003,1,29,entered,1.0,1053,562,1177,605,9620
IMG_003,1,30,by,1.0,1194,562,1229,605,9620
IMG_003,1,31,the,1.0,1246,562,1299,605,9620
IMG_003,1,32,carpenter.,1.0,1316,562,1493,605,9620
IMG_003,1,33,Please,0.9848,172,710,280,755,9620
IMG_003,1,34,send,0.9848,298,710,370,755,9620
IMG_003,1,35,word,0.9848,388,710,460,755,9620
IMG_003,1,36,before,0.9848,478,710,586,755,9620
IMG_003,1,37,the,0.9848,604,710,658,755,9620
IMG_003,1,38,winter,0.9848,676,710,784,755,9620
IMG_003,1,39,market,0.9848,802,710,910,755,9620
IMG_003,1,40,begins.,0.9848,928,710,1054,755,9620
IMG_003,1,41,Yours,0.9986,175,862,255,905,9620
IMG_003,1,42,"faithfully,",0.9986,271,862,447,905,9620
IMG_003,1,43,George,1.0,175,1012,289,1055,9620
IMG_003,1,44,Miller,1.0,308,1012,422,1055,9620
IMG_003,1,45,Document,0.987,172,2207,304,2240,9620
IMG_003,1,46,ID:,0.987,320,2207,369,2240,9620
IMG_003,1,47,IMG,0.987,385,2207,434,2240,9620
IMG_003,1,48,003,0.987,450,2207,499,2240,9620
IMG_004,1,1,LETTER,0.9903,622,150,857,210,10303
IMG_004,1,2,NO.,0.9903,896,150,1013,210,10303
IMG_004,1,3,004,0.9903,1052,150,1169,210,10303
IMG_004,1,4,Dear,1.0,172,262,249,305,10303
IMG_004,1,5,Margaret,1.0,268,262,422,305,10303
IMG_004,1,6,"Lewis,",1.0,441,262,556,305,10303
IMG_004,1,7,I,0.994,175,415,192,450,10303
IMG_004,1,8,write,0.994,209,415,296,450,10303
IMG_004,1,9,to,0.994,313,415,347,450,10303
IMG_004,1,10,you,0.994,364,415,416,450,10303
IMG_004,1,11,from,0.994,433,415,502,450,10303
IMG_004,1,12,Yorkshire,0.994,519,415,676,450,10303
IMG_004,1,13,on,0.994,693,415,727,450,10303
IMG_004,1,14,the,0.994,744,415,796,450,10303
IMG_004,1,15,14th,0.994,813,415,882,450,10303
IMG_004,1,16,day,0.994,899,415,951,450,10303
IMG_004,1,17,of,0.994,968,415,1002,450,10303
IMG_004,1,18,October,0.994,1019,415,1141,450,10303
IMG_004,1,19,1925.,0.994,1158,415,1245,450,10303
IMG_004,1,20,The,1.0,177,565,229,600,10303
IMG_004,1,21,goods,1.0,246,565,333,600,10303
IMG_004,1,22,arrived,1.0,350,565,473,600,10303
IMG_004,1,23,safely,1.0,490,565,595,600,10303
IMG_004,1,24,and,1.0,612,565,664,600,10303
IMG_004,1,25,the,1.0,681,565,733,600,10303
IMG_004,1,26,account,1.0,750,565,873,600,10303
IMG_004,1,27,has,1.0,890,565,942,600,10303
IMG_004,1,28,been,1.0,959,565,1029,600,10303
IMG_004,1,29,entered,1.0,1046,565,1169,600,10303
IMG_004,1,30,by,1.0,1186,565,1221,600,10303
IMG_004,1,31,the,1.0,1238,565,1290,600,10303
IMG_004,1,32,clerk.,1.0,1307,565,1412,600,10303
IMG_004,1,33,Please,1.0,177,715,284,750,10303
IMG_004,1,34,send,1.0,301,715,372,750,10303
IMG_004,1,35,word,1.0,389,715,460,750,10303
IMG_004,1,36,before,1.0,477,715,584,750,10303
IMG_004,1,37,the,1.0,601,715,654,750,10303
IMG_004,1,38,winter,1.0,671,715,778,750,10303
IMG_004,1,39,market,1.0,795,715,902,750,10303
IMG_004,1,40,begins.,1.0,919,715,1044,750,10303
IMG_004,1,41,Yours,1.0,165,855,247,905,10303
IMG_004,1,42,"faithfully,",1.0,263,855,445,905,10303
IMG_004,1,43,Margaret,1.0,172,1007,336,1057,10303
IMG_004,1,44,Lewis,1.0,356,1007,458,1057,10303
IMG_004,1,45,Document,0.9903,172,2202,305,2242,10303
IMG_004,1,46,ID:,0.9903,321,2202,370,2242,10303
IMG_004,1,47,IMG,0.9903,386,2202,435,2242,10303
IMG_004,1,48,004,0.9903,451,2202,500,2242,10303
IMG_005,1,1,LETTER,0.993,587,145,820,215,9029
IMG_005,1,2,NO.,0.993,858,145,974,215,9029
IMG_005,1,3,005,0.993,1012,145,1128,215,9029
IMG_005,1,4,Dear,0.9999,137,275,211,330,9029
IMG_005,1,5,George,0.9999,229,275,341,330,9029
IMG_005,1,6,"Miller,",0.9999,359,275,489,330,9029
IMG_005,1,7,I,0.9974,145,400,162,477,9029
IMG_005,1,8,write,0.9974,179,400,265,477,9029
IMG_005,1,9,to,0.9974,282,400,316,477,9029
IMG_005,1,10,you,0.9974,333,400,385,477,9029
IMG_005,1,11,from,0.9974,402,400,471,477,9029
IMG_005,1,12,Bristol,0.9974,488,400,609,477,9029
IMG_005,1,13,on,0.9974,626,400,660,477,9029
IMG_005,1,14,the,0.9974,677,400,729,477,9029
IMG_005,1,15,14th,0.9974,746,400,815,477,9029
IMG_005,1,16,day,0.9974,832,400,884,477,9029
IMG_005,1,17,of,0.9974,901,400,935,477,9029
IMG_005,1,18,October,0.9974,952,400,1073,477,9029
IMG_005,1,19,1922.,0.9974,1090,400,1176,477,9029
IMG_005,1,20,The,0.9916,150,542,202,630,9029
IMG_005,1,21,goods,0.9916,219,542,307,630,9029
IMG_005,1,22,arrived,0.9916,324,542,447,630,9029
IMG_005,1,23,safely,0.9916,464,542,569,630,9029
IMG_005,1,24,and,0.9916,586,542,638,630,9029
IMG_005,1,25,the,0.9916,655,542,707,630,9029
IMG_005,1,26,account,0.9916,724,542,847,630,9029
IMG_005,1,27,has,0.9916,864,542,916,630,9029
IMG_005,1,28,been,0.9916,933,542,1003,630,9029
IMG_005,1,29,entered,0.9916,1020,542,1143,630,9029
IMG_005,1,30,by,0.9916,1160,542,1195,630,9029
IMG_005,1,31,the,0.9916,1212,542,1264,630,9029
IMG_005,1,32,stationer.,0.9916,1281,542,1457,630,9029
IMG_005,1,33,Please,1.0,155,707,263,777,9029
IMG_005,1,34,send,1.0,281,707,353,777,9029
IMG_005,1,35,word,1.0,371,707,443,777,9029
IMG_005,1,36,before,1.0,461,707,569,777,9029
IMG_005,1,37,the,1.0,587,707,641,777,9029
IMG_005,1,38,winter,1.0,659,707,767,777,9029
IMG_005,1,39,market,1.0,785,707,893,777,9029
IMG_005,1,40,begins.,1.0,911,707,1038,777,9029
IMG_005,1,41,Yours,0.9999,160,877,240,930,9029
IMG_005,1,42,"faithfully,",0.9999,256,877,433,930,9029
IMG_005,1,43,Florence,1.0,165,1027,329,1080,9029
IMG_005,1,44,Brown,1.0,349,1027,451,1080,9029
IMG_005,1,45,Document,0.9867,210,2220,342,2265,9029
IMG_005,1,46,ID:,0.9867,358,2220,407,2265,9029
IMG_005,1,47,IMG,0.9867,423,2220,472,2265,9029
IMG_005,1,48,005,0.9867,488,2220,537,2265,9029
IMG_006,1,1,LETTER,0.9768,625,152,858,205,9717
IMG_006,1,2,NO.,0.9768,896,152,1012,205,9717
IMG_006,1,3,006,0.9768,1050,152,1166,205,9717
IMG_006,1,4,Dear,0.9997,170,260,243,305,9717
IMG_006,1,5,William,0.9997,261,260,389,305,9717
IMG_006,1,6,"Carter,",0.9997,407,260,535,305,9717
IMG_006,1,7,I,0.9924,177,415,194,450,9717
IMG_006,1,8,write,0.9924,211,415,298,450,9717
IMG_006,1,9,to,0.9924,315,415,350,450,9717
IMG_006,1,10,you,0.9924,367,415,419,450,9717
IMG_006,1,11,from,0.9924,436,415,506,450,9717
IMG_006,1,12,Kent,0.9924,523,415,593,450,9717
IMG_006,1,13,on,0.9924,610,415,645,450,9717
IMG_006,1,14,the,0.9924,662,415,714,450,9717
IMG_006,1,15,14th,0.9924,731,415,801,450,9717
IMG_006,1,16,day,0.9924,818,415,870,450,9717
IMG_006,1,17,of,0.9924,887,415,922,450,9717
IMG_006,1,18,October,0.9924,939,415,1061,450,9717
IMG_006,1,19,1932.,0.9924,1078,415,1165,450,9717
IMG_006,1,20,The,1.0,177,562,229,605,9717
IMG_006,1,21,goods,1.0,246,562,333,605,9717
IMG_006,1,22,arrived,1.0,350,562,472,605,9717
IMG_006,1,23,safely,1.0,489,562,593,605,9717
IMG_006,1,24,and,1.0,610,562,662,605,9717
IMG_006,1,25,the,1.0,679,562,731,605,9717
IMG_006,1,26,account,1.0,748,562,870,605,9717
IMG_006,1,27,has,1.0,887,562,939,605,9717
IMG_006,1,28,been,1.0,956,562,1025,605,9717
IMG_006,1,29,entered,1.0,1042,562,1164,605,9717
IMG_006,1,30,by,1.0,1181,562,1215,605,9717
IMG_006,1,31,the,1.0,1232,562,1284,605,9717
IMG_006,1,32,tailor.,1.0,1301,562,1423,605,9717
IMG_006,1,33,Please,0.9964,172,710,280,755,9717
IMG_006,1,34,send,0.9964,298,710,370,755,9717
IMG_006,1,35,word,0.9964,388,710,460,755,9717
IMG_006,1,36,before,0.9964,478,710,586,755,9717
IMG_006,1,37,the,0.9964,604,710,658,755,9717
IMG_006,1,38,winter,0.9964,676,710,784,755,9717
IMG_006,1,39,market,0.9964,802,710,910,755,9717
IMG_006,1,40,begins.,0.9964,928,710,1055,755,9717
IMG_006,1,41,Yours,1.0,175,862,255,905,9717
IMG_006,1,42,"faithfully,",1.0,271,862,447,905,9717
IMG_006,1,43,Margaret,0.9999,175,1012,335,1055,9717
IMG_006,1,44,Lewis,0.9999,355,1012,455,1055,9717
IMG_006,1,45,Document.,0.9579,177,2207,317,2240,9717
IMG_006,1,46,ID:,0.9579,332,2207,378,2240,9717
IMG_006,1,47,IMG,0.9579,393,2207,439,2240,9717
IMG_006,1,48,006,0.9579,454,2207,500,2240,9717
IMG_007,1,1,LETTER,0.9742,630,160,859,202,10616
IMG_007,1,2,NO.,0.9742,897,160,1011,202,10616
IMG_007,1,3,007,0.9742,1049,160,1163,202,10616
IMG_007,1,4,Dear,0.9999,177,267,249,302,10616
IMG_007,1,5,George,0.9999,267,267,375,302,10616
IMG_007,1,6,"Miller,",0.9999,393,267,519,302,10616
IMG_007,1,7,I,0.9999,177,417,194,450,10616
IMG_007,1,8,write,0.9999,211,417,299,450,10616
IMG_007,1,9,to,0.9999,316,417,351,450,10616
IMG_007,1,10,you,0.9999,368,417,421,450,10616
IMG_007,1,11,from,0.9999,438,417,508,450,10616
IMG_007,1,12,Devon,0.9999,525,417,613,450,10616
IMG_007,1,13,on,0.9999,630,417,665,450,10616
IMG_007,1,14,the,0.9999,682,417,735,450,10616
IMG_007,1,15,14th,0.9999,752,417,822,450,10616
IMG_007,1,16,day,0.9999,839,417,892,450,10616
IMG_007,1,17,of,0.9999,909,417,944,450,10616
IMG_007,1,18,October,0.9999,961,417,1085,450,10616
IMG_007,1,19,1914.,0.9999,1102,417,1190,450,10616
IMG_007,1,20,The,0.9865,180,567,231,600,10616
IMG_007,1,21,goods,0.9865,248,567,334,600,10616
IMG_007,1,22,arrived,0.9865,351,567,472,600,10616
IMG_007,1,23,safely,0.9865,489,567,592,600,10616
IMG_007,1,24,and,0.9865,609,567,660,600,10616
IMG_007,1,25,the,0.9865,677,567,728,600,10616
IMG_007,1,26,account,0.9865,745,567,866,600,10616
IMG_007,1,27,has,0.9865,883,567,934,600,10616
IMG_007,1,28,been,0.9865,951,567,1020,600,10616
IMG_007,1,29,entered,0.9865,1037,567,1158,600,10616
IMG_007,1,30,by,0.9865,1175,567,1209,600,10616
IMG_007,1,31,the,0.9865,1226,567,1277,600,10616
IMG_007,1,32,tailor.,0.9865,1294,567,1415,600,10616
IMG_007,1,33,Please,0.9993,180,715,287,750,10616
IMG_007,1,34,send,0.9993,304,715,375,750,10616
IMG_007,1,35,word,0.9993,392,715,463,750,10616
IMG_007,1,36,before,0.9993,480,715,587,750,10616
IMG_007,1,37,the,0.9993,604,715,657,750,10616
IMG_007,1,38,winter,0.9993,674,715,781,750,10616
IMG_007,1,39,market,0.9993,798,715,905,750,10616
IMG_007,1,40,begins.,0.9993,922,715,1047,750,10616
IMG_007,1,41,Yours,1.0,175,862,255,905,10616
IMG_007,1,42,"faithfully,",1.0,271,862,447,905,10616
IMG_007,1,43,Clara,0.9736,172,1007,269,1057,10616
IMG_007,1,44,Johnson,0.9736,288,1007,424,1057,10616
IMG_007,1,45,Document,0.9802,172,2205,305,2242,10616
IMG_007,1,46,ID:,0.9802,321,2205,370,2242,10616
IMG_007,1,47,IMG,0.9802,386,2205,435,2242,10616
IMG_007,1,48,007,0.9802,451,2205,500,2242,10616
IMG_008,1,1,LETTER,0.9921,617,145,856,210,10324
IMG_008,1,2,NO.,0.9921,895,145,1014,210,10324
IMG_008,1,3,008,0.9921,1053,145,1172,210,10324
IMG_008,1,4,Dear,0.9999,172,262,247,305,10324
IMG_008,1,5,Clara,0.9999,265,262,359,305,10324
IMG_008,1,6,"Johnson,",0.9999,377,262,527,305,10324
IMG_008,1,7,I,0.9887,175,415,192,450,10324
IMG_008,1,8,write,0.9887,209,415,296,450,10324
IMG_008,1,9,to,0.9887,313,415,348,450,10324
IMG_008,1,10,you,0.9887,365,415,417,450,10324
IMG_008,1,11,from,0.9887,434,415,504,450,10324
IMG_008,1,12,Norfolk,0.9887,521,415,643,450,10324
IMG_008,1,13,on,0.9887,660,415,695,450,10324
IMG_008,1,14,the,0.9887,712,415,764,450,10324
IMG_008,1,15,14th,0.9887,781,415,851,450,10324
IMG_008,1,16,day,0.9887,868,415,920,450,10324
IMG_008,1,17,of,0.9887,937,415,972,450,10324
IMG_008,1,18,October,0.9887,989,415,1111,450,10324
IMG_008,1,19,1884.,0.9887,1128,415,1215,450,10324
IMG_008,1,20,The,0.9999,177,565,229,600,10324
IMG_008,1,21,goods,0.9999,246,565,333,600,10324
IMG_008,1,22,arrived,0.9999,350,565,472,600,10324
IMG_008,1,23,safely,0.9999,489,565,594,600,10324
IMG_008,1,24,and,0.9999,611,565,663,600,10324
IMG_008,1,25,the,0.9999,680,565,732,600,10324
IMG_008,1,26,account,0.9999,749,565,871,600,10324
IMG_008,1,27,has,0.9999,888,565,940,600,10324
IMG_008,1,28,been,0.9999,957,565,1027,600,10324
IMG_008,1,29,entered,0.9999,1044,565,1166,600,10324
IMG_008,1,30,by,0.9999,1183,565,1218,600,10324
IMG_008,1,31,the,0.9999,1235,565,1287,600,10324
IMG_008,1,32,stationer.,0.9999,1304,565,1479,600,10324
IMG_008,1,33,Please,0.9894,172,710,280,755,10324
IMG_008,1,34,send,0.9894,298,710,370,755,10324
IMG_008,1,35,word,0.9894,388,710,460,755,10324
IMG_008,1,36,before,0.9894,478,710,586,755,10324
IMG_008,1,37,the,0.9894,604,710,658,755,10324
IMG_008,1,38,winter,0.9894,676,710,784,755,10324
IMG_008,1,39,market,0.9894,802,710,910,755,10324
IMG_008,1,40,begins.,0.9894,928,710,1054,755,10324
IMG_008,1,41,Yours,0.9999,167,855,249,907,10324
IMG_008,1,42,"faithfully,",0.9999,265,855,446,907,10324
IMG_008,1,43,Florence,1.0,175,1015,335,1050,10324
IMG_008,1,44,Brown,1.0,355,1015,455,1050,10324
IMG_008,1,45,Document,0.9956,172,2207,303,2240,10324
IMG_008,1,46,ID:,0.9956,319,2207,368,2240,10324
IMG_008,1,47,IMG,0.9956,384,2207,433,2240,10324
IMG_008,1,48,008,0.9956,449,2207,498,2240,10324
IMG_009,1,1,LETTER,0.9925,627,157,858,207,10923
IMG_009,1,2,NO.,0.9925,896,157,1011,207,10923
IMG_009,1,3,009,0.9925,1049,157,1164,207,10923
IMG_009,1,4,Dear,0.9999,170,260,243,305,10923
IMG_009,1,5,William,0.9999,261,260,388,305,10923
IMG_009,1,6,"Carter,",0.9999,406,260,533,305,10923
IMG_009,1,7,I,0.9969,177,415,194,450,10923
IMG_009,1,8,write,0.9969,211,415,299,450,10923
IMG_009,1,9,to,0.9969,316,415,351,450,10923
IMG_009,1,10,you,0.9969,368,415,421,450,10923
IMG_009,1,11,from,0.9969,438,415,509,450,10923
IMG_009,1,12,London,0.9969,526,415,632,450,10923
IMG_009,1,13,on,0.9969,649,415,684,450,10923
IMG_009,1,14,the,0.9969,701,415,754,450,10923
IMG_009,1,15,14th,0.9969,771,415,842,450,10923
IMG_009,1,16,day,0.9969,859,415,912,450,10923
IMG_009,1,17,of,0.9969,929,415,964,450,10923
IMG_009,1,18,October,0.9969,981,415,1105,450,10923
IMG_009,1,19,1909.,0.9969,1122,415,1210,450,10923
IMG_009,1,20,The,1.0,180,567,233,602,10923
IMG_009,1,21,goods,1.0,250,567,338,602,10923
IMG_009,1,22,arrived,1.0,355,567,478,602,10923
IMG_009,1,23,safely,1.0,495,567,601,602,10923
IMG_009,1,24,and,1.0,618,567,671,602,10923
IMG_009,1,25,the,1.0,688,567,741,602,10923
IMG_009,1,26,account,1.0,758,567,881,602,10923
IMG_009,1,27,has,1.0,898,567,951,602,10923
IMG_009,1,28,been,1.0,968,567,1038,602,10923
IMG_009,1,29,entered,1.0,1055,567,1178,602,10923
IMG_009,1,30,by,1.0,1195,567,1230,602,10923
IMG_009,1,31,the,1.0,1247,567,1300,602,10923
IMG_009,1,32,baker.,1.0,1317,567,1423,602,10923
IMG_009,1,33,Please,0.9999,177,712,284,752,10923
IMG_009,1,34,send,0.9999,301,712,372,752,10923
IMG_009,1,35,word,0.9999,389,712,460,752,10923
IMG_009,1,36,before,0.9999,477,712,584,752,10923
IMG_009,1,37,the,0.9999,601,712,654,752,10923
IMG_009,1,38,winter,0.9999,671,712,778,752,10923
IMG_009,1,39,market,0.9999,795,712,902,752,10923
IMG_009,1,40,begins.,0.9999,919,712,1044,752,10923
IMG_009,1,41,Yours,1.0,175,862,255,905,10923
IMG_009,1,42,"faithfully,",1.0,271,862,447,905,10923
IMG_009,1,43,Florence,1.0,172,1012,333,1052,10923
IMG_009,1,44,Brown,1.0,353,1012,454,1052,10923
IMG_009,1,45,Documenl.,0.9523,177,2207,316,2240,10923
IMG_009,1,46,ID:,0.9523,331,2207,377,2240,10923
IMG_009,1,47,IMG,0.9523,392,2207,438,2240,10923
IMG_009,1,48,009,0.9523,453,2207,499,2240,10923
IMG_010,1,1,LETTER,0.9707,625,155,858,207,10631
IMG_010,1,2,NO.,0.9707,896,155,1012,207,10631
IMG_010,1,3,010,0.9707,1050,155,1166,207,10631
IMG_010,1,4,Dear,0.9991,177,265,253,300,10631
IMG_010,1,5,Edward,0.9991,272,265,386,300,10631
IMG_010,1,6,"Harris,",0.9991,405,265,538,300,10631
IMG_010,1,7,I,0.9993,177,415,194,450,10631
IMG_010,1,8,write,0.9993,211,415,298,450,10631
IMG_010,1,9,to,0.9993,315,415,349,450,10631
IMG_010,1,10,you,0.9993,366,415,418,450,10631
IMG_010,1,11,from,0.9993,435,415,504,450,10631
IMG_010,1,12,Yorkshire,0.9993,521,415,677,450,10631
IMG_010,1,13,on,0.9993,694,415,728,450,10631
IMG_010,1,14,the,0.9993,745,415,797,450,10631
IMG_010,1,15,14th,0.9993,814,415,883,450,10631
IMG_010,1,16,day,0.9993,900,415,952,450,10631
IMG_010,1,17,of,0.9993,969,415,1003,450,10631
IMG_010,1,18,October,0.9993,1020,415,1141,450,10631
IMG_010,1,19,1900.,0.9993,1158,415,1245,450,10631
IMG_010,1,20,The,1.0,175,560,228,605,10631
IMG_010,1,21,goods,1.0,245,560,333,605,10631
IMG_010,1,22,arrived,1.0,350,560,474,605,10631
IMG_010,1,23,safely,1.0,491,560,597,605,10631
IMG_010,1,24,and,1.0,614,560,667,605,10631
IMG_010,1,25,the,1.0,684,560,737,605,10631
IMG_010,1,26,account,1.0,754,560,878,605,10631
IMG_010,1,27,has,1.0,895,560,948,605,10631
IMG_010,1,28,been,1.0,965,560,1036,605,10631
IMG_010,1,29,entered,1.0,1053,560,1177,605,10631
IMG_010,1,30,by,1.0,1194,560,1229,605,10631
IMG_010,1,31,the,1.0,1246,560,1299,605,10631
IMG_010,1,32,farmer.,1.0,1316,560,1440,605,10631
IMG_010,1,33,Please,1.0,175,712,283,752,10631
IMG_010,1,34,send,1.0,301,712,373,752,10631
IMG_010,1,35,word,1.0,391,712,463,752,10631
IMG_010,1,36,before,1.0,481,712,589,752,10631
IMG_010,1,37,the,1.0,607,712,661,752,10631
IMG_010,1,38,winter,1.0,679,712,787,752,10631
IMG_010,1,39,market,1.0,805,712,913,752,10631
IMG_010,1,40,begins.,1.0,931,712,1057,752,10631
IMG_010,1,41,Yours,1.0,175,862,255,905,10631
IMG_010,1,42,"faithfully,",1.0,271,862,447,905,10631
IMG_010,1,43,George,0.9999,175,1012,290,1055,10631
IMG_010,1,44,Miller,0.9999,309,1012,424,1055,10631
IMG_010,1,45,Document,0.9452,175,2205,307,2242,10631
IMG_010,1,46,ID:,0.9452,323,2205,372,2242,10631
IMG_010,1,47,IMG,0.9452,388,2205,437,2242,10631
IMG_010,1,48,010,0.9452,453,2205,502,2242,10631
IMG_011,1,1,LETTER,0.9757,625,155,856,207,9921
IMG_011,1,2,NO.,0.9757,894,155,1009,207,9921
IMG_011,1,3,011,0.9757,1047,155,1162,207,9921
IMG_011,1,4,Dear,0.9996,177,265,255,300,9921
IMG_011,1,5,Thomas,0.9996,274,265,391,300,9921
IMG_011,1,6,"Bennett,",0.9996,410,265,566,300,9921
IMG_011,1,7,I,0.9925,177,415,194,450,9921
IMG_011,1,8,write,0.9925,211,415,299,450,9921
IMG_011,1,9,to,0.9925,316,415,351,450,9921
IMG_011,1,10,you,0.9925,368,415,421,450,9921
IMG_011,1,11,from,0.9925,438,415,508,450,9921
IMG_011,1,12,London,0.9925,525,415,631,450,9921
IMG_011,1,13,on,0.9925,648,415,683,450,9921
IMG_011,1,14,the,0.9925,700,415,753,450,9921
IMG_011,1,15,14th,0.9925,770,415,840,450,9921
IMG_011,1,16,day,0.9925,857,415,910,450,9921
IMG_011,1,17,of,0.9925,927,415,962,450,9921
IMG_011,1,18,October,0.9925,979,415,1102,450,9921
IMG_011,1,19,1915.,0.9925,1119,415,1207,450,9921
IMG_011,1,20,The,0.9933,180,565,233,600,9921
IMG_011,1,21,goods,0.9933,250,565,338,600,9921
IMG_011,1,22,arrived,0.9933,355,565,478,600,9921
IMG_011,1,23,safely,0.9933,495,565,601,600,9921
IMG_011,1,24,and,0.9933,618,565,671,600,9921
IMG_011,1,25,the,0.9933,688,565,741,600,9921
IMG_011,1,26,account,0.9933,758,565,881,600,9921
IMG_011,1,27,has,0.9933,898,565,951,600,9921
IMG_011,1,28,been,0.9933,968,565,1038,600,9921
IMG_011,1,29,entered,0.9933,1055,565,1178,600,9921
IMG_011,1,30,by,0.9933,1195,565,1230,600,9921
IMG_011,1,31,the,0.9933,1247,565,1300,600,9921
IMG_011,1,32,baker.,0.9933,1317,565,1423,600,9921
IMG_011,1,33,Please,0.9819,172,710,280,755,9921
IMG_011,1,34,send,0.9819,298,710,370,755,9921
IMG_011,1,35,word,0.9819,388,710,460,755,9921
IMG_011,1,36,before,0.9819,478,710,586,755,9921
IMG_011,1,37,the,0.9819,604,710,658,755,9921
IMG_011,1,38,winter,0.9819,676,710,784,755,9921
IMG_011,1,39,market,0.9819,802,710,910,755,9921
IMG_011,1,40,begins.,0.9819,928,710,1054,755,9921
IMG_011,1,41,Yours,0.9999,172,862,252,905,9921
IMG_011,1,42,"faithfully,",0.9999,268,862,445,905,9921
IMG_011,1,43,Clara,0.9711,175,1012,271,1055,9921
IMG_011,1,44,Johnson,0.9711,290,1012,424,1055,9921
IMG_011,1,45,Document,0.9576,175,2207,305,2240,9921
IMG_011,1,46,ID:,0.9576,321,2207,369,2240,9921
IMG_011,1,47,IMG,0.9576,385,2207,433,2240,9921
IMG_011,1,48,011,0.9576,449,2207,497,2240,9921
IMG_012,1,1,LETTER,0.9888,622,147,857,207,10278
IMG_012,1,2,NO.,0.9888,896,147,1013,207,10278
IMG_012,1,3,012,0.9888,1052,147,1169,207,10278
IMG_012,1,4,Dear,0.9887,167,257,241,305,10278
IMG_012,1,5,William,0.9887,259,257,388,305,10278
IMG_012,1,6,"Carter,",0.9887,406,257,535,305,10278
IMG_012,1,7,I,1.0,175,415,192,450,10278
IMG_012,1,8,write,1.0,209,415,297,450,10278
IMG_012,1,9,to,1.0,314,415,349,450,10278
IMG_012,1,10,you,1.0,366,415,419,450,10278
IMG_012,1,11,from,1.0,436,415,507,450,10278
IMG_012,1,12,Devon,1.0,524,415,612,450,10278
IMG_012,1,13,on,1.0,629,415,664,450,10278
IMG_012,1,14,the,1.0,681,415,734,450,10278
IMG_012,1,15,14th,1.0,751,415,822,450,10278
IMG_012,1,16,day,1.0,839,415,892,450,10278
IMG_012,1,17,of,1.0,909,415,944,450,10278
IMG_012,1,18,October,1.0,961,415,1085,450,10278
IMG_012,1,19,1901.,1.0,1102,415,1190,450,10278
IMG_012,1,20,The,0.9998,177,565,230,600,10278
IMG_012,1,21,goods,0.9998,247,565,335,600,10278
IMG_012,1,22,arrived,0.9998,352,565,476,600,10278
IMG_012,1,23,safely,0.9998,493,565,599,600,10278
IMG_012,1,24,and,0.9998,616,565,669,600,10278
IMG_012,1,25,the,0.9998,686,565,739,600,10278
IMG_012,1,26,account,0.9998,756,565,880,600,10278
IMG_012,1,27,has,0.9998,897,565,950,600,10278
IMG_012,1,28,been,0.9998,967,565,1037,600,10278
IMG_012,1,29,entered,0.9998,1054,565,1178,600,10278
IMG_012,1,30,by,0.9998,1195,565,1230,600,10278
IMG_012,1,31,the,0.9998,1247,565,1300,600,10278
IMG_012,1,32,baker.,0.9998,1317,565,1423,600,10278
IMG_012,1,33,Please,1.0,177,715,284,750,10278
IMG_012,1,34,send,1.0,301,715,372,750,10278
IMG_012,1,35,word,1.0,389,715,460,750,10278
IMG_012,1,36,before,1.0,477,715,584,750,10278
IMG_012,1,37,the,1.0,601,715,654,750,10278
IMG_012,1,38,winter,1.0,671,715,778,750,10278
IMG_012,1,39,market,1.0,795,715,902,750,10278
IMG_012,1,40,begins.,1.0,919,715,1044,750,10278
IMG_012,1,41,Yours,1.0,165,855,247,905,10278
IMG_012,1,42,"faithfully,",1.0,263,855,445,905,10278
IMG_012,1,43,Henry,0.9998,172,1010,274,1055,10278
IMG_012,1,44,Davis,0.9998,294,1010,396,1055,10278
IMG_012,1,45,Document,0.9783,172,2200,306,2245,10278
IMG_012,1,46,ID:,0.9783,322,2200,372,2245,10278
IMG_012,1,47,IMG,0.9783,388,2200,438,2245,10278
IMG_012,1,48,012,0.9783,454,2200,504,2245,10278
IMG_013,1,1,LETTER,0.9904,587,145,820,215,9393
IMG_013,1,2,NO.,0.9904,858,145,974,215,9393
IMG_013,1,3,013,0.9904,1012,145,1128,215,9393
IMG_013,1,4,Dear,1.0,137,275,215,330,9393
IMG_013,1,5,Edward,1.0,234,275,351,330,9393
IMG_013,1,6,"Harris,",1.0,370,275,507,330,9393
IMG_013,1,7,I,1.0,145,400,162,477,9393
IMG_013,1,8,write,1.0,179,400,267,477,9393
IMG_013,1,9,to,1.0,284,400,319,477,9393
IMG_013,1,10,you,1.0,336,400,389,477,9393
IMG_013,1,11,from,1.0,406,400,477,477,9393
IMG_013,1,12,Leeds,1.0,494,400,582,477,9393
IMG_013,1,13,on,1.0,599,400,634,477,9393
IMG_013,1,14,the,1.0,651,400,704,477,9393
IMG_013,1,15,14th,1.0,721,400,792,477,9393
IMG_013,1,16,day,1.0,809,400,862,477,9393
IMG_013,1,17,of,1.0,879,400,914,477,9393
IMG_013,1,18,October,1.0,931,400,1055,477,9393
IMG_013,1,19,1922.,1.0,1072,400,1160,477,9393
IMG_013,1,20,The,0.9997,150,542,203,630,9393
IMG_013,1,21,goods,0.9997,220,542,309,630,9393
IMG_013,1,22,arrived,0.9997,326,542,450,630,9393
IMG_013,1,23,safely,0.9997,467,542,574,630,9393
IMG_013,1,24,and,0.9997,591,542,644,630,9393
IMG_013,1,25,the,0.9997,661,542,714,630,9393
IMG_013,1,26,account,0.9997,731,542,855,630,9393
IMG_013,1,27,has,0.9997,872,542,925,630,9393
IMG_013,1,28,been,0.9997,942,542,1013,630,9393
IMG_013,1,29,entered,0.9997,1030,542,1154,630,9393
IMG_013,1,30,by,0.9997,1171,542,1206,630,9393
IMG_013,1,31,the,0.9997,1223,542,1276,630,9393
IMG_013,1,32,baker.,0.9997,1293,542,1400,630,9393
IMG_013,1,33,Please,1.0,155,707,263,777,9393
IMG_013,1,34,send,1.0,281,707,353,777,9393
IMG_013,1,35,word,1.0,371,707,443,777,9393
IMG_013,1,36,before,1.0,461,707,569,777,9393
IMG_013,1,37,the,1.0,587,707,641,777,9393
IMG_013,1,38,winter,1.0,659,707,767,777,9393
IMG_013,1,39,market,1.0,785,707,893,777,9393
IMG_013,1,40,begins.,1.0,911,707,1038,777,9393
IMG_013,1,41,Yours,0.9999,160,877,240,930,9393
IMG_013,1,42,"faithfully,",0.9999,256,877,433,930,9393
IMG_013,1,43,Henry,0.9996,165,1030,268,1080,9393
IMG_013,1,44,Davis,0.9996,288,1030,391,1080,9393
IMG_013,1,45,Document,0.9851,210,2220,342,2265,9393
IMG_013,1,46,ID:,0.9851,358,2220,407,2265,9393
IMG_013,1,47,IMG,0.9851,423,2220,472,2265,9393
IMG_013,1,48,013,0.9851,488,2220,537,2265,9393
IMG_014,1,1,LETTER,0.9844,625,155,858,207,10250
IMG_014,1,2,NO.,0.9844,896,155,1012,207,10250
IMG_014,1,3,014,0.9844,1050,155,1166,207,10250
IMG_014,1,4,Dear,0.9997,170,260,243,305,10250
IMG_014,1,5,William,0.9997,261,260,389,305,10250
IMG_014,1,6,"Carter,",0.9997,407,260,535,305,10250
IMG_014,1,7,I,0.9997,177,415,194,450,10250
IMG_014,1,8,write,0.9997,211,415,297,450,10250
IMG_014,1,9,to,0.9997,314,415,348,450,10250
IMG_014,1,10,you,0.9997,365,415,416,450,10250
IMG_014,1,11,from,0.9997,433,415,501,450,10250
IMG_014,1,12,Bristol,0.9997,518,415,638,450,10250
IMG_014,1,13,on,0.9997,655,415,689,450,10250
IMG_014,1,14,the,0.9997,706,415,757,450,10250
IMG_014,1,15,14th,0.9997,774,415,842,450,10250
IMG_014,1,16,day,0.9997,859,415,910,450,10250
IMG_014,1,17,of,0.9997,927,415,961,450,10250
IMG_014,1,18,October,0.9997,978,415,1098,450,10250
IMG_014,1,19,1935.,0.9997,1115,415,1201,450,10250
IMG_014,1,20,The,0.9999,180,565,233,600,10250
IMG_014,1,21,goods,0.9999,250,565,339,600,10250
IMG_014,1,22,arrived,0.9999,356,565,481,600,10250
IMG_014,1,23,safely,0.9999,498,565,605,600,10250
IMG_014,1,24,and,0.9999,622,565,675,600,10250
IMG_014,1,25,the,0.9999,692,565,745,600,10250
IMG_014,1,26,account,0.9999,762,565,887,600,10250
IMG_014,1,27,has,0.9999,904,565,957,600,10250
IMG_014,1,28,been,0.9999,974,565,1045,600,10250
IMG_014,1,29,entered,0.9999,1062,565,1187,600,10250
IMG_014,1,30,by,0.9999,1204,565,1239,600,10250
IMG_014,1,31,the,0.9999,1256,565,1309,600,10250
IMG_014,1,32,merchant.,0.9999,1326,565,1487,600,10250
IMG_014,1,33,Please,0.9969,172,710,280,755,10250
IMG_014,1,34,send,0.9969,298,710,370,755,10250
IMG_014,1,35,word,0.9969,388,710,460,755,10250
IMG_014,1,36,before,0.9969,478,710,586,755,10250
IMG_014,1,37,the,0.9969,604,710,658,755,10250
IMG_014,1,38,winter,0.9969,676,710,784,755,10250
IMG_014,1,39,market,0.9969,802,710,910,755,10250
IMG_014,1,40,begins.,0.9969,928,710,1054,755,10250
IMG_014,1,41,Yours,1.0,175,862,255,905,10250
IMG_014,1,42,"faithfully,",1.0,271,862,447,905,10250
IMG_014,1,43,Arthur,0.9984,175,1012,290,1055,10250
IMG_014,1,44,Wilson,0.9984,309,1012,424,1055,10250
IMG_014,1,45,Document.,0.961,177,2207,317,2240,10250
IMG_014,1,46,ID:,0.961,332,2207,378,2240,10250
IMG_014,1,47,IMG,0.961,393,2207,439,2240,10250
IMG_014,1,48,014,0.961,454,2207,500,2240,10250
IMG_015,1,1,LETTER,0.9838,627,157,858,207,10656
IMG_015,1,2,NO.,0.9838,896,157,1011,207,10656
IMG_015,1,3,015,0.9838,1049,157,1164,207,10656
IMG_015,1,4,Dear,1.0,177,267,253,302,10656
IMG_015,1,5,Margaret,1.0,272,267,424,302,10656
IMG_015,1,6,"Lewis,",1.0,443,267,557,302,10656
IMG_015,1,7,I,0.9999,177,415,194,450,10656
IMG_015,1,8,write,0.9999,211,415,300,450,10656
IMG_015,1,9,to,0.9999,317,415,352,450,10656
IMG_015,1,10,you,0.9999,369,415,422,450,10656
IMG_015,1,11,from,0.9999,439,415,510,450,10656
IMG_015,1,12,Durham,0.9999,527,415,634,450,10656
IMG_015,1,13,on,0.9999,651,415,686,450,10656
IMG_015,1,14,the,0.9999,703,415,756,450,10656
IMG_015,1,15,14th,0.9999,773,415,844,450,10656
IMG_015,1,16,day,0.9999,861,415,914,450,10656
IMG_015,1,17,of,0.9999,931,415,966,450,10656
IMG_015,1,18,October,0.9999,983,415,1108,450,10656
IMG_015,1,19,1935.,0.9999,1125,415,1214,450,10656
IMG_015,1,20,The,0.9907,180,567,233,600,10656
IMG_015,1,21,goods,0.9907,250,567,338,600,10656
IMG_015,1,22,arrived,0.9907,355,567,478,600,10656
IMG_015,1,23,safely,0.9907,495,567,601,600,10656
IMG_015,1,24,and,0.9907,618,567,671,600,10656
IMG_015,1,25,the,0.9907,688,567,741,600,10656
IMG_015,1,26,account,0.9907,758,567,881,600,10656
IMG_015,1,27,has,0.9907,898,567,951,600,10656
IMG_015,1,28,been,0.9907,968,567,1038,600,10656
IMG_015,1,29,entered,0.9907,1055,567,1178,600,10656
IMG_015,1,30,by,0.9907,1195,567,1230,600,10656
IMG_015,1,31,the,0.9907,1247,567,1300,600,10656
IMG_015,1,32,baker.,0.9907,1317,567,1423,600,10656
IMG_015,1,33,Please,0.9993,180,715,287,750,10656
IMG_015,1,34,send,0.9993,304,715,375,750,10656
IMG_015,1,35,word,0.9993,392,715,463,750,10656
IMG_015,1,36,before,0.9993,480,715,587,750,10656
IMG_015,1,37,the,0.9993,604,715,657,750,10656
IMG_015,1,38,winter,0.9993,674,715,781,750,10656
IMG_015,1,39,market,0.9993,798,715,905,750,10656
IMG_015,1,40,begins.,0.9993,922,715,1047,750,10656
IMG_015,1,41,Yours,0.9978,172,860,252,902,10656
IMG_015,1,42,"faithfully,",0.9978,268,860,444,902,10656
IMG_015,1,43,William,0.9999,170,1007,303,1055,10656
IMG_015,1,44,Carter,0.9999,322,1007,436,1055,10656
IMG_015,1,45,Document,0.9809,172,2205,305,2242,10656
IMG_015,1,46,ID:,0.9809,321,2205,370,2242,10656
IMG_015,1,47,IMG,0.9809,386,2205,435,2242,10656
IMG_015,1,48,015,0.9809,451,2205,500,2242,10656
IMG_016,1,1,LETTER,0.9885,622,147,857,207,9943
IMG_016,1,2,NO.,0.9885,896,147,1013,207,9943
IMG_016,1,3,016,0.9885,1052,147,1169,207,9943
IMG_016,1,4,Dear,0.9999,175,265,247,300,9943
IMG_016,1,5,William,0.9999,265,265,390,300,9943
IMG_016,1,6,"Carter,",0.9999,408,265,533,300,9943
IMG_016,1,7,I,0.9998,175,415,192,450,9943
IMG_016,1,8,write,0.9998,209,415,297,450,9943
IMG_016,1,9,to,0.9998,314,415,349,450,9943
IMG_016,1,10,you,0.9998,366,415,419,450,9943
IMG_016,1,11,from,0.9998,436,415,506,450,9943
IMG_016,1,12,Norfolk,0.9998,523,415,647,450,9943
IMG_016,1,13,on,0.9998,664,415,699,450,9943
IMG_016,1,14,the,0.9998,716,415,769,450,9943
IMG_016,1,15,14th,0.9998,786,415,856,450,9943
IMG_016,1,16,day,0.9998,873,415,926,450,9943
IMG_016,1,17,of,0.9998,943,415,978,450,9943
IMG_016,1,18,October,0.9998,995,415,1119,450,9943
IMG_016,1,19,1904,0.9998,1136,415,1206,450,9943
IMG_016,1,20,The,0.998,177,565,229,600,9943
IMG_016,1,21,goods,0.998,246,565,333,600,9943
IMG_016,1,22,arrived,0.998,350,565,472,600,9943
IMG_016,1,23,safely,0.998,489,565,594,600,9943
IMG_016,1,24,and,0.998,611,565,663,600,9943
IMG_016,1,25,the,0.998,680,565,732,600,9943
IMG_016,1,26,account,0.998,749,565,871,600,9943
IMG_016,1,27,has,0.998,888,565,940,600,9943
IMG_016,1,28,been,0.998,957,565,1027,600,9943
IMG_016,1,29,entered,0.998,1044,565,1166,600,9943
IMG_016,1,30,by,0.998,1183,565,1218,600,9943
IMG_016,1,31,the,0.998,1235,565,1287,600,9943
IMG_016,1,32,printer.,0.998,1304,565,1444,600,9943
IMG_016,1,33,Please,1.0,170,707,278,755,9943
IMG_016,1,34,send,1.0,296,707,368,755,9943
IMG_016,1,35,word,1.0,386,707,458,755,9943
IMG_016,1,36,before,1.0,476,707,584,755,9943
IMG_016,1,37,the,1.0,602,707,656,755,9943
IMG_016,1,38,winter,1.0,674,707,782,755,9943
IMG_016,1,39,market,1.0,800,707,908,755,9943
IMG_016,1,40,begins.,1.0,926,707,1052,755,9943
IMG_016,1,41,Yours,0.9998,167,857,249,907,9943
IMG_016,1,42,"faithfully,",0.9998,265,857,446,907,9943
IMG_016,1,43,George,1.0,175,1010,289,1055,9943
IMG_016,1,44,Miller,1.0,308,1010,422,1055,9943
IMG_016,1,45,Document,0.9985,172,2207,304,2240,9943
IMG_016,1,46,ID:,0.9985,320,2207,369,2240,9943
IMG_016,1,47,IMG,0.9985,385,2207,434,2240,9943
IMG_016,1,48,016,0.9985,450,2207,499,2240,9943
IMG_017,1,1,LETTER,0.9806,630,160,859,202,10563
IMG_017,1,2,NO.,0.9806,897,160,1011,202,10563
IMG_017,1,3,017,0.9806,1049,160,1163,202,10563
IMG_017,1,4,Dear,0.997,177,267,251,302,10563
IMG_017,1,5,Henry,0.997,269,267,362,302,10563
IMG_017,1,6,"Davis,",0.997,380,267,492,302,10563
IMG_017,1,7,I,0.9999,177,417,194,450,10563
IMG_017,1,8,write,0.9999,211,417,300,450,10563
IMG_017,1,9,to,0.9999,317,417,352,450,10563
IMG_017,1,10,you,0.9999,369,417,422,450,10563
IMG_017,1,11,from,0.9999,439,417,510,450,10563
IMG_017,1,12,Durham,0.9999,527,417,634,450,10563
IMG_017,1,13,on,0.9999,651,417,686,450,10563
IMG_017,1,14,the,0.9999,703,417,756,450,10563
IMG_017,1,15,14th,0.9999,773,417,844,450,10563
IMG_017,1,16,day,0.9999,861,417,914,450,10563
IMG_017,1,17,of,0.9999,931,417,966,450,10563
IMG_017,1,18,October,0.9999,983,417,1108,450,10563
IMG_017,1,19,1883.,0.9999,1125,417,1214,450,10563
IMG_017,1,20,The,1.0,180,567,233,602,10563
IMG_017,1,21,goods,1.0,250,567,338,602,10563
IMG_017,1,22,arrived,1.0,355,567,478,602,10563
IMG_017,1,23,safely,1.0,495,567,601,602,10563
IMG_017,1,24,and,1.0,618,567,671,602,10563
IMG_017,1,25,the,1.0,688,567,741,602,10563
IMG_017,1,26,account,1.0,758,567,881,602,10563
IMG_017,1,27,has,1.0,898,567,951,602,10563
IMG_017,1,28,been,1.0,968,567,1038,602,10563
IMG_017,1,29,entered,1.0,1055,567,1178,602,10563
IMG_017,1,30,by,1.0,1195,567,1230,602,10563
IMG_017,1,31,the,1.0,1247,567,1300,602,10563
IMG_017,1,32,baker.,1.0,1317,567,1423,602,10563
IMG_017,1,33,Please,0.9999,177,712,284,752,10563
IMG_017,1,34,send,0.9999,301,712,372,752,10563
IMG_017,1,35,word,0.9999,389,712,460,752,10563
IMG_017,1,36,before,0.9999,477,712,584,752,10563
IMG_017,1,37,the,0.9999,601,712,654,752,10563
IMG_017,1,38,winter,0.9999,671,712,778,752,10563
IMG_017,1,39,market,0.9999,795,712,902,752,10563
IMG_017,1,40,begins.,0.9999,919,712,1044,752,10563
IMG_017,1,41,Yours,1.0,175,862,255,905,10563
IMG_017,1,42,"faithfully,",1.0,271,862,447,905,10563
IMG_017,1,43,Thomas,0.9999,177,1015,299,1050,10563
IMG_017,1,44,Bennett,0.9999,319,1015,461,1050,10563
IMG_017,1,45,Document,0.9745,172,2205,305,2242,10563
IMG_017,1,46,ID:,0.9745,321,2205,370,2242,10563
IMG_017,1,47,IMG,0.9745,386,2205,435,2242,10563
IMG_017,1,48,017,0.9745,451,2205,500,2242,10563
IMG_018,1,1,LETTER,0.974,625,155,858,207,10511
IMG_018,1,2,NO.,0.974,896,155,1012,207,10511
IMG_018,1,3,018,0.974,1050,155,1166,207,10511
IMG_018,1,4,Dear,0.9947,177,267,251,302,10511
IMG_018,1,5,Henry,0.9947,269,267,362,302,10511
IMG_018,1,6,"Davis,",0.9947,380,267,492,302,10511
IMG_018,1,7,I,0.9992,177,415,194,450,10511
IMG_018,1,8,write,0.9992,211,415,298,450,10511
IMG_018,1,9,to,0.9992,315,415,349,450,10511
IMG_018,1,10,you,0.9992,366,415,418,450,10511
IMG_018,1,11,from,0.9992,435,415,504,450,10511
IMG_018,1,12,Yorkshire,0.9992,521,415,678,450,10511
IMG_018,1,13,on,0.9992,695,415,729,450,10511
IMG_018,1,14,the,0.9992,746,415,798,450,10511
IMG_018,1,15,14th,0.9992,815,415,884,450,10511
IMG_018,1,16,day,0.9992,901,415,953,450,10511
IMG_018,1,17,of,0.9992,970,415,1004,450,10511
IMG_018,1,18,October,0.9992,1021,415,1143,450,10511
IMG_018,1,19,1917.,0.9992,1160,415,1247,450,10511
IMG_018,1,20,The,0.9994,175,560,227,605,10511
IMG_018,1,21,goods,0.9994,244,560,331,605,10511
IMG_018,1,22,arrived,0.9994,348,560,470,605,10511
IMG_018,1,23,safely,0.9994,487,560,592,605,10511
IMG_018,1,24,and,0.9994,609,560,661,605,10511
IMG_018,1,25,the,0.9994,678,560,730,605,10511
IMG_018,1,26,account,0.9994,747,560,869,605,10511
IMG_018,1,27,has,0.9994,886,560,938,605,10511
IMG_018,1,28,been,0.9994,955,560,1025,605,10511
IMG_018,1,29,entered,0.9994,1042,560,1164,605,10511
IMG_018,1,30,by,0.9994,1181,560,1216,605,10511
IMG_018,1,31,the,0.9994,1233,560,1285,605,10511
IMG_018,1,32,stationer.,0.9994,1302,560,1477,605,10511
IMG_018,1,33,Please,1.0,175,712,283,752,10511
IMG_018,1,34,send,1.0,301,712,373,752,10511
IMG_018,1,35,word,1.0,391,712,463,752,10511
IMG_018,1,36,before,1.0,481,712,589,752,10511
IMG_018,1,37,the,1.0,607,712,661,752,10511
IMG_018,1,38,winter,1.0,679,712,787,752,10511
IMG_018,1,39,market,1.0,805,712,913,752,10511
IMG_018,1,40,begins.,1.0,931,712,1057,752,10511
IMG_018,1,41,Yours,1.0,175,862,255,905,10511
IMG_018,1,42,"faithfully,",1.0,271,862,447,905,10511
IMG_018,1,43,ClaraJohnson,1.0,172,1007,425,1057,10511
IMG_018,1,44,Document,0.9443,175,2205,307,2242,10511
IMG_018,1,45,ID:,0.9443,323,2205,372,2242,10511
IMG_018,1,46,IMG,0.9443,388,2205,437,2242,10511
IMG_018,1,47,018,0.9443,453,2205,502,2242,10511
IMG_019,1,1,LETTER,0.9701,620,147,857,212,10723
IMG_019,1,2,NO.,0.9701,896,147,1014,212,10723
IMG_019,1,3,019,0.9701,1053,147,1171,212,10723
IMG_019,1,4,Dear,1.0,175,262,248,305,10723
IMG_019,1,5,George,1.0,266,262,375,305,10723
IMG_019,1,6,"Miller,",1.0,393,262,520,305,10723
IMG_019,1,7,I,0.9945,177,415,194,450,10723
IMG_019,1,8,write,0.9945,211,415,300,450,10723
IMG_019,1,9,to,0.9945,317,415,352,450,10723
IMG_019,1,10,you,0.9945,369,415,422,450,10723
IMG_019,1,11,from,0.9945,439,415,510,450,10723
IMG_019,1,12,Durham,0.9945,527,415,634,450,10723
IMG_019,1,13,on,0.9945,651,415,686,450,10723
IMG_019,1,14,the,0.9945,703,415,756,450,10723
IMG_019,1,15,14th,0.9945,773,415,844,450,10723
IMG_019,1,16,day,0.9945,861,415,914,450,10723
IMG_019,1,17,of,0.9945,931,415,966,450,10723
IMG_019,1,18,October,0.9945,983,415,1108,450,10723
IMG_019,1,19,1922.,0.9945,1125,415,1214,450,10723
IMG_019,1,20,The,1.0,175,562,228,605,10723
IMG_019,1,21,goods,1.0,245,562,333,605,10723
IMG_019,1,22,arrived,1.0,350,562,474,605,10723
IMG_019,1,23,safely,1.0,491,562,597,605,10723
IMG_019,1,24,and,1.0,614,562,667,605,10723
IMG_019,1,25,the,1.0,684,562,737,605,10723
IMG_019,1,26,account,1.0,754,562,878,605,10723
IMG_019,1,27,has,1.0,895,562,948,605,10723
IMG_019,1,28,been,1.0,965,562,1036,605,10723
IMG_019,1,29,entered,1.0,1053,562,1177,605,10723
IMG_019,1,30,by,1.0,1194,562,1229,605,10723
IMG_019,1,31,the,1.0,1246,562,1299,605,10723
IMG_019,1,32,carpenter.,1.0,1316,562,1493,605,10723
IMG_019,1,33,Please,0.9906,172,710,280,755,10723
IMG_019,1,34,send,0.9906,298,710,370,755,10723
IMG_019,1,35,word,0.9906,388,710,460,755,10723
IMG_019,1,36,before,0.9906,478,710,586,755,10723
IMG_019,1,37,the,0.9906,604,710,658,755,10723
IMG_019,1,38,winter,0.9906,676,710,784,755,10723
IMG_019,1,39,market,0.9906,802,710,910,755,10723
IMG_019,1,40,begins.,0.9906,928,710,1054,755,10723
IMG_019,1,41,Yours,0.9999,172,862,252,905,10723
IMG_019,1,42,"faithfully,",0.9999,268,862,445,905,10723
IMG_019,1,43,William,0.9999,177,1015,304,1050,10723
IMG_019,1,44,Carter,0.9999,322,1015,431,1050,10723
IMG_019,1,45,Document,0.9734,175,2207,305,2240,10723
IMG_019,1,46,ID:,0.9734,321,2207,370,2240,10723
IMG_019,1,47,IMG,0.9734,386,2207,435,2240,10723
IMG_019,1,48,019,0.9734,451,2207,500,2240,10723
IMG_020,1,1,LETTER,0.9893,622,150,857,210,11463
IMG_020,1,2,NO.,0.9893,896,150,1013,210,11463
IMG_020,1,3,020,0.9893,1052,150,1169,210,11463
IMG_020,1,4,Dear,0.9795,165,255,241,310,11463
IMG_020,1,5,George,0.9795,260,255,374,310,11463
IMG_020,1,6,"Miller,",0.9795,393,255,526,310,11463
IMG_020,1,7,I,1.0,175,415,192,450,11463
IMG_020,1,8,write,1.0,209,415,298,450,11463
IMG_020,1,9,to,1.0,315,415,350,450,11463
IMG_020,1,10,you,1.0,367,415,420,450,11463
IMG_020,1,11,from,1.0,437,415,508,450,11463
IMG_020,1,12,Manchester,1.0,525,415,703,450,11463
IMG_020,1,13,on,1.0,720,415,755,450,11463
IMG_020,1,14,the,1.0,772,415,825,450,11463
IMG_020,1,15,14th,1.0,842,415,913,450,11463
IMG_020,1,16,day,1.0,930,415,983,450,11463
IMG_020,1,17,of,1.0,1000,415,1035,450,11463
IMG_020,1,18,October,1.0,1052,415,1177,450,11463
IMG_020,1,19,1903.,1.0,1194,415,1283,450,11463
IMG_020,1,20,The,1.0,177,565,230,600,11463
IMG_020,1,21,goods,1.0,247,565,336,600,11463
IMG_020,1,22,arrived,1.0,353,565,477,600,11463
IMG_020,1,23,safely,1.0,494,565,600,600,11463
IMG_020,1,24,and,1.0,617,565,670,600,11463
IMG_020,1,25,the,1.0,687,565,740,600,11463
IMG_020,1,26,account,1.0,757,565,881,600,11463
IMG_020,1,27,has,1.0,898,565,951,600,11463
IMG_020,1,28,been,1.0,968,565,1039,600,11463
IMG_020,1,29,entered,1.0,1056,565,1180,600,11463
IMG_020,1,30,by,1.0,1197,565,1232,600,11463
IMG_020,1,31,the,1.0,1249,565,1302,600,11463
IMG_020,1,32,blacksmith.,1.0,1319,565,1514,600,11463
IMG_020,1,33,Please,1.0,177,715,284,750,11463
IMG_020,1,34,send,1.0,301,715,372,750,11463
IMG_020,1,35,word,1.0,389,715,460,750,11463
IMG_020,1,36,before,1.0,477,715,584,750,11463
IMG_020,1,37,the,1.0,601,715,654,750,11463
IMG_020,1,38,winter,1.0,671,715,778,750,11463
IMG_020,1,39,market,1.0,795,715,902,750,11463
IMG_020,1,40,begins.,1.0,919,715,1044,750,11463
IMG_020,1,41,Yours,1.0,165,855,247,905,11463
IMG_020,1,42,"faithfully,",1.0,263,855,445,905,11463
IMG_020,1,43,George,1.0,175,1010,291,1057,11463
IMG_020,1,44,Miller,1.0,310,1010,426,1057,11463
IMG_020,1,45,Document,0.991,172,2202,306,2242,11463
IMG_020,1,46,ID:,0.991,322,2202,372,2242,11463
IMG_020,1,47,IMG,0.991,388,2202,438,2242,11463
IMG_020,1,48,020,0.991,454,2202,504,2242,11463
IMG_021,1,1,THE,0.9619,355,137,481,225,9835
IMG_021,1,2,COUNTY,0.9619,523,137,776,225,9835
IMG_021,1,3,HERALD,0.9619,818,137,1071,225,9835
IMG_021,1,4,–,0.9619,1113,137,1155,225,9835
IMG_021,1,5,1898,0.9619,1197,137,1365,225,9835
IMG_021,1,6,LOCAL,0.9983,140,272,261,325,9835
IMG_021,1,7,NEWS,0.9983,285,272,382,325,9835
IMG_021,1,8,FROM,0.9983,406,272,503,325,9835
IMG_021,1,9,LEEDS,0.9983,527,272,648,325,9835
IMG_021,1,10,MARKET,0.9999,142,425,294,477,9835
IMG_021,1,11,REPORT,0.9999,319,425,471,477,9835
IMG_021,1,12,Prices,1.0,150,545,258,627,9835
IMG_021,1,13,remained,1.0,276,545,420,627,9835
IMG_021,1,14,steady,1.0,438,545,546,627,9835
IMG_021,1,15,this,1.0,564,545,636,627,9835
IMG_021,1,16,"week,",1.0,654,545,744,627,9835
IMG_021,1,17,with,1.0,762,545,834,627,9835
IMG_021,1,18,merchants,1.0,852,545,1014,627,9835
IMG_021,1,19,reporting,1.0,1032,545,1194,627,9835
IMG_021,1,20,good,1.0,1212,545,1284,627,9835
IMG_021,1,21,trade.,1.0,1302,545,1410,627,9835
IMG_021,1,22,A,0.9974,155,695,172,780,9835
IMG_021,1,23,meeting,0.9974,189,695,313,780,9835
IMG_021,1,24,was,0.9974,330,695,383,780,9835
IMG_021,1,25,held,0.9974,400,695,471,780,9835
IMG_021,1,26,at,0.9974,488,695,523,780,9835
IMG_021,1,27,the,0.9974,540,695,593,780,9835
IMG_021,1,28,town,0.9974,610,695,681,780,9835
IMG_021,1,29,hall,0.9974,698,695,769,780,9835
IMG_021,1,30,concerning,0.9974,786,695,964,780,9835
IMG_021,1,31,the,0.9974,981,695,1034,780,9835
IMG_021,1,32,new,0.9974,1051,695,1104,780,9835
IMG_021,1,33,railway,0.9974,1121,695,1245,780,9835
IMG_021,1,34,service.,0.9974,1262,695,1404,780,9835
IMG_021,1,35,Weather:,0.9996,162,852,300,930,9835
IMG_021,1,36,light,0.9996,317,852,403,930,9835
IMG_021,1,37,rain,0.9996,420,852,489,930,9835
IMG_021,1,38,in,0.9996,506,852,540,930,9835
IMG_021,1,39,the,0.9996,557,852,608,930,9835
IMG_021,1,40,"morning,",0.9996,625,852,763,930,9835
IMG_021,1,41,clearing,0.9996,780,852,918,930,9835
IMG_021,1,42,by,0.9996,935,852,969,930,9835
IMG_021,1,43,afternoon.,0.9996,986,852,1158,930,9835
IMG_021,1,44,Document,0.9878,210,2220,342,2265,9835
IMG_021,1,45,ID:,0.9878,358,2220,407,2265,9835
IMG_021,1,46,IMG,0.9878,423,2220,472,2265,9835
IMG_021,1,47,021,0.9878,488,2220,537,2265,9835
IMG_022,1,1,THE,0.9648,390,155,516,205,10251
IMG_022,1,2,COUNTY,0.9648,558,155,811,205,10251
IMG_022,1,3,HERALD,0.9648,853,155,1106,205,10251
IMG_022,1,4,–,0.9648,1148,155,1190,205,10251
IMG_022,1,5,1880,0.9648,1232,155,1400,205,10251
IMG_022,1,6,LOCAL,0.9984,175,267,300,300,10251
IMG_022,1,7,NEWS,0.9984,325,267,425,300,10251
IMG_022,1,8,FROM,0.9984,450,267,550,300,10251
IMG_022,1,9,MANCHESTER,0.9984,575,267,825,300,10251
IMG_022,1,10,MARKET,0.992,175,412,322,447,10251
IMG_022,1,11,REPORT,0.992,346,412,493,447,10251
IMG_022,1,12,Prices,0.9929,172,560,280,605,10251
IMG_022,1,13,remained,0.9929,298,560,442,605,10251
IMG_022,1,14,steady,0.9929,460,560,568,605,10251
IMG_022,1,15,this,0.9929,586,560,658,605,10251
IMG_022,1,16,"week,",0.9929,676,560,766,605,10251
IMG_022,1,17,with,0.9929,784,560,856,605,10251
IMG_022,1,18,merchants,0.9929,874,560,1036,605,10251
IMG_022,1,19,reporting,0.9929,1054,560,1216,605,10251
IMG_022,1,20,good,0.9929,1234,560,1306,605,10251
IMG_022,1,21,trade.,0.9929,1324,560,1432,605,10251
IMG_022,1,22,A,0.9871,177,715,194,750,10251
IMG_022,1,23,meeting,0.9871,211,715,334,750,10251
IMG_022,1,24,was,0.9871,351,715,403,750,10251
IMG_022,1,25,held,0.9871,420,715,490,750,10251
IMG_022,1,26,at,0.9871,507,715,542,750,10251
IMG_022,1,27,the,0.9871,559,715,611,750,10251
IMG_022,1,28,town,0.9871,628,715,698,750,10251
IMG_022,1,29,hall,0.9871,715,715,785,750,10251
IMG_022,1,30,concerning,0.9871,802,715,978,750,10251
IMG_022,1,31,the,0.9871,995,715,1047,750,10251
IMG_022,1,32,new,0.9871,1064,715,1116,750,10251
IMG_022,1,33,railway,0.9871,1133,715,1256,750,10251
IMG_022,1,34,service.,0.9871,1273,715,1414,750,10251
IMG_022,1,35,Weather:,0.9944,175,860,312,905,10251
IMG_022,1,36,light,0.9944,329,860,415,905,10251
IMG_022,1,37,rain,0.9944,432,860,500,905,10251
IMG_022,1,38,in,0.9944,517,860,551,905,10251
IMG_022,1,39,the,0.9944,568,860,619,905,10251
IMG_022,1,40,"morning,",0.9944,636,860,773,905,10251
IMG_022,1,41,clearing,0.9944,790,860,927,905,10251
IMG_022,1,42,by,0.9944,944,860,978,905,10251
IMG_022,1,43,afternoon.,0.9944,995,860,1167,905,10251
IMG_022,1,44,Documenl,0.93,175,2207,307,2240,10251
IMG_022,1,45,ID:,0.93,323,2207,372,2240,10251
IMG_022,1,46,IMG,0.93,388,2207,437,2240,10251
IMG_022,1,47,022,0.93,453,2207,502,2240,10251
IMG_023,1,1,THE,0.9681,390,155,516,205,10932
IMG_023,1,2,COUNTY,0.9681,558,155,811,205,10932
IMG_023,1,3,HERALD,0.9681,853,155,1106,205,10932
IMG_023,1,4,—,0.9681,1148,155,1190,205,10932
IMG_023,1,5,1933,0.9681,1232,155,1400,205,10932
IMG_023,1,6,LOCAL,0.9994,177,267,299,300,10932
IMG_023,1,7,NEWS,0.9994,323,267,421,300,10932
IMG_023,1,8,FROM,0.9994,445,267,543,300,10932
IMG_023,1,9,DEVON,0.9994,567,267,689,300,10932
IMG_023,1,10,MARKET,0.9941,175,415,322,447,10932
IMG_023,1,11,REPORT,0.9941,346,415,493,447,10932
IMG_023,1,12,Prices,0.9961,180,567,287,602,10932
IMG_023,1,13,remained,0.9961,304,567,447,602,10932
IMG_023,1,14,steady,0.9961,464,567,571,602,10932
IMG_023,1,15,this,0.9961,588,567,659,602,10932
IMG_023,1,16,"week,",0.9961,676,567,765,602,10932
IMG_023,1,17,with,0.9961,782,567,853,602,10932
IMG_023,1,18,merchants,0.9961,870,567,1030,602,10932
IMG_023,1,19,reporting,0.9961,1047,567,1207,602,10932
IMG_023,1,20,good,0.9961,1224,567,1295,602,10932
IMG_023,1,21,trade.,0.9961,1312,567,1419,602,10932
IMG_023,1,22,A,0.9965,177,717,194,752,10932
IMG_023,1,23,meeting,0.9965,211,717,334,752,10932
IMG_023,1,24,was,0.9965,351,717,404,752,10932
IMG_023,1,25,held,0.9965,421,717,491,752,10932
IMG_023,1,26,at,0.9965,508,717,543,752,10932
IMG_023,1,27,the,0.9965,560,717,613,752,10932
IMG_023,1,28,town,0.9965,630,717,700,752,10932
IMG_023,1,29,hall,0.9965,717,717,787,752,10932
IMG_023,1,30,concerning,0.9965,804,717,980,752,10932
IMG_023,1,31,the,0.9965,997,717,1050,752,10932
IMG_023,1,32,new,0.9965,1067,717,1120,752,10932
IMG_023,1,33,railway,0.9965,1137,717,1260,752,10932
IMG_023,1,34,service.,0.9965,1277,717,1418,752,10932
IMG_023,1,35,Weather:,0.9997,180,867,316,902,10932
IMG_023,1,36,light,0.9997,333,867,418,902,10932
IMG_023,1,37,rain,0.9997,435,867,503,902,10932
IMG_023,1,38,in,0.9997,520,867,554,902,10932
IMG_023,1,39,the,0.9997,571,867,622,902,10932
IMG_023,1,40,"morning,",0.9997,639,867,775,902,10932
IMG_023,1,41,clearing,0.9997,792,867,928,902,10932
IMG_023,1,42,by,0.9997,945,867,979,902,10932
IMG_023,1,43,afternoon.,0.9997,996,867,1167,902,10932
IMG_023,1,44,Document,0.9711,172,2205,305,2242,10932
IMG_023,1,45,ID:,0.9711,321,2205,370,2242,10932
IMG_023,1,46,IMG,0.9711,386,2205,435,2242,10932
IMG_023,1,47,023,0.9711,451,2205,500,2242,10932
IMG_024,1,1,THE,0.9706,387,150,513,207,9696
IMG_024,1,2,COUNTY,0.9706,555,150,808,207,9696
IMG_024,1,3,HERALD,0.9706,850,150,1103,207,9696
IMG_024,1,4,—,0.9706,1145,150,1187,207,9696
IMG_024,1,5,1922,0.9706,1229,150,1398,207,9696
IMG_024,1,6,LOCAL,0.9798,175,265,297,297,9696
IMG_024,1,7,NEWS,0.9798,321,265,419,297,9696
IMG_024,1,8,FROM,0.9798,443,265,541,297,9696
IMG_024,1,9,KENT,0.9798,565,265,663,297,9696
IMG_024,1,10,MARKET,0.9997,172,410,322,452,9696
IMG_024,1,11,REPORT,0.9997,347,410,497,452,9696
IMG_024,1,12,Prices,0.9999,175,562,282,605,9696
IMG_024,1,13,remained,0.9999,299,562,442,605,9696
IMG_024,1,14,steady,0.9999,459,562,566,605,9696
IMG_024,1,15,this,0.9999,583,562,654,605,9696
IMG_024,1,16,"week,",0.9999,671,562,760,605,9696
IMG_024,1,17,with,0.9999,777,562,848,605,9696
IMG_024,1,18,merchants,0.9999,865,562,1026,605,9696
IMG_024,1,19,reporting,0.9999,1043,562,1204,605,9696
IMG_024,1,20,good,0.9999,1221,562,1292,605,9696
IMG_024,1,21,trade.,0.9999,1309,562,1416,605,9696
IMG_024,1,22,A,0.9952,175,712,192,755,9696
IMG_024,1,23,meeting,0.9952,209,712,333,755,9696
IMG_024,1,24,was,0.9952,350,712,403,755,9696
IMG_024,1,25,held,0.9952,420,712,490,755,9696
IMG_024,1,26,at,0.9952,507,712,542,755,9696
IMG_024,1,27,the,0.9952,559,712,612,755,9696
IMG_024,1,28,town,0.9952,629,712,699,755,9696
IMG_024,1,29,hall,0.9952,716,712,786,755,9696
IMG_024,1,30,concerning,0.9952,803,712,980,755,9696
IMG_024,1,31,the,0.9952,997,712,1050,755,9696
IMG_024,1,32,new,0.9952,1067,712,1120,755,9696
IMG_024,1,33,railway,0.9952,1137,712,1261,755,9696
IMG_024,1,34,service.,0.9952,1278,712,1419,755,9696
IMG_024,1,35,Weather:,0.9947,175,862,312,905,9696
IMG_024,1,36,light,0.9947,329,862,414,905,9696
IMG_024,1,37,rain,0.9947,431,862,499,905,9696
IMG_024,1,38,in,0.9947,516,862,550,905,9696
IMG_024,1,39,the,0.9947,567,862,618,905,9696
IMG_024,1,40,"morning,",0.9947,635,862,772,905,9696
IMG_024,1,41,clearing,0.9947,789,862,926,905,9696
IMG_024,1,42,by,0.9947,943,862,977,905,9696
IMG_024,1,43,afternoon.,0.9947,994,862,1165,905,9696
IMG_024,1,44,Document,0.9948,177,2207,308,2240,9696
IMG_024,1,45,ID:,0.9948,324,2207,373,2240,9696
IMG_024,1,46,IMG,0.9948,389,2207,438,2240,9696
IMG_024,1,47,024,0.9948,454,2207,503,2240,9696
IMG_025,1,1,THE,0.9686,390,155,516,205,10731
IMG_025,1,2,COUNTY,0.9686,558,155,811,205,10731
IMG_025,1,3,HERALD,0.9686,853,155,1106,205,10731
IMG_025,1,4,–,0.9686,1148,155,1190,205,10731
IMG_025,1,5,1897,0.9686,1232,155,1400,205,10731
IMG_025,1,6,LOCAL,0.9995,177,267,295,300,10731
IMG_025,1,7,NEWS,0.9995,318,267,412,300,10731
IMG_025,1,8,FROM,0.9995,435,267,529,300,10731
IMG_025,1,9,BRISTOL,0.9995,552,267,717,300,10731
IMG_025,1,10,MARKET,0.9958,175,412,322,447,10731
IMG_025,1,11,REPORT,0.9958,346,412,493,447,10731
IMG_025,1,12,Prices,1.0,180,567,287,602,10731
IMG_025,1,13,remained,1.0,304,567,447,602,10731
IMG_025,1,14,steady,1.0,464,567,571,602,10731
IMG_025,1,15,this,1.0,588,567,659,602,10731
IMG_025,1,16,"week,",1.0,676,567,765,602,10731
IMG_025,1,17,with,1.0,782,567,853,602,10731
IMG_025,1,18,merchants,1.0,870,567,1030,602,10731
IMG_025,1,19,reporting,1.0,1047,567,1207,602,10731
IMG_025,1,20,good,1.0,1224,567,1295,602,10731
IMG_025,1,21,trade.,1.0,1312,567,1419,602,10731
IMG_025,1,22,A,0.9842,177,715,194,750,10731
IMG_025,1,23,meeting,0.9842,211,715,334,750,10731
IMG_025,1,24,was,0.9842,351,715,403,750,10731
IMG_025,1,25,held,0.9842,420,715,490,750,10731
IMG_025,1,26,at,0.9842,507,715,542,750,10731
IMG_025,1,27,the,0.9842,559,715,611,750,10731
IMG_025,1,28,town,0.9842,628,715,698,750,10731
IMG_025,1,29,hall,0.9842,715,715,785,750,10731
IMG_025,1,30,concerning,0.9842,802,715,978,750,10731
IMG_025,1,31,the,0.9842,995,715,1047,750,10731
IMG_025,1,32,new,0.9842,1064,715,1116,750,10731
IMG_025,1,33,railway,0.9842,1133,715,1256,750,10731
IMG_025,1,34,service.,0.9842,1273,715,1414,750,10731
IMG_025,1,35,Weather:,0.9976,180,867,316,902,10731
IMG_025,1,36,light,0.9976,333,867,418,902,10731
IMG_025,1,37,rain,0.9976,435,867,503,902,10731
IMG_025,1,38,in,0.9976,520,867,554,902,10731
IMG_025,1,39,the,0.9976,571,867,622,902,10731
IMG_025,1,40,"morning,",0.9976,639,867,775,902,10731
IMG_025,1,41,clearing,0.9976,792,867,928,902,10731
IMG_025,1,42,by,0.9976,945,867,979,902,10731
IMG_025,1,43,afternoon.,0.9976,996,867,1167,902,10731
IMG_025,1,44,Documenl.,0.9711,177,2207,316,2240,10731
IMG_025,1,45,ID:,0.9711,331,2207,377,2240,10731
IMG_025,1,46,IMG,0.9711,392,2207,438,2240,10731
IMG_025,1,47,025,0.9711,453,2207,499,2240,10731
IMG_026,1,1,THE,0.967,387,152,513,207,12461
IMG_026,1,2,COUNTY,0.967,555,152,808,207,12461
IMG_026,1,3,HERALD,0.967,850,152,1103,207,12461
IMG_026,1,4,–,0.967,1145,152,1187,207,12461
IMG_026,1,5,1905,0.967,1229,152,1398,207,12461
IMG_026,1,6,LOCAL,0.9984,175,267,300,300,12461
IMG_026,1,7,NEWS,0.9984,325,267,425,300,12461
IMG_026,1,8,FROM,0.9984,450,267,550,300,12461
IMG_026,1,9,LONDON,0.9984,575,267,725,300,12461
IMG_026,1,10,MARKET,0.9929,175,412,322,447,12461
IMG_026,1,11,REPORT,0.9929,346,412,493,447,12461
IMG_026,1,12,Prices,0.9986,175,560,283,605,12461
IMG_026,1,13,remained,0.9986,301,560,445,605,12461
IMG_026,1,14,steady,0.9986,463,560,571,605,12461
IMG_026,1,15,this,0.9986,589,560,661,605,12461
IMG_026,1,16,"week,",0.9986,679,560,769,605,12461
IMG_026,1,17,with,0.9986,787,560,859,605,12461
IMG_026,1,18,merchants,0.9986,877,560,1038,605,12461
IMG_026,1,19,reporting,0.9986,1056,560,1217,605,12461
IMG_026,1,20,good,0.9986,1235,560,1307,605,12461
IMG_026,1,21,trade.,0.9986,1325,560,1433,605,12461
IMG_026,1,22,A,0.9864,177,715,194,750,12461
IMG_026,1,23,meeting,0.9864,211,715,334,750,12461
IMG_026,1,24,was,0.9864,351,715,403,750,12461
IMG_026,1,25,held,0.9864,420,715,490,750,12461
IMG_026,1,26,at,0.9864,507,715,542,750,12461
IMG_026,1,27,the,0.9864,559,715,611,750,12461
IMG_026,1,28,town,0.9864,628,715,698,750,12461
IMG_026,1,29,hall,0.9864,715,715,785,750,12461
IMG_026,1,30,concerning,0.9864,802,715,978,750,12461
IMG_026,1,31,the,0.9864,995,715,1047,750,12461
IMG_026,1,32,new,0.9864,1064,715,1116,750,12461
IMG_026,1,33,railway,0.9864,1133,715,1256,750,12461
IMG_026,1,34,service.,0.9864,1273,715,1414,750,12461
IMG_026,1,35,Weather:,0.9904,180,865,316,900,12461
IMG_026,1,36,light,0.9904,333,865,418,900,12461
IMG_026,1,37,rain,0.9904,435,865,503,900,12461
IMG_026,1,38,in,0.9904,520,865,554,900,12461
IMG_026,1,39,the,0.9904,571,865,622,900,12461
IMG_026,1,40,"morning,",0.9904,639,865,775,900,12461
IMG_026,1,41,clearing,0.9904,792,865,928,900,12461
IMG_026,1,42,by,0.9904,945,865,979,900,12461
IMG_026,1,43,afternoon.,0.9904,996,865,1166,900,12461
IMG_026,1,44,Documenl.,0.9635,177,2207,317,2240,12461
IMG_026,1,45,ID:,0.9635,332,2207,378,2240,12461
IMG_026,1,46,IMG,0.9635,393,2207,439,2240,12461
IMG_026,1,47,026,0.9635,454,2207,500,2240,12461
IMG_027,1,1,THE,0.9552,390,155,516,205,10286
IMG_027,1,2,COUNTY,0.9552,558,155,810,205,10286
IMG_027,1,3,HERALD,0.9552,852,155,1104,205,10286
IMG_027,1,4,—,0.9552,1146,155,1188,205,10286
IMG_027,1,5,1882,0.9552,1230,155,1398,205,10286
IMG_027,1,6,LOCAL,0.9971,177,265,300,300,10286
IMG_027,1,7,NEWS,0.9971,324,265,422,300,10286
IMG_027,1,8,FROM,0.9971,446,265,544,300,10286
IMG_027,1,9,DEVON,0.9971,568,265,691,300,10286
IMG_027,1,10,MARKET,0.9872,175,412,322,447,10286
IMG_027,1,11,REPORT,0.9872,346,412,493,447,10286
IMG_027,1,12,Prices,1.0,175,562,282,605,10286
IMG_027,1,13,remained,1.0,299,562,442,605,10286
IMG_027,1,14,steady,1.0,459,562,566,605,10286
IMG_027,1,15,this,1.0,583,562,654,605,10286
IMG_027,1,16,"week,",1.0,671,562,760,605,10286
IMG_027,1,17,with,1.0,777,562,848,605,10286
IMG_027,1,18,merchants,1.0,865,562,1026,605,10286
IMG_027,1,19,reporting,1.0,1043,562,1204,605,10286
IMG_027,1,20,good,1.0,1221,562,1292,605,10286
IMG_027,1,21,trade.,1.0,1309,562,1416,605,10286
IMG_027,1,22,A,0.9954,172,710,189,755,10286
IMG_027,1,23,meeting,0.9954,206,710,330,755,10286
IMG_027,1,24,was,0.9954,347,710,400,755,10286
IMG_027,1,25,held,0.9954,417,710,488,755,10286
IMG_027,1,26,at,0.9954,505,710,540,755,10286
IMG_027,1,27,the,0.9954,557,710,610,755,10286
IMG_027,1,28,town,0.9954,627,710,698,755,10286
IMG_027,1,29,hall,0.9954,715,710,786,755,10286
IMG_027,1,30,concerning,0.9954,803,710,980,755,10286
IMG_027,1,31,the,0.9954,997,710,1050,755,10286
IMG_027,1,32,new,0.9954,1067,710,1120,755,10286
IMG_027,1,33,railway,0.9954,1137,710,1261,755,10286
IMG_027,1,34,service.,0.9954,1278,710,1420,755,10286
IMG_027,1,35,Weather:,1.0,177,862,314,905,10286
IMG_027,1,36,light,1.0,331,862,416,905,10286
IMG_027,1,37,rain,1.0,433,862,501,905,10286
IMG_027,1,38,in,1.0,518,862,552,905,10286
IMG_027,1,39,the,1.0,569,862,620,905,10286
IMG_027,1,40,"morning,",1.0,637,862,774,905,10286
IMG_027,1,41,clearing,1.0,791,862,928,905,10286
IMG_027,1,42,by,1.0,945,862,979,905,10286
IMG_027,1,43,afternoon.,1.0,996,862,1167,905,10286
IMG_027,1,44,Document.,0.968,172,2207,313,2240,10286
IMG_027,1,45,ID:,0.968,328,2207,375,2240,10286
IMG_027,1,46,IMG,0.968,390,2207,437,2240,10286
IMG_027,1,47,027,0.968,452,2207,499,2240,10286
IMG_028,1,1,THE,0.9575,390,155,516,205,10366
IMG_028,1,2,COUNTY,0.9575,558,155,810,205,10366
IMG_028,1,3,HERALD,0.9575,852,155,1104,205,10366
IMG_028,1,4,—,0.9575,1146,155,1188,205,10366
IMG_028,1,5,1925,0.9575,1230,155,1398,205,10366
IMG_028,1,6,LOCAL,0.9987,172,265,292,297,10366
IMG_028,1,7,NEWS,0.9987,316,265,412,297,10366
IMG_028,1,8,FROM,0.9987,436,265,532,297,10366
IMG_028,1,9,YORKSHIRE,0.9987,556,265,773,297,10366
IMG_028,1,10,MARKET,0.9999,172,407,322,450,10366
IMG_028,1,11,REPORT,0.9999,347,407,497,450,10366
IMG_028,1,12,Prices,1.0,175,562,283,605,10366
IMG_028,1,13,remained,1.0,301,562,445,605,10366
IMG_028,1,14,steady,1.0,463,562,571,605,10366
IMG_028,1,15,this,1.0,589,562,661,605,10366
IMG_028,1,16,"week,",1.0,679,562,769,605,10366
IMG_028,1,17,with,1.0,787,562,859,605,10366
IMG_028,1,18,merchants,1.0,877,562,1038,605,10366
IMG_028,1,19,reporting,1.0,1056,562,1217,605,10366
IMG_028,1,20,good,1.0,1235,562,1307,605,10366
IMG_028,1,21,trade.,1.0,1325,562,1433,605,10366
IMG_028,1,22,A,0.9927,175,715,192,750,10366
IMG_028,1,23,meeting,0.9927,209,715,332,750,10366
IMG_028,1,24,was,0.9927,349,715,402,750,10366
IMG_028,1,25,held,0.9927,419,715,489,750,10366
IMG_028,1,26,at,0.9927,506,715,541,750,10366
IMG_028,1,27,the,0.9927,558,715,611,750,10366
IMG_028,1,28,town,0.9927,628,715,698,750,10366
IMG_028,1,29,hall,0.9927,715,715,785,750,10366
IMG_028,1,30,concerning,0.9927,802,715,979,750,10366
IMG_028,1,31,the,0.9927,996,715,1049,750,10366
IMG_028,1,32,new,0.9927,1066,715,1119,750,10366
IMG_028,1,33,railway,0.9927,1136,715,1259,750,10366
IMG_028,1,34,service.,0.9927,1276,715,1417,750,10366
IMG_028,1,35,Weather:,0.9999,175,862,312,905,10366
IMG_028,1,36,light,0.9999,329,862,415,905,10366
IMG_028,1,37,rain,0.9999,432,862,500,905,10366
IMG_028,1,38,in,0.9999,517,862,551,905,10366
IMG_028,1,39,the,0.9999,568,862,619,905,10366
IMG_028,1,40,"morning,",0.9999,636,862,773,905,10366
IMG_028,1,41,clearing,0.9999,790,862,927,905,10366
IMG_028,1,42,by,0.9999,944,862,978,905,10366
IMG_028,1,43,afternoon.,0.9999,995,862,1167,905,10366
IMG_028,1,44,Document,0.9681,177,2207,308,2242,10366
IMG_028,1,45,ID:,0.9681,324,2207,373,2242,10366
IMG_028,1,46,IMG,0.9681,389,2207,438,2242,10366
IMG_028,1,47,028,0.9681,454,2207,503,2242,10366
IMG_029,1,1,THE,0.9609,355,137,481,222,9643
IMG_029,1,2,COUNTY,0.9609,523,137,775,222,9643
IMG_029,1,3,HERALD,0.9609,817,137,1069,222,9643
IMG_029,1,4,–,0.9609,1111,137,1153,222,9643
IMG_029,1,5,1912,0.9609,1195,137,1363,222,9643
IMG_029,1,6,LOCAL,0.9979,140,270,264,325,9643
IMG_029,1,7,NEWS,0.9979,288,270,387,325,9643
IMG_029,1,8,FROM,0.9979,411,270,510,325,9643
IMG_029,1,9,NORFOLK,0.9979,534,270,708,325,9643
IMG_029,1,10,MARKET,0.9999,142,425,294,477,9643
IMG_029,1,11,REPORT,0.9999,319,425,471,477,9643
IMG_029,1,12,Prices,1.0,150,545,258,627,9643
IMG_029,1,13,remained,1.0,276,545,420,627,9643
IMG_029,1,14,steady,1.0,438,545,546,627,9643
IMG_029,1,15,this,1.0,564,545,636,627,9643
IMG_029,1,16,"week,",1.0,654,545,744,627,9643
IMG_029,1,17,with,1.0,762,545,834,627,9643
IMG_029,1,18,merchants,1.0,852,545,1014,627,9643
IMG_029,1,19,reporting,1.0,1032,545,1194,627,9643
IMG_029,1,20,good,1.0,1212,545,1284,627,9643
IMG_029,1,21,trade.,1.0,1302,545,1410,627,9643
IMG_029,1,22,A,0.9974,155,695,172,780,9643
IMG_029,1,23,meeting,0.9974,189,695,313,780,9643
IMG_029,1,24,was,0.9974,330,695,383,780,9643
IMG_029,1,25,held,0.9974,400,695,471,780,9643
IMG_029,1,26,at,0.9974,488,695,523,780,9643
IMG_029,1,27,the,0.9974,540,695,593,780,9643
IMG_029,1,28,town,0.9974,610,695,681,780,9643
IMG_029,1,29,hall,0.9974,698,695,769,780,9643
IMG_029,1,30,concerning,0.9974,786,695,964,780,9643
IMG_029,1,31,the,0.9974,981,695,1034,780,9643
IMG_029,1,32,new,0.9974,1051,695,1104,780,9643
IMG_029,1,33,railway,0.9974,1121,695,1245,780,9643
IMG_029,1,34,service.,0.9974,1262,695,1404,780,9643
IMG_029,1,35,Weather:,0.9996,162,852,300,930,9643
IMG_029,1,36,light,0.9996,317,852,403,930,9643
IMG_029,1,37,rain,0.9996,420,852,489,930,9643
IMG_029,1,38,in,0.9996,506,852,540,930,9643
IMG_029,1,39,the,0.9996,557,852,608,930,9643
IMG_029,1,40,"morning,",0.9996,625,852,763,930,9643
IMG_029,1,41,clearing,0.9996,780,852,918,930,9643
IMG_029,1,42,by,0.9996,935,852,969,930,9643
IMG_029,1,43,afternoon.,0.9996,986,852,1158,930,9643
IMG_029,1,44,Document,0.9867,210,2220,342,2265,9643
IMG_029,1,45,ID:,0.9867,358,2220,407,2265,9643
IMG_029,1,46,IMG,0.9867,423,2220,472,2265,9643
IMG_029,1,47,029,0.9867,488,2220,537,2265,9643
IMG_030,1,1,THE,0.9654,390,155,516,205,9926
IMG_030,1,2,COUNTY,0.9654,558,155,811,205,9926
IMG_030,1,3,HERALD,0.9654,853,155,1106,205,9926
IMG_030,1,4,—,0.9654,1148,155,1190,205,9926
IMG_030,1,5,1899,0.9654,1232,155,1400,205,9926
IMG_030,1,6,LOCAL,0.9992,172,267,292,300,9926
IMG_030,1,7,NEWS,0.9992,316,267,412,300,9926
IMG_030,1,8,FROM,0.9992,436,267,532,300,9926
IMG_030,1,9,LANCASHIRE,0.9992,556,267,797,300,9926
IMG_030,1,10,MARKET,0.9978,177,415,324,450,9926
IMG_030,1,11,REPORT,0.9978,348,415,495,450,9926
IMG_030,1,12,Prices,0.9929,172,560,280,605,9926
IMG_030,1,13,remained,0.9929,298,560,442,605,9926
IMG_030,1,14,steady,0.9929,460,560,568,605,9926
IMG_030,1,15,this,0.9929,586,560,658,605,9926
IMG_030,1,16,"week,",0.9929,676,560,766,605,9926
IMG_030,1,17,with,0.9929,784,560,856,605,9926
IMG_030,1,18,merchants,0.9929,874,560,1036,605,9926
IMG_030,1,19,reporting,0.9929,1054,560,1216,605,9926
IMG_030,1,20,good,0.9929,1234,560,1306,605,9926
IMG_030,1,21,trade.,0.9929,1324,560,1432,605,9926
IMG_030,1,22,A,0.9871,177,715,194,750,9926
IMG_030,1,23,meeting,0.9871,211,715,334,750,9926
IMG_030,1,24,was,0.9871,351,715,403,750,9926
IMG_030,1,25,held,0.9871,420,715,490,750,9926
IMG_030,1,26,at,0.9871,507,715,542,750,9926
IMG_030,1,27,the,0.9871,559,715,611,750,9926
IMG_030,1,28,town,0.9871,628,715,698,750,9926
IMG_030,1,29,hall,0.9871,715,715,785,750,9926
IMG_030,1,30,concerning,0.9871,802,715,978,750,9926
IMG_030,1,31,the,0.9871,995,715,1047,750,9926
IMG_030,1,32,new,0.9871,1064,715,1116,750,9926
IMG_030,1,33,railway,0.9871,1133,715,1256,750,9926
IMG_030,1,34,service.,0.9871,1273,715,1414,750,9926
IMG_030,1,35,Weather:,0.9944,175,860,312,905,9926
IMG_030,1,36,light,0.9944,329,860,415,905,9926
IMG_030,1,37,rain,0.9944,432,860,500,905,9926
IMG_030,1,38,in,0.9944,517,860,551,905,9926
IMG_030,1,39,the,0.9944,568,860,619,905,9926
IMG_030,1,40,"morning,",0.9944,636,860,773,905,9926
IMG_030,1,41,clearing,0.9944,790,860,927,905,9926
IMG_030,1,42,by,0.9944,944,860,978,905,9926
IMG_030,1,43,afternoon.,0.9944,995,860,1167,905,9926
IMG_030,1,44,Documenl,0.9234,175,2207,307,2240,9926
IMG_030,1,45,ID:,0.9234,323,2207,372,2240,9926
IMG_030,1,46,IMG,0.9234,388,2207,437,2240,9926
IMG_030,1,47,030,0.9234,453,2207,502,2240,9926
IMG_031,1,1,THE,0.9692,390,155,516,205,10896
IMG_031,1,2,COUNTY,0.9692,558,155,811,205,10896
IMG_031,1,3,HERALD,0.9692,853,155,1106,205,10896
IMG_031,1,4,–,0.9692,1148,155,1190,205,10896
IMG_031,1,5,1912,0.9692,1232,155,1400,205,10896
IMG_031,1,6,LOCAL,0.9995,177,267,302,300,10896
IMG_031,1,7,NEWS,0.9995,327,267,427,300,10896
IMG_031,1,8,FROM,0.9995,452,267,552,300,10896
IMG_031,1,9,MANCHESTER,0.9995,577,267,827,300,10896
IMG_031,1,10,MARKET,0.9941,175,415,322,447,10896
IMG_031,1,11,REPORT,0.9941,346,415,493,447,10896
IMG_031,1,12,Prices,0.9961,180,567,287,602,10896
IMG_031,1,13,remained,0.9961,304,567,447,602,10896
IMG_031,1,14,steady,0.9961,464,567,571,602,10896
IMG_031,1,15,this,0.9961,588,567,659,602,10896
IMG_031,1,16,"week,",0.9961,676,567,765,602,10896
IMG_031,1,17,with,0.9961,782,567,853,602,10896
IMG_031,1,18,merchants,0.9961,870,567,1030,602,10896
IMG_031,1,19,reporting,0.9961,1047,567,1207,602,10896
IMG_031,1,20,good,0.9961,1224,567,1295,602,10896
IMG_031,1,21,trade.,0.9961,1312,567,1419,602,10896
IMG_031,1,22,A,0.9965,177,717,194,752,10896
IMG_031,1,23,meeting,0.9965,211,717,334,752,10896
IMG_031,1,24,was,0.9965,351,717,404,752,10896
IMG_031,1,25,held,0.9965,421,717,491,752,10896
IMG_031,1,26,at,0.9965,508,717,543,752,10896
IMG_031,1,27,the,0.9965,560,717,613,752,10896
IMG_031,1,28,town,0.9965,630,717,700,752,10896
IMG_031,1,29,hall,0.9965,717,717,787,752,10896
IMG_031,1,30,concerning,0.9965,804,717,980,752,10896
IMG_031,1,31,the,0.9965,997,717,1050,752,10896
IMG_031,1,32,new,0.9965,1067,717,1120,752,10896
IMG_031,1,33,railway,0.9965,1137,717,1260,752,10896
IMG_031,1,34,service.,0.9965,1277,717,1418,752,10896
IMG_031,1,35,Weather:,0.9997,180,867,316,902,10896
IMG_031,1,36,light,0.9997,333,867,418,902,10896
IMG_031,1,37,rain,0.9997,435,867,503,902,10896
IMG_031,1,38,in,0.9997,520,867,554,902,10896
IMG_031,1,39,the,0.9997,571,867,622,902,10896
IMG_031,1,40,"morning,",0.9997,639,867,775,902,10896
IMG_031,1,41,clearing,0.9997,792,867,928,902,10896
IMG_031,1,42,by,0.9997,945,867,979,902,10896
IMG_031,1,43,afternoon.,0.9997,996,867,1167,902,10896
IMG_031,1,44,Documenl.,0.9832,177,2210,316,2242,10896
IMG_031,1,45,ID:,0.9832,331,2210,377,2242,10896
IMG_031,1,46,IMG_031,0.9832,392,2210,500,2242,10896
IMG_032,1,1,THE,0.9699,387,150,513,207,9622
IMG_032,1,2,COUNTY,0.9699,555,150,808,207,9622
IMG_032,1,3,HERALD,0.9699,850,150,1103,207,9622
IMG_032,1,4,—,0.9699,1145,150,1187,207,9622
IMG_032,1,5,1882,0.9699,1229,150,1398,207,9622
IMG_032,1,6,LOCAL,0.9873,172,265,298,297,9622
IMG_032,1,7,NEWS,0.9873,323,265,423,297,9622
IMG_032,1,8,FROM,0.9873,448,265,548,297,9622
IMG_032,1,9,DURHAM,0.9873,573,265,724,297,9622
IMG_032,1,10,MARKET,0.9996,172,407,321,450,9622
IMG_032,1,11,REPORT,0.9996,345,407,494,450,9622
IMG_032,1,12,Prices,0.9996,175,562,282,605,9622
IMG_032,1,13,remained,0.9996,299,562,442,605,9622
IMG_032,1,14,steady,0.9996,459,562,566,605,9622
IMG_032,1,15,this,0.9996,583,562,654,605,9622
IMG_032,1,16,"week,",0.9996,671,562,760,605,9622
IMG_032,1,17,with,0.9996,777,562,848,605,9622
IMG_032,1,18,merchants,0.9996,865,562,1026,605,9622
IMG_032,1,19,reporting,0.9996,1043,562,1204,605,9622
IMG_032,1,20,good,0.9996,1221,562,1292,605,9622
IMG_032,1,21,trade.,0.9996,1309,562,1416,605,9622
IMG_032,1,22,A,0.9956,175,712,192,755,9622
IMG_032,1,23,meeting,0.9956,209,712,333,755,9622
IMG_032,1,24,was,0.9956,350,712,403,755,9622
IMG_032,1,25,held,0.9956,420,712,490,755,9622
IMG_032,1,26,at,0.9956,507,712,542,755,9622
IMG_032,1,27,the,0.9956,559,712,612,755,9622
IMG_032,1,28,town,0.9956,629,712,699,755,9622
IMG_032,1,29,hall,0.9956,716,712,786,755,9622
IMG_032,1,30,concerning,0.9956,803,712,980,755,9622
IMG_032,1,31,the,0.9956,997,712,1050,755,9622
IMG_032,1,32,new,0.9956,1067,712,1120,755,9622
IMG_032,1,33,railway,0.9956,1137,712,1261,755,9622
IMG_032,1,34,service.,0.9956,1278,712,1419,755,9622
IMG_032,1,35,Weather:,0.9999,175,862,312,905,9622
IMG_032,1,36,light,0.9999,329,862,414,905,9622
IMG_032,1,37,rain,0.9999,431,862,499,905,9622
IMG_032,1,38,in,0.9999,516,862,550,905,9622
IMG_032,1,39,the,0.9999,567,862,618,905,9622
IMG_032,1,40,"morning,",0.9999,635,862,772,905,9622
IMG_032,1,41,clearing,0.9999,789,862,926,905,9622
IMG_032,1,42,by,0.9999,943,862,977,905,9622
IMG_032,1,43,afternoon.,0.9999,994,862,1165,905,9622
IMG_032,1,44,Document,0.9872,175,2207,305,2240,9622
IMG_032,1,45,ID:,0.9872,321,2207,370,2240,9622
IMG_032,1,46,IMG,0.9872,386,2207,435,2240,9622
IMG_032,1,47,032,0.9872,451,2207,500,2240,9622
IMG_033,1,1,THE,0.9658,390,155,516,205,10889
IMG_033,1,2,COUNTY,0.9658,558,155,811,205,10889
IMG_033,1,3,HERALD,0.9658,853,155,1106,205,10889
IMG_033,1,4,–,0.9658,1148,155,1190,205,10889
IMG_033,1,5,1929,0.9658,1232,155,1400,205,10889
IMG_033,1,6,LOCAL,0.9994,177,267,297,300,10889
IMG_033,1,7,NEWS,0.9994,321,267,417,300,10889
IMG_033,1,8,FROM,0.9994,441,267,537,300,10889
IMG_033,1,9,LEEDS,0.9994,561,267,681,300,10889
IMG_033,1,10,MARKET,0.9958,175,412,322,447,10889
IMG_033,1,11,REPORT,0.9958,346,412,493,447,10889
IMG_033,1,12,Prices,1.0,180,567,287,602,10889
IMG_033,1,13,remained,1.0,304,567,447,602,10889
IMG_033,1,14,steady,1.0,464,567,571,602,10889
IMG_033,1,15,this,1.0,588,567,659,602,10889
IMG_033,1,16,"week,",1.0,676,567,765,602,10889
IMG_033,1,17,with,1.0,782,567,853,602,10889
IMG_033,1,18,merchants,1.0,870,567,1030,602,10889
IMG_033,1,19,reporting,1.0,1047,567,1207,602,10889
IMG_033,1,20,good,1.0,1224,567,1295,602,10889
IMG_033,1,21,trade.,1.0,1312,567,1419,602,10889
IMG_033,1,22,A,0.9842,177,715,194,750,10889
IMG_033,1,23,meeting,0.9842,211,715,334,750,10889
IMG_033,1,24,was,0.9842,351,715,403,750,10889
IMG_033,1,25,held,0.9842,420,715,490,750,10889
IMG_033,1,26,at,0.9842,507,715,542,750,10889
IMG_033,1,27,the,0.9842,559,715,611,750,10889
IMG_033,1,28,town,0.9842,628,715,698,750,10889
IMG_033,1,29,hall,0.9842,715,715,785,750,10889
IMG_033,1,30,concerning,0.9842,802,715,978,750,10889
IMG_033,1,31,the,0.9842,995,715,1047,750,10889
IMG_033,1,32,new,0.9842,1064,715,1116,750,10889
IMG_033,1,33,railway,0.9842,1133,715,1256,750,10889
IMG_033,1,34,service.,0.9842,1273,715,1414,750,10889
IMG_033,1,35,Weather:,0.9976,180,867,316,902,10889
IMG_033,1,36,light,0.9976,333,867,418,902,10889
IMG_033,1,37,rain,0.9976,435,867,503,902,10889
IMG_033,1,38,in,0.9976,520,867,554,902,10889
IMG_033,1,39,the,0.9976,571,867,622,902,10889
IMG_033,1,40,"morning,",0.9976,639,867,775,902,10889
IMG_033,1,41,clearing,0.9976,792,867,928,902,10889
IMG_033,1,42,by,0.9976,945,867,979,902,10889
IMG_033,1,43,afternoon.,0.9976,996,867,1167,902,10889
IMG_033,1,44,Documenl.,0.9674,177,2207,317,2240,10889
IMG_033,1,45,ID:,0.9674,332,2207,378,2240,10889
IMG_033,1,46,IMG,0.9674,393,2207,439,2240,10889
IMG_033,1,47,033,0.9674,454,2207,500,2240,10889
IMG_034,1,1,THE,0.9597,390,155,516,205,9797
IMG_034,1,2,COUNTY,0.9597,558,155,811,205,9797
IMG_034,1,3,HERALD,0.9597,853,155,1106,205,9797
IMG_034,1,4,–,0.9597,1148,155,1190,205,9797
IMG_034,1,5,1900,0.9597,1232,155,1400,205,9797
IMG_034,1,6,LOCAL,0.9986,175,267,298,300,9797
IMG_034,1,7,NEWS,0.9986,322,267,421,300,9797
IMG_034,1,8,FROM,0.9986,445,267,544,300,9797
IMG_034,1,9,DEVON,0.9986,568,267,691,300,9797
IMG_034,1,10,MARKET,0.9929,175,412,322,447,9797
IMG_034,1,11,REPORT,0.9929,346,412,493,447,9797
IMG_034,1,12,Prices,0.9986,175,560,283,605,9797
IMG_034,1,13,remained,0.9986,301,560,445,605,9797
IMG_034,1,14,steady,0.9986,463,560,571,605,9797
IMG_034,1,15,this,0.9986,589,560,661,605,9797
IMG_034,1,16,"week,",0.9986,679,560,769,605,9797
IMG_034,1,17,with,0.9986,787,560,859,605,9797
IMG_034,1,18,merchants,0.9986,877,560,1038,605,9797
IMG_034,1,19,reporting,0.9986,1056,560,1217,605,9797
IMG_034,1,20,good,0.9986,1235,560,1307,605,9797
IMG_034,1,21,trade.,0.9986,1325,560,1433,605,9797
IMG_034,1,22,A,0.9864,177,715,194,750,9797
IMG_034,1,23,meeting,0.9864,211,715,334,750,9797
IMG_034,1,24,was,0.9864,351,715,403,750,9797
IMG_034,1,25,held,0.9864,420,715,490,750,9797
IMG_034,1,26,at,0.9864,507,715,542,750,9797
IMG_034,1,27,the,0.9864,559,715,611,750,9797
IMG_034,1,28,town,0.9864,628,715,698,750,9797
IMG_034,1,29,hall,0.9864,715,715,785,750,9797
IMG_034,1,30,concerning,0.9864,802,715,978,750,9797
IMG_034,1,31,the,0.9864,995,715,1047,750,9797
IMG_034,1,32,new,0.9864,1064,715,1116,750,9797
IMG_034,1,33,railway,0.9864,1133,715,1256,750,9797
IMG_034,1,34,service.,0.9864,1273,715,1414,750,9797
IMG_034,1,35,Weather:,0.9904,180,865,316,900,9797
IMG_034,1,36,light,0.9904,333,865,418,900,9797
IMG_034,1,37,rain,0.9904,435,865,503,900,9797
IMG_034,1,38,in,0.9904,520,865,554,900,9797
IMG_034,1,39,the,0.9904,571,865,622,900,9797
IMG_034,1,40,"morning,",0.9904,639,865,775,900,9797
IMG_034,1,41,clearing,0.9904,792,865,928,900,9797
IMG_034,1,42,by,0.9904,945,865,979,900,9797
IMG_034,1,43,afternoon.,0.9904,996,865,1166,900,9797
IMG_034,1,44,Documenl.,0.9628,177,2207,317,2240,9797
IMG_034,1,45,ID:,0.9628,332,2207,378,2240,9797
IMG_034,1,46,IMG,0.9628,393,2207,439,2240,9797
IMG_034,1,47,034,0.9628,454,2207,500,2240,9797
IMG_035,1,1,THE,0.9699,387,150,514,207,9327
IMG_035,1,2,COUNTY,0.9699,556,150,810,207,9327
IMG_035,1,3,HERALD,0.9699,852,150,1106,207,9327
IMG_035,1,4,—,0.9699,1148,150,1190,207,9327
IMG_035,1,5,1920,0.9699,1232,150,1401,207,9327
IMG_035,1,6,LOCAL,0.9886,177,265,301,297,9327
IMG_035,1,7,NEWS,0.9886,325,265,424,297,9327
IMG_035,1,8,FROM,0.9886,448,265,547,297,9327
IMG_035,1,9,LONDON,0.9886,571,265,720,297,9327
IMG_035,1,10,MARKET,0.9852,175,412,321,447,9327
IMG_035,1,11,REPORT,0.9852,345,412,491,447,9327
IMG_035,1,12,Prices,0.9983,175,562,282,605,9327
IMG_035,1,13,remained,0.9983,299,562,442,605,9327
IMG_035,1,14,steady,0.9983,459,562,566,605,9327
IMG_035,1,15,this,0.9983,583,562,654,605,9327
IMG_035,1,16,"week,",0.9983,671,562,760,605,9327
IMG_035,1,17,with,0.9983,777,562,848,605,9327
IMG_035,1,18,merchants,0.9983,865,562,1026,605,9327
IMG_035,1,19,reporting,0.9983,1043,562,1204,605,9327
IMG_035,1,20,good,0.9983,1221,562,1292,605,9327
IMG_035,1,21,trade.,0.9983,1309,562,1416,605,9327
IMG_035,1,22,A,0.9972,177,717,194,752,9327
IMG_035,1,23,meeting,0.9972,211,717,334,752,9327
IMG_035,1,24,was,0.9972,351,717,404,752,9327
IMG_035,1,25,held,0.9972,421,717,491,752,9327
IMG_035,1,26,at,0.9972,508,717,543,752,9327
IMG_035,1,27,the,0.9972,560,717,613,752,9327
IMG_035,1,28,town,0.9972,630,717,700,752,9327
IMG_035,1,29,hall,0.9972,717,717,787,752,9327
IMG_035,1,30,concerning,0.9972,804,717,980,752,9327
IMG_035,1,31,the,0.9972,997,717,1050,752,9327
IMG_035,1,32,new,0.9972,1067,717,1120,752,9327
IMG_035,1,33,railway,0.9972,1137,717,1260,752,9327
IMG_035,1,34,service.,0.9972,1277,717,1418,752,9327
IMG_035,1,35,Weather:,1.0,177,860,316,902,9327
IMG_035,1,36,light,1.0,333,860,420,902,9327
IMG_035,1,37,rain,1.0,437,860,506,902,9327
IMG_035,1,38,in,1.0,523,860,557,902,9327
IMG_035,1,39,the,1.0,574,860,626,902,9327
IMG_035,1,40,"morning,",1.0,643,860,782,902,9327
IMG_035,1,41,clearing,1.0,799,860,938,902,9327
IMG_035,1,42,by,1.0,955,860,989,902,9327
IMG_035,1,43,afternoon,1.0,1006,860,1162,902,9327
IMG_035,1,44,Document,0.9829,172,2207,303,2240,9327
IMG_035,1,45,ID:,0.9829,319,2207,368,2240,9327
IMG_035,1,46,IMG,0.9829,384,2207,433,2240,9327
IMG_035,1,47,035,0.9829,449,2207,498,2240,9327
IMG_036,1,1,THE,0.9552,390,155,516,205,9658
IMG_036,1,2,COUNTY,0.9552,558,155,811,205,9658
IMG_036,1,3,HERALD,0.9552,853,155,1106,205,9658
IMG_036,1,4,—,0.9552,1148,155,1190,205,9658
IMG_036,1,5,1904,0.9552,1232,155,1401,205,9658
IMG_036,1,6,LOCAL,0.9803,167,257,290,302,9658
IMG_036,1,7,NEWS,0.9803,314,257,412,302,9658
IMG_036,1,8,FROM,0.9803,436,257,534,302,9658
IMG_036,1,9,LEEDS,0.9803,558,257,681,302,9658
IMG_036,1,10,MARKET,0.9999,172,407,322,450,9658
IMG_036,1,11,REPORT,0.9999,347,407,497,450,9658
IMG_036,1,12,Prices,1.0,175,562,283,605,9658
IMG_036,1,13,remained,1.0,301,562,445,605,9658
IMG_036,1,14,steady,1.0,463,562,571,605,9658
IMG_036,1,15,this,1.0,589,562,661,605,9658
IMG_036,1,16,"week,",1.0,679,562,769,605,9658
IMG_036,1,17,with,1.0,787,562,859,605,9658
IMG_036,1,18,merchants,1.0,877,562,1038,605,9658
IMG_036,1,19,reporting,1.0,1056,562,1217,605,9658
IMG_036,1,20,good,1.0,1235,562,1307,605,9658
IMG_036,1,21,trade.,1.0,1325,562,1433,605,9658
IMG_036,1,22,A,0.9927,175,715,192,750,9658
IMG_036,1,23,meeting,0.9927,209,715,332,750,9658
IMG_036,1,24,was,0.9927,349,715,402,750,9658
IMG_036,1,25,held,0.9927,419,715,489,750,9658
IMG_036,1,26,at,0.9927,506,715,541,750,9658
IMG_036,1,27,the,0.9927,558,715,611,750,9658
IMG_036,1,28,town,0.9927,628,715,698,750,9658
IMG_036,1,29,hall,0.9927,715,715,785,750,9658
IMG_036,1,30,concerning,0.9927,802,715,979,750,9658
IMG_036,1,31,the,0.9927,996,715,1049,750,9658
IMG_036,1,32,new,0.9927,1066,715,1119,750,9658
IMG_036,1,33,railway,0.9927,1136,715,1259,750,9658
IMG_036,1,34,service.,0.9927,1276,715,1417,750,9658
IMG_036,1,35,Weather:,0.9999,175,862,312,905,9658
IMG_036,1,36,light,0.9999,329,862,415,905,9658
IMG_036,1,37,rain,0.9999,432,862,500,905,9658
IMG_036,1,38,in,0.9999,517,862,551,905,9658
IMG_036,1,39,the,0.9999,568,862,619,905,9658
IMG_036,1,40,"morning,",0.9999,636,862,773,905,9658
IMG_036,1,41,clearing,0.9999,790,862,927,905,9658
IMG_036,1,42,by,0.9999,944,862,978,905,9658
IMG_036,1,43,afternoon.,0.9999,995,862,1167,905,9658
IMG_036,1,44,Document,0.9795,172,2200,306,2245,9658
IMG_036,1,45,ID:,0.9795,322,2200,372,2245,9658
IMG_036,1,46,IMG,0.9795,388,2200,438,2245,9658
IMG_036,1,47,036,0.9795,454,2200,504,2245,9658
IMG_037,1,1,THE,0.9712,355,137,481,222,9509
IMG_037,1,2,COUNTY,0.9712,523,137,776,222,9509
IMG_037,1,3,HERALD,0.9712,818,137,1071,222,9509
IMG_037,1,4,–,0.9712,1113,137,1155,222,9509
IMG_037,1,5,1934,0.9712,1197,137,1365,222,9509
IMG_037,1,6,LOCAL,0.9979,140,270,264,325,9509
IMG_037,1,7,NEWS,0.9979,288,270,387,325,9509
IMG_037,1,8,FROM,0.9979,411,270,510,325,9509
IMG_037,1,9,NORFOLK,0.9979,534,270,708,325,9509
IMG_037,1,10,MARKET,0.9999,142,425,294,477,9509
IMG_037,1,11,REPORT,0.9999,319,425,471,477,9509
IMG_037,1,12,Prices,1.0,150,545,258,627,9509
IMG_037,1,13,remained,1.0,276,545,420,627,9509
IMG_037,1,14,steady,1.0,438,545,546,627,9509
IMG_037,1,15,this,1.0,564,545,636,627,9509
IMG_037,1,16,"week,",1.0,654,545,744,627,9509
IMG_037,1,17,with,1.0,762,545,834,627,9509
IMG_037,1,18,merchants,1.0,852,545,1014,627,9509
IMG_037,1,19,reporting,1.0,1032,545,1194,627,9509
IMG_037,1,20,good,1.0,1212,545,1284,627,9509
IMG_037,1,21,trade.,1.0,1302,545,1410,627,9509
IMG_037,1,22,A,0.9974,155,695,172,780,9509
IMG_037,1,23,meeting,0.9974,189,695,313,780,9509
IMG_037,1,24,was,0.9974,330,695,383,780,9509
IMG_037,1,25,held,0.9974,400,695,471,780,9509
IMG_037,1,26,at,0.9974,488,695,523,780,9509
IMG_037,1,27,the,0.9974,540,695,593,780,9509
IMG_037,1,28,town,0.9974,610,695,681,780,9509
IMG_037,1,29,hall,0.9974,698,695,769,780,9509
IMG_037,1,30,concerning,0.9974,786,695,964,780,9509
IMG_037,1,31,the,0.9974,981,695,1034,780,9509
IMG_037,1,32,new,0.9974,1051,695,1104,780,9509
IMG_037,1,33,railway,0.9974,1121,695,1245,780,9509
IMG_037,1,34,service.,0.9974,1262,695,1404,780,9509
IMG_037,1,35,Weather:,0.9996,162,852,300,930,9509
IMG_037,1,36,light,0.9996,317,852,403,930,9509
IMG_037,1,37,rain,0.9996,420,852,489,930,9509
IMG_037,1,38,in,0.9996,506,852,540,930,9509
IMG_037,1,39,the,0.9996,557,852,608,930,9509
IMG_037,1,40,"morning,",0.9996,625,852,763,930,9509
IMG_037,1,41,clearing,0.9996,780,852,918,930,9509
IMG_037,1,42,by,0.9996,935,852,969,930,9509
IMG_037,1,43,afternoon.,0.9996,986,852,1158,930,9509
IMG_037,1,44,Document,0.9884,210,2220,342,2265,9509
IMG_037,1,45,ID:,0.9884,358,2220,407,2265,9509
IMG_037,1,46,IMG,0.9884,423,2220,472,2265,9509
IMG_037,1,47,037,0.9884,488,2220,537,2265,9509
IMG_038,1,1,THE,0.966,390,155,516,205,9865
IMG_038,1,2,COUNTY,0.966,558,155,811,205,9865
IMG_038,1,3,HERALD,0.966,853,155,1106,205,9865
IMG_038,1,4,–,0.966,1148,155,1190,205,9865
IMG_038,1,5,1894,0.966,1232,155,1401,205,9865
IMG_038,1,6,LOCAL,0.9983,172,267,295,300,9865
IMG_038,1,7,NEWS,0.9983,319,267,418,300,9865
IMG_038,1,8,FROM,0.9983,442,267,541,300,9865
IMG_038,1,9,NORFOLK,0.9983,565,267,738,300,9865
IMG_038,1,10,MARKET,0.9978,177,415,324,450,9865
IMG_038,1,11,REPORT,0.9978,348,415,495,450,9865
IMG_038,1,12,Prices,0.9929,172,560,280,605,9865
IMG_038,1,13,remained,0.9929,298,560,442,605,9865
IMG_038,1,14,steady,0.9929,460,560,568,605,9865
IMG_038,1,15,this,0.9929,586,560,658,605,9865
IMG_038,1,16,"week,",0.9929,676,560,766,605,9865
IMG_038,1,17,with,0.9929,784,560,856,605,9865
IMG_038,1,18,merchants,0.9929,874,560,1036,605,9865
IMG_038,1,19,reporting,0.9929,1054,560,1216,605,9865
IMG_038,1,20,good,0.9929,1234,560,1306,605,9865
IMG_038,1,21,trade.,0.9929,1324,560,1432,605,9865
IMG_038,1,22,A,0.9871,177,715,194,750,9865
IMG_038,1,23,meeting,0.9871,211,715,334,750,9865
IMG_038,1,24,was,0.9871,351,715,403,750,9865
IMG_038,1,25,held,0.9871,420,715,490,750,9865
IMG_038,1,26,at,0.9871,507,715,542,750,9865
IMG_038,1,27,the,0.9871,559,715,611,750,9865
IMG_038,1,28,town,0.9871,628,715,698,750,9865
IMG_038,1,29,hall,0.9871,715,715,785,750,9865
IMG_038,1,30,concerning,0.9871,802,715,978,750,9865
IMG_038,1,31,the,0.9871,995,715,1047,750,9865
IMG_038,1,32,new,0.9871,1064,715,1116,750,9865
IMG_038,1,33,railway,0.9871,1133,715,1256,750,9865
IMG_038,1,34,service.,0.9871,1273,715,1414,750,9865
IMG_038,1,35,Weather:,0.9944,175,860,312,905,9865
IMG_038,1,36,light,0.9944,329,860,415,905,9865
IMG_038,1,37,rain,0.9944,432,860,500,905,9865
IMG_038,1,38,in,0.9944,517,860,551,905,9865
IMG_038,1,39,the,0.9944,568,860,619,905,9865
IMG_038,1,40,"morning,",0.9944,636,860,773,905,9865
IMG_038,1,41,clearing,0.9944,790,860,927,905,9865
IMG_038,1,42,by,0.9944,944,860,978,905,9865
IMG_038,1,43,afternoon.,0.9944,995,860,1167,905,9865
IMG_038,1,44,Documenl,0.9259,175,2207,307,2240,9865
IMG_038,1,45,ID:,0.9259,323,2207,372,2240,9865
IMG_038,1,46,IMG,0.9259,388,2207,437,2240,9865
IMG_038,1,47,038,0.9259,453,2207,502,2240,9865
IMG_039,1,1,THE,0.9658,387,152,513,207,9910
IMG_039,1,2,COUNTY,0.9658,555,152,808,207,9910
IMG_039,1,3,HERALD,0.9658,850,152,1103,207,9910
IMG_039,1,4,—,0.9658,1145,152,1187,207,9910
IMG_039,1,5,1916,0.9658,1229,152,1398,207,9910
IMG_039,1,6,LOCAL,0.995,177,267,295,300,9910
IMG_039,1,7,NEWS,0.995,318,267,412,300,9910
IMG_039,1,8,FROM,0.995,435,267,529,300,9910
IMG_039,1,9,BRISTOL,0.995,552,267,717,300,9910
IMG_039,1,10,MARKET,0.9941,175,415,322,447,9910
IMG_039,1,11,REPORT,0.9941,346,415,493,447,9910
IMG_039,1,12,Prices,0.9961,180,567,287,602,9910
IMG_039,1,13,remained,0.9961,304,567,447,602,9910
IMG_039,1,14,steady,0.9961,464,567,571,602,9910
IMG_039,1,15,this,0.9961,588,567,659,602,9910
IMG_039,1,16,"week,",0.9961,676,567,765,602,9910
IMG_039,1,17,with,0.9961,782,567,853,602,9910
IMG_039,1,18,merchants,0.9961,870,567,1030,602,9910
IMG_039,1,19,reporting,0.9961,1047,567,1207,602,9910
IMG_039,1,20,good,0.9961,1224,567,1295,602,9910
IMG_039,1,21,trade.,0.9961,1312,567,1419,602,9910
IMG_039,1,22,A,0.9965,177,717,194,752,9910
IMG_039,1,23,meeting,0.9965,211,717,334,752,9910
IMG_039,1,24,was,0.9965,351,717,404,752,9910
IMG_039,1,25,held,0.9965,421,717,491,752,9910
IMG_039,1,26,at,0.9965,508,717,543,752,9910
IMG_039,1,27,the,0.9965,560,717,613,752,9910
IMG_039,1,28,town,0.9965,630,717,700,752,9910
IMG_039,1,29,hall,0.9965,717,717,787,752,9910
IMG_039,1,30,concerning,0.9965,804,717,980,752,9910
IMG_039,1,31,the,0.9965,997,717,1050,752,9910
IMG_039,1,32,new,0.9965,1067,717,1120,752,9910
IMG_039,1,33,railway,0.9965,1137,717,1260,752,9910
IMG_039,1,34,service.,0.9965,1277,717,1418,752,9910
IMG_039,1,35,Weather:,0.9997,180,867,316,902,9910
IMG_039,1,36,light,0.9997,333,867,418,902,9910
IMG_039,1,37,rain,0.9997,435,867,503,902,9910
IMG_039,1,38,in,0.9997,520,867,554,902,9910
IMG_039,1,39,the,0.9997,571,867,622,902,9910
IMG_039,1,40,"morning,",0.9997,639,867,775,902,9910
IMG_039,1,41,clearing,0.9997,792,867,928,902,9910
IMG_039,1,42,by,0.9997,945,867,979,902,9910
IMG_039,1,43,afternoon.,0.9997,996,867,1167,902,9910
IMG_039,1,44,Document,0.9711,172,2205,305,2242,9910
IMG_039,1,45,ID:,0.9711,321,2205,370,2242,9910
IMG_039,1,46,IMG,0.9711,386,2205,435,2242,9910
IMG_039,1,47,039,0.9711,451,2205,500,2242,9910
IMG_040,1,1,THE,0.9723,387,150,514,207,8166
IMG_040,1,2,COUNTY,0.9723,556,150,810,207,8166
IMG_040,1,3,HERALD,0.9723,852,150,1106,207,8166
IMG_040,1,4,—,0.9723,1148,150,1190,207,8166
IMG_040,1,5,1928,0.9723,1232,150,1401,207,8166
IMG_040,1,6,LOCAL,0.9839,175,265,300,297,8166
IMG_040,1,7,NEWS,0.9839,325,265,425,297,8166
IMG_040,1,8,FROM,0.9839,450,265,550,297,8166
IMG_040,1,9,LONDON,0.9839,575,265,725,297,8166
IMG_040,1,10,MARKET,0.9996,172,407,322,450,8166
IMG_040,1,11,REPORT,0.9996,347,407,497,450,8166
IMG_040,1,12,Prices,1.0,177,565,284,600,8166
IMG_040,1,13,remained,1.0,301,565,444,600,8166
IMG_040,1,14,steady,1.0,461,565,568,600,8166
IMG_040,1,15,this,1.0,585,565,656,600,8166
IMG_040,1,16,"week,",1.0,673,565,762,600,8166
IMG_040,1,17,with,1.0,779,565,850,600,8166
IMG_040,1,18,merchants,1.0,867,565,1028,600,8166
IMG_040,1,19,reporting,1.0,1045,565,1206,600,8166
IMG_040,1,20,good,1.0,1223,565,1294,600,8166
IMG_040,1,21,trade.,1.0,1311,565,1418,600,8166
IMG_040,1,22,A,0.9957,175,712,192,755,8166
IMG_040,1,23,meeting,0.9957,209,712,333,755,8166
IMG_040,1,24,was,0.9957,350,712,403,755,8166
IMG_040,1,25,held,0.9957,420,712,490,755,8166
IMG_040,1,26,at,0.9957,507,712,542,755,8166
IMG_040,1,27,the,0.9957,559,712,612,755,8166
IMG_040,1,28,town,0.9957,629,712,699,755,8166
IMG_040,1,29,hall,0.9957,716,712,786,755,8166
IMG_040,1,30,concerning,0.9957,803,712,980,755,8166
IMG_040,1,31,the,0.9957,997,712,1050,755,8166
IMG_040,1,32,new,0.9957,1067,712,1120,755,8166
IMG_040,1,33,railway,0.9957,1137,712,1261,755,8166
IMG_040,1,34,service.,0.9957,1278,712,1419,755,8166
IMG_040,1,35,Weather:,0.9906,177,865,313,900,8166
IMG_040,1,36,light,0.9906,330,865,415,900,8166
IMG_040,1,37,rain,0.9906,432,865,500,900,8166
IMG_040,1,38,in,0.9906,517,865,551,900,8166
IMG_040,1,39,the,0.9906,568,865,619,900,8166
IMG_040,1,40,"morning,",0.9906,636,865,772,900,8166
IMG_040,1,41,clearing,0.9906,789,865,925,900,8166
IMG_040,1,42,by,0.9906,942,865,976,900,8166
IMG_040,1,43,afternoon.,0.9906,993,865,1164,900,8166
IMG_040,1,44,Document,0.9955,172,2207,304,2240,8166
IMG_040,1,45,ID:,0.9955,320,2207,369,2240,8166
IMG_040,1,46,IMG,0.9955,385,2207,434,2240,8166
IMG_040,1,47,040,0.9955,450,2207,499,2240,8166
IMG_041,1,1,MARRIAGE,0.9942,532,160,876,202,6410
IMG_041,1,2,REGISTER,0.9942,919,160,1263,202,6410
IMG_041,1,3,Parish:,0.9994,177,267,295,300,6410
IMG_041,1,4,Saint,0.9994,311,267,395,300,6410
IMG_041,1,5,John's,0.9994,411,267,512,300,6410
IMG_041,1,6,Parish,0.9994,528,267,629,300,6410
IMG_041,1,7,Date:,0.9949,170,410,265,455,6410
IMG_041,1,8,17,0.9949,284,410,322,455,6410
IMG_041,1,9,June,0.9949,341,410,417,455,6410
IMG_041,1,10,1895,0.9949,436,410,512,455,6410
IMG_041,1,11,Groom:,0.9999,177,565,293,600,6410
IMG_041,1,12,Eleanor,0.9999,312,565,447,600,6410
IMG_041,1,13,Smith,0.9999,466,565,563,600,6410
IMG_041,1,14,Bride:,0.9999,180,715,288,750,6410
IMG_041,1,15,Eleanor,0.9999,306,715,432,750,6410
IMG_041,1,16,Smith,0.9999,450,715,540,750,6410
IMG_041,1,17,Residence:,0.9998,177,865,359,900,6410
IMG_041,1,18,Yorkshire,0.9998,377,865,541,900,6410
IMG_041,1,19,Occupation:,0.9996,180,1017,376,1052,6410
IMG_041,1,20,stationer,0.9996,393,1017,553,1052,6410
IMG_041,1,21,Witnesses:,0.9983,180,1165,366,1200,6410
IMG_041,1,22,Thomas,0.9983,384,1165,496,1200,6410
IMG_041,1,23,Green;,0.9983,514,1165,626,1200,6410
IMG_041,1,24,Elizabeth,0.9983,644,1165,812,1200,6410
IMG_041,1,25,Green,0.9983,830,1165,923,1200,6410
IMG_041,1,26,Document,0.9975,177,2207,307,2240,6410
IMG_041,1,27,ID:,0.9975,323,2207,371,2240,6410
IMG_041,1,28,IMG,0.9975,387,2207,435,2240,6410
IMG_041,1,29,041,0.9975,451,2207,499,2240,6410
IMG_042,1,1,MARRIAGE,0.9977,527,155,875,205,6499
IMG_042,1,2,REGISTER,0.9977,918,155,1266,205,6499
IMG_042,1,3,Parish:,0.9999,177,267,294,300,6499
IMG_042,1,4,Saint,0.9999,310,267,393,300,6499
IMG_042,1,5,Peter's,0.9999,409,267,526,300,6499
IMG_042,1,6,Parish,0.9999,542,267,642,300,6499
IMG_042,1,7,Date:,0.9986,172,410,266,452,6499
IMG_042,1,8,17,0.9986,284,410,321,452,6499
IMG_042,1,9,June,0.9986,339,410,414,452,6499
IMG_042,1,10,1929,0.9986,432,410,507,452,6499
IMG_042,1,11,Groom:,0.9862,180,565,300,600,6499
IMG_042,1,12,Thomas,0.9862,320,565,440,600,6499
IMG_042,1,13,Bennett,0.9862,460,565,600,600,6499
IMG_042,1,14,Bride:,0.9996,177,715,284,750,6499
IMG_042,1,15,William,0.9996,301,715,426,750,6499
IMG_042,1,16,Carter,0.9996,443,715,550,750,6499
IMG_042,1,17,Residence:,0.997,177,865,372,900,6499
IMG_042,1,18,London,0.997,391,865,508,900,6499
IMG_042,1,19,Occupation:,0.9827,175,1012,385,1055,6499
IMG_042,1,20,farmer,0.9827,404,1012,519,1055,6499
IMG_042,1,21,Witnesses:,0.9998,180,1165,366,1200,6499
IMG_042,1,22,Thomas,0.9998,384,1165,496,1200,6499
IMG_042,1,23,Green;,0.9998,514,1165,626,1200,6499
IMG_042,1,24,Elizabeth,0.9998,644,1165,812,1200,6499
IMG_042,1,25,Green,0.9998,830,1165,923,1200,6499
IMG_042,1,26,Document,0.9949,177,2207,308,2240,6499
IMG_042,1,27,ID:,0.9949,324,2207,373,2240,6499
IMG_042,1,28,IMG,0.9949,389,2207,438,2240,6499
IMG_042,1,29,042,0.9949,454,2207,503,2240,6499
IMG_043,1,1,MARRIAGE,0.9997,525,152,875,210,6042
IMG_043,1,2,REGISTER,0.9997,918,152,1268,210,6042
IMG_043,1,3,Parish:,0.9993,177,265,294,300,6042
IMG_043,1,4,Saint,0.9993,310,265,393,300,6042
IMG_043,1,5,Peter's,0.9993,409,265,526,300,6042
IMG_043,1,6,Parish,0.9993,542,265,642,300,6042
IMG_043,1,7,Date:,0.9997,172,410,266,452,6042
IMG_043,1,8,17,0.9997,284,410,321,452,6042
IMG_043,1,9,June,0.9997,339,410,414,452,6042
IMG_043,1,10,1930,0.9997,432,410,507,452,6042
IMG_043,1,11,Groom:,0.9999,175,562,295,605,6042
IMG_043,1,12,Henry,0.9999,315,562,415,605,6042
IMG_043,1,13,Davis,0.9999,435,562,535,605,6042
IMG_043,1,14,Bride:,0.9999,175,712,285,755,6042
IMG_043,1,15,Clara,0.9999,303,712,394,755,6042
IMG_043,1,16,Johnson,0.9999,412,712,540,755,6042
IMG_043,1,17,Residence:,0.9992,177,865,359,900,6042
IMG_043,1,18,Yorkshire,0.9992,377,865,541,900,6042
IMG_043,1,19,Occupation:,0.9891,175,1012,381,1055,6042
IMG_043,1,20,carpenter,0.9891,399,1012,568,1055,6042
IMG_043,1,21,Witnesses:,0.9943,177,1165,364,1200,6042
IMG_043,1,22,Thomas,0.9943,382,1165,494,1200,6042
IMG_043,1,23,Green;,0.9943,512,1165,624,1200,6042
IMG_043,1,24,Elizabeth,0.9943,642,1165,810,1200,6042
IMG_043,1,25,Green,0.9943,828,1165,921,1200,6042
IMG_043,1,26,Document,0.9951,177,2207,308,2240,6042
IMG_043,1,27,ID:,0.9951,324,2207,373,2240,6042
IMG_043,1,28,IMG,0.9951,389,2207,438,2240,6042
IMG_043,1,29,043,0.9951,454,2207,503,2240,6042
IMG_044,1,1,MARRIAGE,0.9999,525,150,875,207,5792
IMG_044,1,2,REGISTER,0.9999,918,150,1268,207,5792
IMG_044,1,3,Parish:,1.0,167,257,287,302,5792
IMG_044,1,4,Saint,1.0,304,257,390,302,5792
IMG_044,1,5,Peter's,1.0,407,257,527,302,5792
IMG_044,1,6,Parish,1.0,544,257,647,302,5792
IMG_044,1,7,Date:,0.9757,172,407,268,457,5792
IMG_044,1,8,17,0.9757,287,407,325,457,5792
IMG_044,1,9,June,0.9757,344,407,421,457,5792
IMG_044,1,10,1925,0.9757,440,407,517,457,5792
IMG_044,1,11,Groom:,0.9876,175,560,297,602,5792
IMG_044,1,12,Thomas,0.9876,317,560,439,602,5792
IMG_044,1,13,Bennett,0.9876,459,560,602,602,5792
IMG_044,1,14,Bride:,1.0,170,707,281,755,5792
IMG_044,1,15,George,1.0,299,707,410,755,5792
IMG_044,1,16,Miller,1.0,428,707,539,755,5792
IMG_044,1,17,Residence:,0.9839,170,857,361,900,5792
IMG_044,1,18,Norfolk,0.9839,380,857,514,900,5792
IMG_044,1,19,Occupation:,0.9999,172,1012,380,1055,5792
IMG_044,1,20,teacher,0.9999,398,1012,530,1055,5792
IMG_044,1,21,Witnesses:,0.9908,177,1165,364,1200,5792
IMG_044,1,22,Thomas,0.9908,382,1165,494,1200,5792
IMG_044,1,23,Green;,0.9908,512,1165,624,1200,5792
IMG_044,1,24,Elizabeth,0.9908,642,1165,810,1200,5792
IMG_044,1,25,Green,0.9908,828,1165,921,1200,5792
IMG_044,1,26,Document,0.98,177,2207,308,2242,5792
IMG_044,1,27,ID:,0.98,324,2207,373,2242,5792
IMG_044,1,28,IMG,0.98,389,2207,438,2242,5792
IMG_044,1,29,044,0.98,454,2207,503,2242,5792
IMG_045,1,1,MARRIAGE,0.9995,490,142,839,217,5494
IMG_045,1,2,REGISTER,0.9995,882,142,1231,217,5494
IMG_045,1,3,Parish:,0.9999,142,272,259,327,5494
IMG_045,1,4,All,0.9999,275,272,325,327,5494
IMG_045,1,5,Saints,0.9999,341,272,441,327,5494
IMG_045,1,6,Parish,0.9999,457,272,557,327,5494
IMG_045,1,7,Date:,0.9991,145,425,240,480,5494
IMG_045,1,8,17,0.9991,259,425,297,480,5494
IMG_045,1,9,June,0.9991,316,425,392,480,5494
IMG_045,1,10,1928,0.9991,411,425,487,480,5494
IMG_045,1,11,Groom:,0.9991,152,572,272,630,5494
IMG_045,1,12,Edward,0.9991,292,572,412,630,5494
IMG_045,1,13,Harris,0.9991,432,572,552,630,5494
IMG_045,1,14,Bride:,0.9878,155,722,266,777,5494
IMG_045,1,15,Arthur,0.9878,284,722,395,777,5494
IMG_045,1,16,Wilson,0.9878,413,722,524,777,5494
IMG_045,1,17,Residence:,0.9999,160,877,360,927,5494
IMG_045,1,18,Devon,0.9999,380,877,480,927,5494
IMG_045,1,19,Occupation:,1.0,165,1025,366,1080,5494
IMG_045,1,20,stationer,1.0,384,1025,549,1080,5494
IMG_045,1,21,Witnesses:,0.9927,172,1162,361,1227,5494
IMG_045,1,22,Thomas,0.9927,379,1162,492,1227,5494
IMG_045,1,23,Green;,0.9927,510,1162,623,1227,5494
IMG_045,1,24,Elizabeth,0.9927,641,1162,811,1227,5494
IMG_045,1,25,Green,0.9927,829,1162,923,1227,5494
IMG_045,1,26,Document,0.9839,210,2220,342,2265,5494
IMG_045,1,27,ID:,0.9839,358,2220,407,2265,5494
IMG_045,1,28,IMG,0.9839,423,2220,472,2265,5494
IMG_045,1,29,045,0.9839,488,2220,537,2265,5494
IMG_046,1,1,MARRIAGE,0.9973,527,155,875,205,5988
IMG_046,1,2,REGISTER,0.9973,918,155,1266,205,5988
IMG_046,1,3,Parish:,0.9856,177,267,298,302,5988
IMG_046,1,4,Saint,0.9856,315,267,401,302,5988
IMG_046,1,5,Mary's,0.9856,418,267,522,302,5988
IMG_046,1,6,Parish,0.9856,539,267,643,302,5988
IMG_046,1,7,Date:,0.9986,172,410,266,452,5988
IMG_046,1,8,17,0.9986,284,410,321,452,5988
IMG_046,1,9,June,0.9986,339,410,414,452,5988
IMG_046,1,10,1915,0.9986,432,410,507,452,5988
IMG_046,1,11,Groom:,0.9998,177,565,289,600,5988
IMG_046,1,12,William,0.9998,307,565,438,600,5988
IMG_046,1,13,Carter,0.9998,456,565,568,600,5988
IMG_046,1,14,Bride:,0.9996,177,715,286,750,5988
IMG_046,1,15,Eleanor,0.9996,304,715,431,750,5988
IMG_046,1,16,Smith,0.9996,449,715,540,750,5988
IMG_046,1,17,Residence:,0.9994,177,865,362,900,5988
IMG_046,1,18,Lancashire,0.9994,380,865,565,900,5988
IMG_046,1,19,Occupation:,0.9997,175,1012,375,1055,5988
IMG_046,1,20,clerk,0.9997,393,1012,484,1055,5988
IMG_046,1,21,Witnesses:,0.9998,180,1165,366,1200,5988
IMG_046,1,22,Thomas,0.9998,384,1165,496,1200,5988
IMG_046,1,23,Green;,0.9998,514,1165,626,1200,5988
IMG_046,1,24,Elizabeth,0.9998,644,1165,812,1200,5988
IMG_046,1,25,Green,0.9998,830,1165,923,1200,5988
IMG_046,1,26,Document,0.9951,177,2207,308,2240,5988
IMG_046,1,27,ID:,0.9951,324,2207,373,2240,5988
IMG_046,1,28,IMG,0.9951,389,2207,438,2240,5988
IMG_046,1,29,046,0.9951,454,2207,503,2240,5988
IMG_047,1,1,MARRIAGE,0.9945,532,160,875,202,5797
IMG_047,1,2,REGISTER,0.9945,917,160,1260,202,5797
IMG_047,1,3,Parish:,0.9999,177,267,294,300,5797
IMG_047,1,4,Saint,0.9999,310,267,393,300,5797
IMG_047,1,5,Peter's,0.9999,409,267,526,300,5797
IMG_047,1,6,Parish,0.9999,542,267,642,300,5797
IMG_047,1,7,Date:,0.9971,177,417,270,452,5797
IMG_047,1,8,17,0.9971,288,417,325,452,5797
IMG_047,1,9,June,0.9971,343,417,417,452,5797
IMG_047,1,10,1894,0.9971,435,417,509,452,5797
IMG_047,1,11,Groom:,0.9849,180,567,294,602,5797
IMG_047,1,12,Clara,0.9849,313,567,408,602,5797
IMG_047,1,13,Johnson,0.9849,427,567,560,602,5797
IMG_047,1,14,Bride:,0.978,180,715,287,750,5797
IMG_047,1,15,Arthur,0.978,304,715,411,750,5797
IMG_047,1,16,Wilson,0.978,428,715,535,750,5797
IMG_047,1,17,Residence:,0.996,175,862,363,897,5797
IMG_047,1,18,Leeds,0.996,381,862,475,897,5797
IMG_047,1,19,Occupation:,0.9996,180,1017,376,1052,5797
IMG_047,1,20,printer,0.9996,393,1017,518,1052,5797
IMG_047,1,21,Witnesses:,0.9999,180,1165,366,1200,5797
IMG_047,1,22,Thomas,0.9999,384,1165,495,1200,5797
IMG_047,1,23,Green;,0.9999,513,1165,624,1200,5797
IMG_047,1,24,Elizabeth,0.9999,642,1165,809,1200,5797
IMG_047,1,25,Green,0.9999,827,1165,920,1200,5797
IMG_047,1,26,Document,0.9883,177,2210,307,2242,5797
IMG_047,1,27,ID:,0.9883,323,2210,371,2242,5797
IMG_047,1,28,IMG_047,0.9883,387,2210,500,2242,5797
IMG_048,1,1,MARRIAGE,0.9998,525,152,875,210,5861
IMG_048,1,2,REGISTER,0.9998,918,152,1268,210,5861
IMG_048,1,3,Parish:,0.9971,177,265,294,300,5861
IMG_048,1,4,Saint,0.9971,310,265,393,300,5861
IMG_048,1,5,Peter's,0.9971,409,265,526,300,5861
IMG_048,1,6,Parish,0.9971,542,265,642,300,5861
IMG_048,1,7,Date:,0.9981,170,407,265,455,5861
IMG_048,1,8,17,0.9981,284,407,322,455,5861
IMG_048,1,9,June,0.9981,341,407,417,455,5861
IMG_048,1,10,1887,0.9981,436,407,512,455,5861
IMG_048,1,11,Groom:,0.9999,177,565,293,600,5861
IMG_048,1,12,Eleanor,0.9999,312,565,447,600,5861
IMG_048,1,13,Smith,0.9999,466,565,563,600,5861
IMG_048,1,14,Bride:,0.998,177,715,292,750,5861
IMG_048,1,15,Thomas,0.998,311,715,426,750,5861
IMG_048,1,16,Bennett,0.998,445,715,579,750,5861
IMG_048,1,17,Residence:,0.9996,172,860,365,902,5861
IMG_048,1,18,Kent,0.9996,384,860,461,902,5861
IMG_048,1,19,Occupation:,0.9902,175,1012,387,1055,5861
IMG_048,1,20,farmer,0.9902,406,1012,521,1055,5861
IMG_048,1,21,Witnesses:,0.9916,177,1165,364,1200,5861
IMG_048,1,22,Thomas,0.9916,382,1165,494,1200,5861
IMG_048,1,23,Green;,0.9916,512,1165,624,1200,5861
IMG_048,1,24,Elizabeth,0.9916,642,1165,810,1200,5861
IMG_048,1,25,Green,0.9916,828,1165,921,1200,5861
IMG_048,1,26,Document,0.9996,172,2207,304,2240,5861
IMG_048,1,27,ID:,0.9996,320,2207,369,2240,5861
IMG_048,1,28,IMG,0.9996,385,2207,434,2240,5861
IMG_048,1,29,048,0.9996,450,2207,499,2240,5861
IMG_049,1,1,MARRIAGE,0.9992,530,157,876,207,5842
IMG_049,1,2,REGISTER,0.9992,919,157,1265,207,5842
IMG_049,1,3,Parish:,0.9994,177,267,295,300,5842
IMG_049,1,4,Saint,0.9994,311,267,395,300,5842
IMG_049,1,5,John's,0.9994,411,267,512,300,5842
IMG_049,1,6,Parish,0.9994,528,267,629,300,5842
IMG_049,1,7,Date:,0.9863,177,417,269,452,5842
IMG_049,1,8,17,0.9863,287,417,324,452,5842
IMG_049,1,9,June,0.9863,342,417,416,452,5842
IMG_049,1,10,1891,0.9863,434,417,508,452,5842
IMG_049,1,11,Groom:,0.991,180,567,293,602,5842
IMG_049,1,12,George,0.991,311,567,424,602,5842
IMG_049,1,13,Miller,0.991,442,567,555,602,5842
IMG_049,1,14,Bride:,0.9965,172,710,282,755,5842
IMG_049,1,15,George,0.9965,300,710,410,755,5842
IMG_049,1,16,Miller,0.9965,428,710,538,755,5842
IMG_049,1,17,Residence:,0.9998,177,865,359,900,5842
IMG_049,1,18,Yorkshire,0.9998,377,865,541,900,5842
IMG_049,1,19,Occupation:,0.9996,177,1017,382,1052,5842
IMG_049,1,20,baker,0.9996,400,1017,493,1052,5842
IMG_049,1,21,Witnesses:,0.9983,180,1165,366,1200,5842
IMG_049,1,22,Thomas,0.9983,384,1165,496,1200,5842
IMG_049,1,23,Green;,0.9983,514,1165,626,1200,5842
IMG_049,1,24,Elizabeth,0.9983,644,1165,812,1200,5842
IMG_049,1,25,Green,0.9983,830,1165,923,1200,5842
IMG_049,1,26,Document,0.9774,172,2205,305,2242,5842
IMG_049,1,27,ID:,0.9774,321,2205,370,2242,5842
IMG_049,1,28,IMG,0.9774,386,2205,435,2242,5842
IMG_049,1,29,049,0.9774,451,2205,500,2242,5842
IMG_050,1,1,MARRIAGE,0.9977,527,155,875,205,5941
IMG_050,1,2,REGISTER,0.9977,918,155,1266,205,5941
IMG_050,1,3,Parish:,0.9907,177,267,295,302,5941
IMG_050,1,4,Holy,0.9907,311,267,378,302,5941
IMG_050,1,5,Trinity,0.9907,394,267,512,302,5941
IMG_050,1,6,Parish,0.9907,528,267,629,302,5941
IMG_050,1,7,Date:,0.9911,170,410,265,455,5941
IMG_050,1,8,17,0.9911,284,410,322,455,5941
IMG_050,1,9,June,0.9911,341,410,417,455,5941
IMG_050,1,10,1908,0.9911,436,410,512,455,5941
IMG_050,1,11,Groom:,0.9994,175,565,289,600,5941
IMG_050,1,12,Arthur,0.9994,308,565,422,600,5941
IMG_050,1,13,Wilson,0.9994,441,565,555,600,5941
IMG_050,1,14,Bride:,0.9996,177,715,289,750,5941
IMG_050,1,15,Edward,0.9996,307,715,419,750,5941
IMG_050,1,16,Harris,0.9996,437,715,549,750,5941
IMG_050,1,17,Residence:,0.9982,177,865,371,900,5941
IMG_050,1,18,Manchester,0.9982,390,865,584,900,5941
IMG_050,1,19,Occupation:,0.9939,180,1017,391,1052,5941
IMG_050,1,20,merchant,0.9939,410,1017,564,1052,5941
IMG_050,1,21,Witnesses:,0.9998,180,1165,366,1200,5941
IMG_050,1,22,Thomas,0.9998,384,1165,496,1200,5941
IMG_050,1,23,Green;,0.9998,514,1165,626,1200,5941
IMG_050,1,24,Elizabeth,0.9998,644,1165,812,1200,5941
IMG_050,1,25,Green,0.9998,830,1165,923,1200,5941
IMG_050,1,26,Document,0.9961,177,2207,308,2240,5941
IMG_050,1,27,ID:,0.9961,324,2207,373,2240,5941
IMG_050,1,28,IMG,0.9961,389,2207,438,2240,5941
IMG_050,1,29,050,0.9961,454,2207,503,2240,5941
IMG_051,1,1,MARRIAGE,0.9997,525,152,875,210,7552
IMG_051,1,2,REGISTER,0.9997,918,152,1268,210,7552
IMG_051,1,3,Parish:,0.9998,177,265,293,300,7552
IMG_051,1,4,All,0.9998,309,265,358,300,7552
IMG_051,1,5,Saints,0.9998,374,265,473,300,7552
IMG_051,1,6,Parish,0.9998,489,265,588,300,7552
IMG_051,1,7,Date:,0.9993,172,410,266,452,7552
IMG_051,1,8,17,0.9993,284,410,321,452,7552
IMG_051,1,9,June,0.9993,339,410,414,452,7552
IMG_051,1,10,1885,0.9993,432,410,507,452,7552
IMG_051,1,11,Groom:,0.9967,175,565,291,600,7552
IMG_051,1,12,Eleanor,0.9967,310,565,445,600,7552
IMG_051,1,13,Smith,0.9967,464,565,560,600,7552
IMG_051,1,14,Bride:,0.9788,175,712,287,755,7552
IMG_051,1,15,Henry,0.9788,305,712,398,755,7552
IMG_051,1,16,Davis,0.9788,416,712,509,755,7552
IMG_051,1,17,Residence:,0.9955,175,862,350,897,7552
IMG_051,1,18,Bristol,0.9955,367,862,489,897,7552
IMG_051,1,19,Occupation:,0.9782,175,1012,385,1055,7552
IMG_051,1,20,baker,0.9782,404,1012,499,1055,7552
IMG_051,1,21,Witnesses:,0.9888,177,1165,364,1200,7552
IMG_051,1,22,Thomas,0.9888,382,1165,494,1200,7552
IMG_051,1,23,Green;,0.9888,512,1165,624,1200,7552
IMG_051,1,24,Elizabeth,0.9888,642,1165,810,1200,7552
IMG_051,1,25,Green,0.9888,828,1165,921,1200,7552
IMG_051,1,26,Document,0.9772,175,2207,305,2240,7552
IMG_051,1,27,ID:,0.9772,321,2207,369,2240,7552
IMG_051,1,28,IMG,0.9772,385,2207,433,2240,7552
IMG_051,1,29,051,0.9772,449,2207,497,2240,7552
IMG_052,1,1,MARRIAGE,0.9997,522,147,874,210,7028
IMG_052,1,2,REGISTER,0.9997,918,147,1270,210,7028
IMG_052,1,3,Parish:,0.9917,177,265,295,300,7028
IMG_052,1,4,Saint,0.9917,311,265,395,300,7028
IMG_052,1,5,John's,0.9917,411,265,512,300,7028
IMG_052,1,6,Parish,0.9917,528,265,629,300,7028
IMG_052,1,7,Date:,0.9762,172,407,268,457,7028
IMG_052,1,8,17,0.9762,287,407,325,457,7028
IMG_052,1,9,June,0.9762,344,407,421,457,7028
IMG_052,1,10,1883,0.9762,440,407,517,457,7028
IMG_052,1,11,Groom:,1.0,172,557,293,607,7028
IMG_052,1,12,Henry,1.0,313,557,414,607,7028
IMG_052,1,13,Davis,1.0,434,557,535,607,7028
IMG_052,1,14,Bride:,1.0,170,707,281,755,7028
IMG_052,1,15,George,1.0,299,707,410,755,7028
IMG_052,1,16,Miller,1.0,428,707,539,755,7028
IMG_052,1,17,Residence:,0.9999,172,860,352,902,7028
IMG_052,1,18,Bristol,0.9999,370,860,496,902,7028
IMG_052,1,19,Occupation:,0.9983,172,1007,379,1057,7028
IMG_052,1,20,clerk,0.9983,397,1007,491,1057,7028
IMG_052,1,21,Witnesses:,0.9908,177,1165,364,1200,7028
IMG_052,1,22,Thomas,0.9908,382,1165,494,1200,7028
IMG_052,1,23,Green;,0.9908,512,1165,624,1200,7028
IMG_052,1,24,Elizabeth,0.9908,642,1165,810,1200,7028
IMG_052,1,25,Green,0.9908,828,1165,921,1200,7028
IMG_052,1,26,Document,0.9818,177,2207,308,2242,7028
IMG_052,1,27,ID:,0.9818,324,2207,373,2242,7028
IMG_052,1,28,IMG,0.9818,389,2207,438,2242,7028
IMG_052,1,29,052,0.9818,454,2207,503,2242,7028
IMG_053,1,1,MARRIAGE,0.9995,490,142,839,217,6814
IMG_053,1,2,REGISTER,0.9995,882,142,1231,217,6814
IMG_053,1,3,Parish:,0.9969,140,272,261,330,6814
IMG_053,1,4,Holy,0.9969,278,272,347,330,6814
IMG_053,1,5,Trinity,0.9969,364,272,485,330,6814
IMG_053,1,6,Parish,0.9969,502,272,605,330,6814
IMG_053,1,7,Date:,0.9991,145,425,240,480,6814
IMG_053,1,8,17,0.9991,259,425,297,480,6814
IMG_053,1,9,June,0.9991,316,425,392,480,6814
IMG_053,1,10,1898,0.9991,411,425,487,480,6814
IMG_053,1,11,Groom:,1.0,150,575,265,627,6814
IMG_053,1,12,William,1.0,284,575,419,627,6814
IMG_053,1,13,Carter,1.0,438,575,553,627,6814
IMG_053,1,14,Bride:,1.0,157,725,270,777,6814
IMG_053,1,15,Edward,1.0,288,725,401,777,6814
IMG_053,1,16,Harris,1.0,419,725,532,777,6814
IMG_053,1,17,Residence:,0.9997,160,875,355,927,6814
IMG_053,1,18,Leeds,0.9997,374,875,471,927,6814
IMG_053,1,19,Occupation:,0.9999,165,1027,368,1080,6814
IMG_053,1,20,printer,0.9999,386,1027,515,1080,6814
IMG_053,1,21,Witnesses:,0.9927,172,1162,361,1227,6814
IMG_053,1,22,Thomas,0.9927,379,1162,492,1227,6814
IMG_053,1,23,Green;,0.9927,510,1162,623,1227,6814
IMG_053,1,24,Elizabeth,0.9927,641,1162,811,1227,6814
IMG_053,1,25,Green,0.9927,829,1162,923,1227,6814
IMG_053,1,26,Document,0.9859,210,2220,342,2265,6814
IMG_053,1,27,ID:,0.9859,358,2220,407,2265,6814
IMG_053,1,28,IMG,0.9859,423,2220,472,2265,6814
IMG_053,1,29,053,0.9859,488,2220,537,2265,6814
IMG_054,1,1,MARRIAGE,0.9973,527,155,875,205,7392
IMG_054,1,2,REGISTER,0.9973,918,155,1266,205,7392
IMG_054,1,3,Parish:,0.9999,177,267,294,300,7392
IMG_054,1,4,Saint,0.9999,310,267,393,300,7392
IMG_054,1,5,Peter's,0.9999,409,267,526,300,7392
IMG_054,1,6,Parish,0.9999,542,267,642,300,7392
IMG_054,1,7,Date:,0.9922,170,410,266,455,7392
IMG_054,1,8,17,0.9922,285,410,323,455,7392
IMG_054,1,9,June,0.9922,342,410,419,455,7392
IMG_054,1,10,1883,0.9922,438,410,515,455,7392
IMG_054,1,11,Groom:,0.9854,180,565,300,600,7392
IMG_054,1,12,Thomas,0.9854,320,565,440,600,7392
IMG_054,1,13,Bennett,0.9854,460,565,600,600,7392
IMG_054,1,14,Bride:,0.9999,175,712,284,755,7392
IMG_054,1,15,George,0.9999,302,712,411,755,7392
IMG_054,1,16,Miller,0.9999,429,712,538,755,7392
IMG_054,1,17,Residence:,0.9967,177,865,372,900,7392
IMG_054,1,18,London,0.9967,391,865,508,900,7392
IMG_054,1,19,Occupation:,0.9936,180,1017,376,1052,7392
IMG_054,1,20,stationer,0.9936,393,1017,553,1052,7392
IMG_054,1,21,Witnesses:,0.9998,180,1165,366,1200,7392
IMG_054,1,22,Thomas,0.9998,384,1165,496,1200,7392
IMG_054,1,23,Green;,0.9998,514,1165,626,1200,7392
IMG_054,1,24,Elizabeth,0.9998,644,1165,812,1200,7392
IMG_054,1,25,Green,0.9998,830,1165,923,1200,7392
IMG_054,1,26,Document,0.9954,177,2207,308,2240,7392
IMG_054,1,27,ID:,0.9954,324,2207,373,2240,7392
IMG_054,1,28,IMG,0.9954,389,2207,438,2240,7392
IMG_054,1,29,054,0.9954,454,2207,503,2240,7392
IMG_055,1,1,MARRIAGE,0.9945,532,160,875,202,7566
IMG_055,1,2,REGISTER,0.9945,917,160,1260,202,7566
IMG_055,1,3,Parish:,0.9919,177,267,298,302,7566
IMG_055,1,4,Saint,0.9919,315,267,401,302,7566
IMG_055,1,5,Mary's,0.9919,418,267,522,302,7566
IMG_055,1,6,Parish,0.9919,539,267,643,302,7566
IMG_055,1,7,Date:,0.9915,177,417,270,452,7566
IMG_055,1,8,17,0.9915,288,417,325,452,7566
IMG_055,1,9,June,0.9915,343,417,417,452,7566
IMG_055,1,10,1907,0.9915,435,417,509,452,7566
IMG_055,1,11,Groom:,1.0,177,567,291,600,7566
IMG_055,1,12,Arthur,1.0,310,567,424,600,7566
IMG_055,1,13,Wilson,1.0,443,567,557,600,7566
IMG_055,1,14,Bride:,0.9771,180,717,291,750,7566
IMG_055,1,15,Margaret,0.9771,309,717,457,750,7566
IMG_055,1,16,Lewis,0.9771,475,717,567,750,7566
IMG_055,1,17,Residence:,0.9999,172,862,368,902,7566
IMG_055,1,18,Devon,0.9999,387,862,485,902,7566
IMG_055,1,19,Occupation:,0.9997,177,1017,373,1052,7566
IMG_055,1,20,printer,0.9997,390,1017,515,1052,7566
IMG_055,1,21,Witnesses:,0.9999,180,1165,366,1200,7566
IMG_055,1,22,Thomas,0.9999,384,1165,495,1200,7566
IMG_055,1,23,Green;,0.9999,513,1165,624,1200,7566
IMG_055,1,24,Elizabeth,0.9999,642,1165,809,1200,7566
IMG_055,1,25,Green,0.9999,827,1165,920,1200,7566
IMG_055,1,26,Document,0.9855,172,2205,305,2242,7566
IMG_055,1,27,ID:,0.9855,321,2205,370,2242,7566
IMG_055,1,28,IMG,0.9855,386,2205,435,2242,7566
IMG_055,1,29,055,0.9855,451,2205,500,2242,7566
IMG_056,1,1,COMMERCIAL,0.9995,357,150,788,207,8255
IMG_056,1,2,DIRECTORY,0.9995,831,150,1219,207,8255
IMG_056,1,3,1891,0.9995,1262,150,1434,207,8255
IMG_056,1,4,NORFOLKDISTRICT,0.9999,175,265,547,297,8255
IMG_056,1,5,Henry,0.9897,177,415,268,450,8255
IMG_056,1,6,Davis,0.9897,286,415,377,450,8255
IMG_056,1,7,—,0.9897,395,415,413,450,8255
IMG_056,1,8,"blacksmith,",0.9897,431,415,631,450,8255
IMG_056,1,9,High,0.9897,649,415,721,450,8255
IMG_056,1,10,"Street,",0.9897,739,415,866,450,8255
IMG_056,1,11,No.,0.9897,884,415,938,450,8255
IMG_056,1,12,14,0.9897,956,415,992,450,8255
IMG_056,1,13,James,0.9887,175,565,268,600,8255
IMG_056,1,14,Brown,0.9887,286,565,379,600,8255
IMG_056,1,15,—,0.9887,397,565,415,600,8255
IMG_056,1,16,"stationer,",0.9887,433,565,619,600,8255
IMG_056,1,17,Market,0.9887,637,565,748,600,8255
IMG_056,1,18,"Road,",0.9887,766,565,859,600,8255
IMG_056,1,19,No.,0.9887,877,565,932,600,8255
IMG_056,1,20,8,0.9887,950,565,968,600,8255
IMG_056,1,21,Elizabeth,0.9978,177,715,342,750,8255
IMG_056,1,22,Clark,0.9978,360,715,452,750,8255
IMG_056,1,23,—,0.9978,470,715,488,750,8255
IMG_056,1,24,"dressmaker,",0.9978,506,715,708,750,8255
IMG_056,1,25,Church,0.9978,726,715,836,750,8255
IMG_056,1,26,"Lane,",0.9978,854,715,946,750,8255
IMG_056,1,27,No.,0.9978,964,715,1019,750,8255
IMG_056,1,28,21,0.9978,1037,715,1073,750,8255
IMG_056,1,29,Entries,1.0,175,862,300,905,8255
IMG_056,1,30,are,1.0,317,862,370,905,8255
IMG_056,1,31,arranged,1.0,387,862,530,905,8255
IMG_056,1,32,alphabetically,1.0,547,862,797,905,8255
IMG_056,1,33,by,1.0,814,862,849,905,8255
IMG_056,1,34,surname.,1.0,866,862,1009,905,8255
IMG_056,1,35,Document,0.9667,175,2207,307,2240,8255
IMG_056,1,36,ID:,0.9667,323,2207,372,2240,8255
IMG_056,1,37,IMG,0.9667,388,2207,437,2240,8255
IMG_056,1,38,056,0.9667,453,2207,502,2240,8255
IMG_057,1,1,COMMERCIAL,0.9863,362,160,791,202,8439
IMG_057,1,2,DIRECTORY,0.9863,833,160,1219,202,8439
IMG_057,1,3,1898,0.9863,1261,160,1432,202,8439
IMG_057,1,4,LANCASHIRE,0.9999,177,267,404,300,8439
IMG_057,1,5,DISTRICT,0.9999,426,267,608,300,8439
IMG_057,1,6,Clara,0.9898,180,417,271,450,8439
IMG_057,1,7,Johnson,0.9898,289,417,416,450,8439
IMG_057,1,8,—,0.9898,434,417,452,450,8439
IMG_057,1,9,"merchant,",0.9898,470,417,634,450,8439
IMG_057,1,10,High,0.9898,652,417,725,450,8439
IMG_057,1,11,"Street,",0.9898,743,417,870,450,8439
IMG_057,1,12,No.,0.9898,888,417,942,450,8439
IMG_057,1,13,14,0.9898,960,417,996,450,8439
IMG_057,1,14,James,0.9826,175,567,268,602,8439
IMG_057,1,15,Brown,0.9826,286,567,379,602,8439
IMG_057,1,16,—,0.9826,397,567,415,602,8439
IMG_057,1,17,"stationer,",0.9826,433,567,619,602,8439
IMG_057,1,18,Market,0.9826,637,567,748,602,8439
IMG_057,1,19,"Road,",0.9826,766,567,859,602,8439
IMG_057,1,20,No.,0.9826,877,567,932,602,8439
IMG_057,1,21,8,0.9826,950,567,968,602,8439
IMG_057,1,22,Elizabeth,0.9859,180,715,345,750,8439
IMG_057,1,23,Clark,0.9859,363,715,454,750,8439
IMG_057,1,24,—,0.9859,472,715,490,750,8439
IMG_057,1,25,"dressmaker,",0.9859,508,715,710,750,8439
IMG_057,1,26,Church,0.9859,728,715,838,750,8439
IMG_057,1,27,"Lane,",0.9859,856,715,947,750,8439
IMG_057,1,28,No.,0.9859,965,715,1020,750,8439
IMG_057,1,29,21,0.9859,1038,715,1074,750,8439
IMG_057,1,30,Entries,1.0,180,867,304,902,8439
IMG_057,1,31,are,1.0,321,867,374,902,8439
IMG_057,1,32,arranged,1.0,391,867,533,902,8439
IMG_057,1,33,alphabetically,1.0,550,867,798,902,8439
IMG_057,1,34,by,1.0,815,867,850,902,8439
IMG_057,1,35,surname.,1.0,867,867,1009,902,8439
IMG_057,1,36,Document.,0.9566,177,2207,316,2240,8439
IMG_057,1,37,ID:,0.9566,331,2207,377,2240,8439
IMG_057,1,38,IMG,0.9566,392,2207,438,2240,8439
IMG_057,1,39,057,0.9566,453,2207,499,2240,8439
IMG_058,1,1,COMMERCIAL,0.9985,360,155,790,205,8300
IMG_058,1,2,DIRECTORY,0.9985,833,155,1220,205,8300
IMG_058,1,3,1906,0.9985,1263,155,1435,205,8300
IMG_058,1,4,LEEDS,0.9995,175,265,286,300,8300
IMG_058,1,5,DISTRICT,0.9995,308,265,486,300,8300
IMG_058,1,6,William,0.9963,180,415,304,450,8300
IMG_058,1,7,Carter,0.9963,321,415,427,450,8300
IMG_058,1,8,—,0.9963,444,415,461,450,8300
IMG_058,1,9,"baker,",0.9963,478,415,584,450,8300
IMG_058,1,10,High,0.9963,601,415,671,450,8300
IMG_058,1,11,"Street,",0.9963,688,415,812,450,8300
IMG_058,1,12,No.,0.9963,829,415,882,450,8300
IMG_058,1,13,14,0.9963,899,415,934,450,8300
IMG_058,1,14,James,0.982,175,567,268,602,8300
IMG_058,1,15,Brown,0.982,286,567,379,602,8300
IMG_058,1,16,—,0.982,397,567,415,602,8300
IMG_058,1,17,"stationer,",0.982,433,567,619,602,8300
IMG_058,1,18,Market,0.982,637,567,748,602,8300
IMG_058,1,19,"Road,",0.982,766,567,859,602,8300
IMG_058,1,20,No.,0.982,877,567,932,602,8300
IMG_058,1,21,8,0.982,950,567,968,602,8300
IMG_058,1,22,Elizabeth,0.9904,180,715,345,750,8300
IMG_058,1,23,Clark,0.9904,363,715,454,750,8300
IMG_058,1,24,—,0.9904,472,715,490,750,8300
IMG_058,1,25,"dressmaker,",0.9904,508,715,710,750,8300
IMG_058,1,26,Church,0.9904,728,715,838,750,8300
IMG_058,1,27,"Lane,",0.9904,856,715,947,750,8300
IMG_058,1,28,No.,0.9904,965,715,1020,750,8300
IMG_058,1,29,21,0.9904,1038,715,1074,750,8300
IMG_058,1,30,Entries,1.0,180,867,304,902,8300
IMG_058,1,31,are,1.0,321,867,374,902,8300
IMG_058,1,32,arranged,1.0,391,867,533,902,8300
IMG_058,1,33,alphabetically,1.0,550,867,798,902,8300
IMG_058,1,34,by,1.0,815,867,850,902,8300
IMG_058,1,35,surname.,1.0,867,867,1009,902,8300
IMG_058,1,36,Documenl.,0.954,177,2207,317,2240,8300
IMG_058,1,37,ID:,0.954,332,2207,378,2240,8300
IMG_058,1,38,IMG,0.954,393,2207,439,2240,8300
IMG_058,1,39,058,0.954,454,2207,500,2240,8300
IMG_059,1,1,COMMERCIAL,0.9872,357,155,789,205,8090
IMG_059,1,2,DIRECTORY,0.9872,832,155,1220,205,8090
IMG_059,1,3,1887,0.9872,1263,155,1435,205,8090
IMG_059,1,4,DEVON,0.9987,172,265,287,300,8090
IMG_059,1,5,DISTRICT,0.9987,310,265,494,300,8090
IMG_059,1,6,William,0.9938,180,415,302,450,8090
IMG_059,1,7,Carter,0.9938,319,415,424,450,8090
IMG_059,1,8,—,0.9938,441,415,458,450,8090
IMG_059,1,9,"clerk,",0.9938,475,415,580,450,8090
IMG_059,1,10,High,0.9938,597,415,667,450,8090
IMG_059,1,11,"Street,",0.9938,684,415,806,450,8090
IMG_059,1,12,No.,0.9938,823,415,875,450,8090
IMG_059,1,13,14,0.9938,892,415,927,450,8090
IMG_059,1,14,James,0.9943,167,560,261,605,8090
IMG_059,1,15,Brown,0.9943,279,560,373,605,8090
IMG_059,1,16,—,0.9943,391,560,409,605,8090
IMG_059,1,17,"stationer,",0.9943,427,560,615,605,8090
IMG_059,1,18,Market,0.9943,633,560,746,605,8090
IMG_059,1,19,"Road,",0.9943,764,560,858,605,8090
IMG_059,1,20,No.,0.9943,876,560,932,605,8090
IMG_059,1,21,8,0.9943,950,560,968,605,8090
IMG_059,1,22,Elizabeth,0.9987,177,715,342,750,8090
IMG_059,1,23,Clark,0.9987,360,715,451,750,8090
IMG_059,1,24,—,0.9987,469,715,487,750,8090
IMG_059,1,25,"dressmaker,",0.9987,505,715,707,750,8090
IMG_059,1,26,Church,0.9987,725,715,835,750,8090
IMG_059,1,27,"Lane,",0.9987,853,715,944,750,8090
IMG_059,1,28,No.,0.9987,962,715,1017,750,8090
IMG_059,1,29,21,0.9987,1035,715,1071,750,8090
IMG_059,1,30,Entries,0.9958,172,860,297,905,8090
IMG_059,1,31,are,0.9958,314,860,367,905,8090
IMG_059,1,32,arranged,0.9958,384,860,527,905,8090
IMG_059,1,33,alphabetically,0.9958,544,860,795,905,8090
IMG_059,1,34,by,0.9958,812,860,847,905,8090
IMG_059,1,35,surname.,0.9958,864,860,1007,905,8090
IMG_059,1,36,Documenl,0.9444,175,2207,307,2240,8090
IMG_059,1,37,ID:,0.9444,323,2207,372,2240,8090
IMG_059,1,38,IMG,0.9444,388,2207,437,2240,8090
IMG_059,1,39,059,0.9444,453,2207,502,2240,8090
IMG_060,1,1,COMMERCIAL,0.9998,360,155,790,205,8017
IMG_060,1,2,DIRECTORY,0.9998,833,155,1220,205,8017
IMG_060,1,3,1911,0.9998,1263,155,1435,205,8017
IMG_060,1,4,LANCASHIRE,1.0,172,260,403,302,8017
IMG_060,1,5,DISTRICT,1.0,426,260,611,302,8017
IMG_060,1,6,George,0.9857,180,412,284,447,8017
IMG_060,1,7,Miller,0.9857,301,412,405,447,8017
IMG_060,1,8,—,0.9857,422,412,439,447,8017
IMG_060,1,9,"printer,",0.9857,456,412,595,447,8017
IMG_060,1,10,High,0.9857,612,412,681,447,8017
IMG_060,1,11,"Street,",0.9857,698,412,820,447,8017
IMG_060,1,12,No.,0.9857,837,412,889,447,8017
IMG_060,1,13,14,0.9857,906,412,940,447,8017
IMG_060,1,14,James,0.9965,172,562,265,605,8017
IMG_060,1,15,Brown,0.9965,283,562,376,605,8017
IMG_060,1,16,—,0.9965,394,562,412,605,8017
IMG_060,1,17,"stationer,",0.9965,430,562,617,605,8017
IMG_060,1,18,Market,0.9965,635,562,747,605,8017
IMG_060,1,19,"Road,",0.9965,765,562,858,605,8017
IMG_060,1,20,No.,0.9965,876,562,932,605,8017
IMG_060,1,21,8,0.9965,950,562,968,605,8017
IMG_060,1,22,Elizabeth,0.9994,172,707,339,752,8017
IMG_060,1,23,Clark,0.9994,357,707,449,752,8017
IMG_060,1,24,—,0.9994,467,707,485,752,8017
IMG_060,1,25,"dressmaker,",0.9994,503,707,707,752,8017
IMG_060,1,26,Church,0.9994,725,707,836,752,8017
IMG_060,1,27,"Lane,",0.9994,854,707,946,752,8017
IMG_060,1,28,No.,0.9994,964,707,1019,752,8017
IMG_060,1,29,21,0.9994,1037,707,1074,752,8017
IMG_060,1,30,Entries,1.0,175,862,300,905,8017
IMG_060,1,31,are,1.0,317,862,370,905,8017
IMG_060,1,32,arranged,1.0,387,862,530,905,8017
IMG_060,1,33,alphabetically,1.0,547,862,798,905,8017
IMG_060,1,34,by,1.0,815,862,850,905,8017
IMG_060,1,35,surname.,1.0,867,862,1010,905,8017
IMG_060,1,36,Document,0.9923,172,2202,306,2242,8017
IMG_060,1,37,ID:,0.9923,322,2202,372,2242,8017
IMG_060,1,38,IMG,0.9923,388,2202,438,2242,8017
IMG_060,1,39,060,0.9923,454,2202,504,2242,8017
IMG_061,1,1,COMMERCIAL,0.9816,325,135,755,225,7621
IMG_061,1,2,DIRECTORY,0.9816,798,135,1185,225,7621
IMG_061,1,3,1927,0.9816,1228,135,1400,225,7621
IMG_061,1,4,BRISTOL,0.9991,140,277,295,325,7621
IMG_061,1,5,DISTRICT,0.9991,317,277,494,325,7621
IMG_061,1,6,Thomas,0.9989,145,410,255,477,7621
IMG_061,1,7,Bennett,0.9989,273,410,401,477,7621
IMG_061,1,8,—,0.9989,419,410,437,477,7621
IMG_061,1,9,"printer,",0.9989,455,410,602,477,7621
IMG_061,1,10,High,0.9989,620,410,693,477,7621
IMG_061,1,11,"Street,",0.9989,711,410,839,477,7621
IMG_061,1,12,No.,0.9989,857,410,912,477,7621
IMG_061,1,13,14,0.9989,930,410,966,477,7621
IMG_061,1,14,James,0.9887,147,557,241,630,7621
IMG_061,1,15,Brown,0.9887,259,557,353,630,7621
IMG_061,1,16,—,0.9887,371,557,389,630,7621
IMG_061,1,17,"stationer,",0.9887,407,557,595,630,7621
IMG_061,1,18,Market,0.9887,613,557,726,630,7621
IMG_061,1,19,"Road,",0.9887,744,557,838,630,7621
IMG_061,1,20,No.,0.9887,856,557,912,630,7621
IMG_061,1,21,8,0.9887,930,557,948,630,7621
IMG_061,1,22,Elizabeth,0.9909,155,705,322,777,7621
IMG_061,1,23,Clark,0.9909,340,705,432,777,7621
IMG_061,1,24,—,0.9909,450,705,468,777,7621
IMG_061,1,25,"dressmaker,",0.9909,486,705,690,777,7621
IMG_061,1,26,Church,0.9909,708,705,819,777,7621
IMG_061,1,27,"Lane,",0.9909,837,705,929,777,7621
IMG_061,1,28,No.,0.9909,947,705,1002,777,7621
IMG_061,1,29,21,0.9909,1020,705,1057,777,7621
IMG_061,1,30,Entries,1.0,160,860,285,927,7621
IMG_061,1,31,are,1.0,302,860,355,927,7621
IMG_061,1,32,arranged,1.0,372,860,515,927,7621
IMG_061,1,33,alphabetically,1.0,532,860,783,927,7621
IMG_061,1,34,by,1.0,800,860,835,927,7621
IMG_061,1,35,surname.,1.0,852,860,995,927,7621
IMG_061,1,36,Document,0.9879,210,2220,342,2265,7621
IMG_061,1,37,ID:,0.9879,358,2220,407,2265,7621
IMG_061,1,38,IMG,0.9879,423,2220,472,2265,7621
IMG_061,1,39,061,0.9879,488,2220,537,2265,7621
IMG_062,1,1,COMMERCIAL,0.9976,360,155,790,205,8379
IMG_062,1,2,DIRECTORY,0.9976,833,155,1220,205,8379
IMG_062,1,3,1908,0.9976,1263,155,1435,205,8379
IMG_062,1,4,DURHAM,0.9998,175,265,319,300,8379
IMG_062,1,5,DISTRICT,0.9998,343,265,536,300,8379
IMG_062,1,6,Florence,0.9989,177,415,323,450,8379
IMG_062,1,7,Brown,0.9989,341,415,432,450,8379
IMG_062,1,8,—,0.9989,450,415,468,450,8379
IMG_062,1,9,"carpenter,",0.9989,486,415,668,450,8379
IMG_062,1,10,High,0.9989,686,415,759,450,8379
IMG_062,1,11,"Street,",0.9989,777,415,904,450,8379
IMG_062,1,12,No.,0.9989,922,415,976,450,8379
IMG_062,1,13,14,0.9989,994,415,1030,450,8379
IMG_062,1,14,James,0.9893,175,567,267,602,8379
IMG_062,1,15,Brown,0.9893,285,567,377,602,8379
IMG_062,1,16,—,0.9893,395,567,413,602,8379
IMG_062,1,17,"stationer,",0.9893,431,567,616,602,8379
IMG_062,1,18,Market,0.9893,634,567,745,602,8379
IMG_062,1,19,"Road,",0.9893,763,567,855,602,8379
IMG_062,1,20,No.,0.9893,873,567,928,602,8379
IMG_062,1,21,8,0.9893,946,567,964,602,8379
IMG_062,1,22,Elizabeth,0.9854,180,715,345,750,8379
IMG_062,1,23,Clark,0.9854,363,715,454,750,8379
IMG_062,1,24,—,0.9854,472,715,490,750,8379
IMG_062,1,25,"dressmaker,",0.9854,508,715,710,750,8379
IMG_062,1,26,Church,0.9854,728,715,838,750,8379
IMG_062,1,27,"Lane,",0.9854,856,715,947,750,8379
IMG_062,1,28,No.,0.9854,965,715,1020,750,8379
IMG_062,1,29,21,0.9854,1038,715,1074,750,8379
IMG_062,1,30,Entries,1.0,180,867,304,902,8379
IMG_062,1,31,are,1.0,321,867,374,902,8379
IMG_062,1,32,arranged,1.0,391,867,533,902,8379
IMG_062,1,33,alphabetically,1.0,550,867,798,902,8379
IMG_062,1,34,by,1.0,815,867,850,902,8379
IMG_062,1,35,surname.,1.0,867,867,1009,902,8379
IMG_062,1,36,Document.,0.9538,177,2207,317,2240,8379
IMG_062,1,37,ID:,0.9538,332,2207,378,2240,8379
IMG_062,1,38,IMG,0.9538,393,2207,439,2240,8379
IMG_062,1,39,062,0.9538,454,2207,500,2240,8379
IMG_063,1,1,COMMERCIAL,0.9801,362,160,791,202,8218
IMG_063,1,2,DIRECTORY,0.9801,833,160,1219,202,8218
IMG_063,1,3,1934,0.9801,1261,160,1432,202,8218
IMG_063,1,4,YORKSHIRE,0.9999,177,267,379,300,8218
IMG_063,1,5,DISTRICT,0.9999,401,267,581,300,8218
IMG_063,1,6,Clara,0.9885,180,417,269,452,8218
IMG_063,1,7,Johnson,0.9885,286,417,411,452,8218
IMG_063,1,8,—,0.9885,428,417,445,452,8218
IMG_063,1,9,"carpenter,",0.9885,462,417,640,452,8218
IMG_063,1,10,High,0.9885,657,417,728,452,8218
IMG_063,1,11,"Street,",0.9885,745,417,870,452,8218
IMG_063,1,12,No.,0.9885,887,417,940,452,8218
IMG_063,1,13,14,0.9885,957,417,992,452,8218
IMG_063,1,14,James,0.9908,175,567,268,602,8218
IMG_063,1,15,Brown,0.9908,286,567,379,602,8218
IMG_063,1,16,—,0.9908,397,567,415,602,8218
IMG_063,1,17,"stationer,",0.9908,433,567,619,602,8218
IMG_063,1,18,Market,0.9908,637,567,748,602,8218
IMG_063,1,19,"Road,",0.9908,766,567,859,602,8218
IMG_063,1,20,No.,0.9908,877,567,932,602,8218
IMG_063,1,21,8,0.9908,950,567,968,602,8218
IMG_063,1,22,Elizabeth,0.976,180,715,344,750,8218
IMG_063,1,23,Clark,0.976,362,715,453,750,8218
IMG_063,1,24,—,0.976,471,715,489,750,8218
IMG_063,1,25,"dressmaker,",0.976,507,715,708,750,8218
IMG_063,1,26,Church,0.976,726,715,835,750,8218
IMG_063,1,27,"Lane,",0.976,853,715,944,750,8218
IMG_063,1,28,No.,0.976,962,715,1016,750,8218
IMG_063,1,29,21,0.976,1034,715,1070,750,8218
IMG_063,1,30,Entries,1.0,180,867,304,902,8218
IMG_063,1,31,are,1.0,321,867,374,902,8218
IMG_063,1,32,arranged,1.0,391,867,533,902,8218
IMG_063,1,33,alphabetically,1.0,550,867,798,902,8218
IMG_063,1,34,by,1.0,815,867,850,902,8218
IMG_063,1,35,surname.,1.0,867,867,1009,902,8218
IMG_063,1,36,Document,0.9756,172,2205,306,2242,8218
IMG_063,1,37,ID:,0.9756,322,2205,372,2242,8218
IMG_063,1,38,IMG,0.9756,388,2205,438,2242,8218
IMG_063,1,39,063,0.9756,454,2205,504,2242,8218
IMG_064,1,1,COMMERCIAL,0.9998,355,150,789,207,7950
IMG_064,1,2,DIRECTORY,0.9998,832,150,1222,207,7950
IMG_064,1,3,1935,0.9998,1265,150,1438,207,7950
IMG_064,1,4,BRISTOL,0.9992,175,265,329,300,7950
IMG_064,1,5,DISTRICT,0.9992,351,265,527,300,7950
IMG_064,1,6,Edward,0.9979,177,415,286,450,7950
IMG_064,1,7,Harris,0.9979,304,415,413,450,7950
IMG_064,1,8,—,0.9979,431,415,449,450,7950
IMG_064,1,9,"baker,",0.9979,467,415,576,450,7950
IMG_064,1,10,High,0.9979,594,415,667,450,7950
IMG_064,1,11,"Street,",0.9979,685,415,813,450,7950
IMG_064,1,12,No.,0.9979,831,415,885,450,7950
IMG_064,1,13,14,0.9979,903,415,939,450,7950
IMG_064,1,14,James,0.9876,175,565,268,600,7950
IMG_064,1,15,Brown,0.9876,286,565,379,600,7950
IMG_064,1,16,—,0.9876,397,565,415,600,7950
IMG_064,1,17,"stationer,",0.9876,433,565,619,600,7950
IMG_064,1,18,Market,0.9876,637,565,748,600,7950
IMG_064,1,19,"Road,",0.9876,766,565,859,600,7950
IMG_064,1,20,No.,0.9876,877,565,932,600,7950
IMG_064,1,21,8,0.9876,950,565,968,600,7950
IMG_064,1,22,Elizabeth,0.9982,177,715,342,750,7950
IMG_064,1,23,Clark,0.9982,360,715,451,750,7950
IMG_064,1,24,—,0.9982,469,715,487,750,7950
IMG_064,1,25,"dressmaker,",0.9982,505,715,707,750,7950
IMG_064,1,26,Church,0.9982,725,715,835,750,7950
IMG_064,1,27,"Lane,",0.9982,853,715,944,750,7950
IMG_064,1,28,No.,0.9982,962,715,1017,750,7950
IMG_064,1,29,21,0.9982,1035,715,1071,750,7950
IMG_064,1,30,Entries,1.0,175,862,300,905,7950
IMG_064,1,31,are,1.0,317,862,370,905,7950
IMG_064,1,32,arranged,1.0,387,862,530,905,7950
IMG_064,1,33,alphabetically,1.0,547,862,797,905,7950
IMG_064,1,34,by,1.0,814,862,849,905,7950
IMG_064,1,35,surname.,1.0,866,862,1009,905,7950
IMG_064,1,36,Document,0.9852,175,2207,305,2240,7950
IMG_064,1,37,ID:,0.9852,321,2207,370,2240,7950
IMG_064,1,38,IMG,0.9852,386,2207,435,2240,7950
IMG_064,1,39,064,0.9852,451,2207,500,2240,7950
IMG_065,1,1,COMMERCIAL,0.9949,362,160,789,202,8610
IMG_065,1,2,DIRECTORY,0.9949,831,160,1215,202,8610
IMG_065,1,3,1921,0.9949,1257,160,1427,202,8610
IMG_065,1,4,KENT,0.9999,177,265,266,300,8610
IMG_065,1,5,DISTRICT,0.9999,288,265,466,300,8610
IMG_065,1,6,Margaret,0.9916,180,417,326,450,8610
IMG_065,1,7,Lewis,0.9916,344,417,435,450,8610
IMG_065,1,8,—,0.9916,453,417,471,450,8610
IMG_065,1,9,"baker,",0.9916,489,417,598,450,8610
IMG_065,1,10,High,0.9916,616,417,689,450,8610
IMG_065,1,11,"Street,",0.9916,707,417,834,450,8610
IMG_065,1,12,No.,0.9916,852,417,906,450,8610
IMG_065,1,13,14,0.9916,924,417,960,450,8610
IMG_065,1,14,James,0.9806,175,567,268,602,8610
IMG_065,1,15,Brown,0.9806,286,567,379,602,8610
IMG_065,1,16,—,0.9806,397,567,415,602,8610
IMG_065,1,17,"stationer,",0.9806,433,567,619,602,8610
IMG_065,1,18,Market,0.9806,637,567,748,602,8610
IMG_065,1,19,"Road,",0.9806,766,567,859,602,8610
IMG_065,1,20,No.,0.9806,877,567,932,602,8610
IMG_065,1,21,8,0.9806,950,567,968,602,8610
IMG_065,1,22,Elizabeth,0.9859,180,715,345,750,8610
IMG_065,1,23,Clark,0.9859,363,715,454,750,8610
IMG_065,1,24,—,0.9859,472,715,490,750,8610
IMG_065,1,25,"dressmaker,",0.9859,508,715,710,750,8610
IMG_065,1,26,Church,0.9859,728,715,838,750,8610
IMG_065,1,27,"Lane,",0.9859,856,715,947,750,8610
IMG_065,1,28,No.,0.9859,965,715,1020,750,8610
IMG_065,1,29,21,0.9859,1038,715,1074,750,8610
IMG_065,1,30,Entries,1.0,180,867,304,902,8610
IMG_065,1,31,are,1.0,321,867,374,902,8610
IMG_065,1,32,arranged,1.0,391,867,533,902,8610
IMG_065,1,33,alphabetically,1.0,550,867,798,902,8610
IMG_065,1,34,by,1.0,815,867,850,902,8610
IMG_065,1,35,surname.,1.0,867,867,1009,902,8610
IMG_065,1,36,Documenl.,0.9553,177,2207,316,2240,8610
IMG_065,1,37,ID:,0.9553,331,2207,377,2240,8610
IMG_065,1,38,IMG,0.9553,392,2207,438,2240,8610
IMG_065,1,39,065,0.9553,453,2207,499,2240,8610
IMG_066,1,1,COMMERCIAL,0.9969,357,152,789,207,8491
IMG_066,1,2,DIRECTORY,0.9969,832,152,1220,207,8491
IMG_066,1,3,1886,0.9969,1263,152,1435,207,8491
IMG_066,1,4,DURHAM,0.9998,177,265,321,300,8491
IMG_066,1,5,DISTRICT,0.9998,345,265,537,300,8491
IMG_066,1,6,Margaret,0.99,180,417,325,450,8491
IMG_066,1,7,Lewis,0.99,343,417,433,450,8491
IMG_066,1,8,—,0.99,451,417,469,450,8491
IMG_066,1,9,"teacher,",0.99,487,417,632,450,8491
IMG_066,1,10,High,0.99,650,417,722,450,8491
IMG_066,1,11,"Street,",0.99,740,417,867,450,8491
IMG_066,1,12,No.,0.99,885,417,939,450,8491
IMG_066,1,13,14,0.99,957,417,993,450,8491
IMG_066,1,14,James,0.9827,175,567,268,602,8491
IMG_066,1,15,Brown,0.9827,286,567,379,602,8491
IMG_066,1,16,—,0.9827,397,567,415,602,8491
IMG_066,1,17,"stationer,",0.9827,433,567,619,602,8491
IMG_066,1,18,Market,0.9827,637,567,748,602,8491
IMG_066,1,19,"Road,",0.9827,766,567,859,602,8491
IMG_066,1,20,No.,0.9827,877,567,932,602,8491
IMG_066,1,21,8,0.9827,950,567,968,602,8491
IMG_066,1,22,Elizabeth,0.9904,180,715,345,750,8491
IMG_066,1,23,Clark,0.9904,363,715,454,750,8491
IMG_066,1,24,—,0.9904,472,715,490,750,8491
IMG_066,1,25,"dressmaker,",0.9904,508,715,710,750,8491
IMG_066,1,26,Church,0.9904,728,715,838,750,8491
IMG_066,1,27,"Lane,",0.9904,856,715,947,750,8491
IMG_066,1,28,No.,0.9904,965,715,1020,750,8491
IMG_066,1,29,21,0.9904,1038,715,1074,750,8491
IMG_066,1,30,Entries,1.0,180,867,304,902,8491
IMG_066,1,31,are,1.0,321,867,374,902,8491
IMG_066,1,32,arranged,1.0,391,867,533,902,8491
IMG_066,1,33,alphabetically,1.0,550,867,798,902,8491
IMG_066,1,34,by,1.0,815,867,850,902,8491
IMG_066,1,35,surname.,1.0,867,867,1009,902,8491
IMG_066,1,36,Documenl.,0.9531,177,2207,317,2240,8491
IMG_066,1,37,ID:,0.9531,332,2207,378,2240,8491
IMG_066,1,38,IMG,0.9531,393,2207,439,2240,8491
IMG_066,1,39,066,0.9531,454,2207,500,2240,8491
IMG_067,1,1,COMMERCIAL,0.9992,357,150,790,207,8086
IMG_067,1,2,DIRECTORY,0.9992,833,150,1222,207,8086
IMG_067,1,3,1906,0.9992,1265,150,1438,207,8086
IMG_067,1,4,MANCHESTER,0.9995,175,265,414,300,8086
IMG_067,1,5,DISTRICT,0.9995,437,265,628,300,8086
IMG_067,1,6,Henry,0.9931,180,415,269,450,8086
IMG_067,1,7,Davis,0.9931,286,415,375,450,8086
IMG_067,1,8,—,0.9931,392,415,409,450,8086
IMG_067,1,9,"teacher,",0.9931,426,415,569,450,8086
IMG_067,1,10,High,0.9931,586,415,657,450,8086
IMG_067,1,11,"Street,",0.9931,674,415,799,450,8086
IMG_067,1,12,No.,0.9931,816,415,869,450,8086
IMG_067,1,13,14,0.9931,886,415,921,450,8086
IMG_067,1,14,James,0.9871,167,560,261,605,8086
IMG_067,1,15,Brown,0.9871,279,560,373,605,8086
IMG_067,1,16,—,0.9871,391,560,409,605,8086
IMG_067,1,17,"stationer,",0.9871,427,560,615,605,8086
IMG_067,1,18,Market,0.9871,633,560,746,605,8086
IMG_067,1,19,"Road,",0.9871,764,560,858,605,8086
IMG_067,1,20,No.,0.9871,876,560,932,605,8086
IMG_067,1,21,8,0.9871,950,560,968,605,8086
IMG_067,1,22,Elizabeth,0.9989,177,715,342,750,8086
IMG_067,1,23,Clark,0.9989,360,715,452,750,8086
IMG_067,1,24,—,0.9989,470,715,488,750,8086
IMG_067,1,25,"dressmaker,",0.9989,506,715,708,750,8086
IMG_067,1,26,Church,0.9989,726,715,836,750,8086
IMG_067,1,27,"Lane,",0.9989,854,715,946,750,8086
IMG_067,1,28,No.,0.9989,964,715,1019,750,8086
IMG_067,1,29,21,0.9989,1037,715,1073,750,8086
IMG_067,1,30,Entries,1.0,177,867,301,902,8086
IMG_067,1,31,are,1.0,318,867,371,902,8086
IMG_067,1,32,arranged,1.0,388,867,530,902,8086
IMG_067,1,33,alphabetically,1.0,547,867,796,902,8086
IMG_067,1,34,by,1.0,813,867,848,902,8086
IMG_067,1,35,surname.,1.0,865,867,1007,902,8086
IMG_067,1,36,Document.,0.9586,177,2207,317,2240,8086
IMG_067,1,37,ID:,0.9586,332,2207,378,2240,8086
IMG_067,1,38,IMG,0.9586,393,2207,439,2240,8086
IMG_067,1,39,067,0.9586,454,2207,500,2240,8086
IMG_068,1,1,COMMERCIAL,0.9996,360,155,790,205,8279
IMG_068,1,2,DIRECTORY,0.9996,833,155,1220,205,8279
IMG_068,1,3,1909,0.9996,1263,155,1435,205,8279
IMG_068,1,4,YORKSHIRE,1.0,172,260,378,302,8279
IMG_068,1,5,DISTRICT,1.0,400,260,583,302,8279
IMG_068,1,6,George,0.9891,177,412,284,447,8279
IMG_068,1,7,Miller,0.9891,301,412,408,447,8279
IMG_068,1,8,—,0.9891,425,412,442,447,8279
IMG_068,1,9,"blacksmith,",0.9891,459,412,656,447,8279
IMG_068,1,10,High,0.9891,673,412,744,447,8279
IMG_068,1,11,"Street,",0.9891,761,412,886,447,8279
IMG_068,1,12,No.,0.9891,903,412,956,447,8279
IMG_068,1,13,14,0.9891,973,412,1008,447,8279
IMG_068,1,14,James,0.9961,172,562,265,605,8279
IMG_068,1,15,Brown,0.9961,283,562,376,605,8279
IMG_068,1,16,—,0.9961,394,562,412,605,8279
IMG_068,1,17,"stationer,",0.9961,430,562,617,605,8279
IMG_068,1,18,Market,0.9961,635,562,747,605,8279
IMG_068,1,19,"Road,",0.9961,765,562,858,605,8279
IMG_068,1,20,No.,0.9961,876,562,932,605,8279
IMG_068,1,21,8,0.9961,950,562,968,605,8279
IMG_068,1,22,Elizabeth,0.9994,172,707,339,752,8279
IMG_068,1,23,Clark,0.9994,357,707,449,752,8279
IMG_068,1,24,—,0.9994,467,707,485,752,8279
IMG_068,1,25,"dressmaker,",0.9994,503,707,707,752,8279
IMG_068,1,26,Church,0.9994,725,707,836,752,8279
IMG_068,1,27,"Lane,",0.9994,854,707,946,752,8279
IMG_068,1,28,No.,0.9994,964,707,1019,752,8279
IMG_068,1,29,21,0.9994,1037,707,1074,752,8279
IMG_068,1,30,Entries,1.0,175,862,300,905,8279
IMG_068,1,31,are,1.0,317,862,370,905,8279
IMG_068,1,32,arranged,1.0,387,862,530,905,8279
IMG_068,1,33,alphabetically,1.0,547,862,798,905,8279
IMG_068,1,34,by,1.0,815,862,850,905,8279
IMG_068,1,35,surname.,1.0,867,862,1010,905,8279
IMG_068,1,36,Document,0.9925,172,2202,306,2242,8279
IMG_068,1,37,ID:,0.9925,322,2202,372,2242,8279
IMG_068,1,38,IMG,0.9925,388,2202,438,2242,8279
IMG_068,1,39,068,0.9925,454,2202,504,2242,8279
IMG_069,1,1,COMMERCIAL,0.9855,325,135,755,225,7780
IMG_069,1,2,DIRECTORY,0.9855,798,135,1185,225,7780
IMG_069,1,3,1934,0.9855,1228,135,1400,225,7780
IMG_069,1,4,LEEDS,0.9998,140,277,252,327,7780
IMG_069,1,5,DISTRICT,0.9998,274,277,454,327,7780
IMG_069,1,6,George,0.9984,145,412,250,477,7780
IMG_069,1,7,Miller,0.9984,267,412,372,477,7780
IMG_069,1,8,—,0.9984,389,412,406,477,7780
IMG_069,1,9,"tailor,",0.9984,423,412,545,477,7780
IMG_069,1,10,High,0.9984,562,412,632,477,7780
IMG_069,1,11,"Street,",0.9984,649,412,771,477,7780
IMG_069,1,12,No.,0.9984,788,412,840,477,7780
IMG_069,1,13,14,0.9984,857,412,892,477,7780
IMG_069,1,14,James,0.998,147,557,240,630,7780
IMG_069,1,15,Brown,0.998,258,557,351,630,7780
IMG_069,1,16,—,0.998,369,557,387,630,7780
IMG_069,1,17,"stationer,",0.998,405,557,592,630,7780
IMG_069,1,18,Market,0.998,610,557,722,630,7780
IMG_069,1,19,"Road,",0.998,740,557,833,630,7780
IMG_069,1,20,No.,0.998,851,557,907,630,7780
IMG_069,1,21,8,0.998,925,557,943,630,7780
IMG_069,1,22,Elizabeth,0.9909,155,705,322,777,7780
IMG_069,1,23,Clark,0.9909,340,705,432,777,7780
IMG_069,1,24,—,0.9909,450,705,468,777,7780
IMG_069,1,25,"dressmaker,",0.9909,486,705,690,777,7780
IMG_069,1,26,Church,0.9909,708,705,819,777,7780
IMG_069,1,27,"Lane,",0.9909,837,705,929,777,7780
IMG_069,1,28,No.,0.9909,947,705,1002,777,7780
IMG_069,1,29,21,0.9909,1020,705,1057,777,7780
IMG_069,1,30,Entries,1.0,160,860,285,927,7780
IMG_069,1,31,are,1.0,302,860,355,927,7780
IMG_069,1,32,arranged,1.0,372,860,515,927,7780
IMG_069,1,33,alphabetically,1.0,532,860,783,927,7780
IMG_069,1,34,by,1.0,800,860,835,927,7780
IMG_069,1,35,surname.,1.0,852,860,995,927,7780
IMG_069,1,36,Document,0.9856,210,2220,342,2265,7780
IMG_069,1,37,ID:,0.9856,358,2220,407,2265,7780
IMG_069,1,38,IMG,0.9856,423,2220,472,2265,7780
IMG_069,1,39,069,0.9856,488,2220,537,2265,7780
IMG_070,1,1,COMMERCIAL,0.9975,360,155,790,205,8138
IMG_070,1,2,DIRECTORY,0.9975,833,155,1220,205,8138
IMG_070,1,3,1880,0.9975,1263,155,1435,205,8138
IMG_070,1,4,YORKSHIRE,0.9999,175,265,380,300,8138
IMG_070,1,5,DISTRICT,0.9999,402,265,584,300,8138
IMG_070,1,6,Henry,0.9962,177,417,265,450,8138
IMG_070,1,7,Davis,0.9962,282,417,370,450,8138
IMG_070,1,8,—,0.9962,387,417,404,450,8138
IMG_070,1,9,"stationer,",0.9962,421,417,598,450,8138
IMG_070,1,10,High,0.9962,615,417,686,450,8138
IMG_070,1,11,"Street,",0.9962,703,417,827,450,8138
IMG_070,1,12,No.,0.9962,844,417,897,450,8138
IMG_070,1,13,14,0.9962,914,417,949,450,8138
IMG_070,1,14,James,0.9881,175,567,267,602,8138
IMG_070,1,15,Brown,0.9881,285,567,377,602,8138
IMG_070,1,16,—,0.9881,395,567,413,602,8138
IMG_070,1,17,"stationer,",0.9881,431,567,616,602,8138
IMG_070,1,18,Market,0.9881,634,567,745,602,8138
IMG_070,1,19,"Road,",0.9881,763,567,855,602,8138
IMG_070,1,20,No.,0.9881,873,567,928,602,8138
IMG_070,1,21,8,0.9881,946,567,964,602,8138
IMG_070,1,22,Elizabeth,0.9854,180,715,345,750,8138
IMG_070,1,23,Clark,0.9854,363,715,454,750,8138
IMG_070,1,24,—,0.9854,472,715,490,750,8138
IMG_070,1,25,"dressmaker,",0.9854,508,715,710,750,8138
IMG_070,1,26,Church,0.9854,728,715,838,750,8138
IMG_070,1,27,"Lane,",0.9854,856,715,947,750,8138
IMG_070,1,28,No.,0.9854,965,715,1020,750,8138
IMG_070,1,29,21,0.9854,1038,715,1074,750,8138
IMG_070,1,30,Entries,1.0,180,867,304,902,8138
IMG_070,1,31,are,1.0,321,867,374,902,8138
IMG_070,1,32,arranged,1.0,391,867,533,902,8138
IMG_070,1,33,alphabetically,1.0,550,867,798,902,8138
IMG_070,1,34,by,1.0,815,867,850,902,8138
IMG_070,1,35,surname.,1.0,867,867,1009,902,8138
IMG_070,1,36,Document.,0.9613,177,2207,317,2240,8138
IMG_070,1,37,ID:,0.9613,332,2207,378,2240,8138
IMG_070,1,38,IMG,0.9613,393,2207,439,2240,8138
IMG_070,1,39,070,0.9613,454,2207,500,2240,8138
IMG_071,1,1,IN,0.9793,645,155,737,205,6898
IMG_071,1,2,MEMORIAM,0.9793,783,155,1151,205,6898
IMG_071,1,3,Margaret,1.0,177,267,334,302,6898
IMG_071,1,4,Lewis,1.0,353,267,451,302,6898
IMG_071,1,5,Died,1.0,180,415,252,450,6898
IMG_071,1,6,at,1.0,270,415,306,450,6898
IMG_071,1,7,"Yorkshire,",1.0,324,415,505,450,6898
IMG_071,1,8,3,1.0,523,415,541,450,6898
IMG_071,1,9,March,1.0,559,415,649,450,6898
IMG_071,1,10,1920,1.0,667,415,739,450,6898
IMG_071,1,11,Aged,0.9998,180,567,252,602,6898
IMG_071,1,12,67,0.9998,270,567,306,602,6898
IMG_071,1,13,years.,0.9998,324,567,433,602,6898
IMG_071,1,14,He,1.0,180,717,215,750,6898
IMG_071,1,15,was,1.0,232,717,285,750,6898
IMG_071,1,16,known,1.0,302,717,391,750,6898
IMG_071,1,17,throughout,1.0,408,717,587,750,6898
IMG_071,1,18,the,1.0,604,717,657,750,6898
IMG_071,1,19,parish,1.0,674,717,781,750,6898
IMG_071,1,20,for,1.0,798,717,851,750,6898
IMG_071,1,21,his,1.0,868,717,921,750,6898
IMG_071,1,22,honest,1.0,938,717,1045,750,6898
IMG_071,1,23,work,1.0,1062,717,1133,750,6898
IMG_071,1,24,as,1.0,1150,717,1185,750,6898
IMG_071,1,25,a,1.0,1202,717,1219,750,6898
IMG_071,1,26,printer,1.0,1236,717,1361,750,6898
IMG_071,1,27,Peace,0.9999,177,865,267,900,6898
IMG_071,1,28,be,0.9999,285,865,321,900,6898
IMG_071,1,29,with,0.9999,339,865,411,900,6898
IMG_071,1,30,him.,0.9999,429,865,501,900,6898
IMG_071,1,31,Document.,0.9622,177,2207,315,2242,6898
IMG_071,1,32,ID:,0.9622,330,2207,376,2242,6898
IMG_071,1,33,IMG_071,0.9622,391,2207,498,2242,6898
IMG_072,1,1,IN,0.9976,640,150,733,210,6102
IMG_072,1,2,MEMORIAM,0.9976,779,150,1153,210,6102
IMG_072,1,3,Florence,1.0,175,265,336,300,6102
IMG_072,1,4,Brown,1.0,356,265,456,300,6102
IMG_072,1,5,Died,0.9973,170,407,245,452,6102
IMG_072,1,6,at,0.9973,263,407,300,452,6102
IMG_072,1,7,"Kent,",0.9973,318,407,412,452,6102
IMG_072,1,8,3,0.9973,430,407,448,452,6102
IMG_072,1,9,March,0.9973,466,407,560,452,6102
IMG_072,1,10,1930,0.9973,578,407,653,452,6102
IMG_072,1,11,Aged,1.0,175,562,249,605,6102
IMG_072,1,12,67,1.0,267,562,304,605,6102
IMG_072,1,13,years.,1.0,322,562,433,605,6102
IMG_072,1,14,He,1.0,177,712,213,747,6102
IMG_072,1,15,was,1.0,231,712,285,747,6102
IMG_072,1,16,known,1.0,303,712,393,747,6102
IMG_072,1,17,throughout,1.0,411,712,592,747,6102
IMG_072,1,18,the,1.0,610,712,664,747,6102
IMG_072,1,19,parish,1.0,682,712,790,747,6102
IMG_072,1,20,for,1.0,808,712,862,747,6102
IMG_072,1,21,his,1.0,880,712,934,747,6102
IMG_072,1,22,honest,1.0,952,712,1060,747,6102
IMG_072,1,23,work,1.0,1078,712,1150,747,6102
IMG_072,1,24,as,1.0,1168,712,1204,747,6102
IMG_072,1,25,a,1.0,1222,712,1240,747,6102
IMG_072,1,26,baker,1.0,1258,712,1348,747,6102
IMG_072,1,27,Peace,1.0,175,865,265,900,6102
IMG_072,1,28,be,1.0,283,865,319,900,6102
IMG_072,1,29,with,1.0,337,865,409,900,6102
IMG_072,1,30,him.,1.0,427,865,499,900,6102
IMG_072,1,31,Document,0.9997,172,2207,304,2240,6102
IMG_072,1,32,ID:,0.9997,320,2207,369,2240,6102
IMG_072,1,33,IMG,0.9997,385,2207,434,2240,6102
IMG_072,1,34,072,0.9997,450,2207,499,2240,6102
IMG_073,1,1,IN,0.9886,645,155,737,205,7378
IMG_073,1,2,MEMORIAM,0.9886,783,155,1151,205,7378
IMG_073,1,3,Eleanor,0.9999,177,265,311,300,7378
IMG_073,1,4,Smith,0.9999,330,265,426,300,7378
IMG_073,1,5,Died,0.9999,180,415,252,450,7378
IMG_073,1,6,at,0.9999,270,415,306,450,7378
IMG_073,1,7,"Norfolk,",0.9999,324,415,469,450,7378
IMG_073,1,8,3,0.9999,487,415,505,450,7378
IMG_073,1,9,March,0.9999,523,415,613,450,7378
IMG_073,1,10,1889,0.9999,631,415,703,450,7378
IMG_073,1,11,Aged,0.997,177,567,250,602,7378
IMG_073,1,12,67,0.997,268,567,304,602,7378
IMG_073,1,13,years.,0.997,322,567,432,602,7378
IMG_073,1,14,He,0.9999,180,715,216,747,7378
IMG_073,1,15,was,0.9999,234,715,288,747,7378
IMG_073,1,16,known,0.9999,306,715,396,747,7378
IMG_073,1,17,throughout,0.9999,414,715,595,747,7378
IMG_073,1,18,the,0.9999,613,715,667,747,7378
IMG_073,1,19,parish,0.9999,685,715,793,747,7378
IMG_073,1,20,for,0.9999,811,715,865,747,7378
IMG_073,1,21,his,0.9999,883,715,937,747,7378
IMG_073,1,22,honest,0.9999,955,715,1063,747,7378
IMG_073,1,23,work,0.9999,1081,715,1153,747,7378
IMG_073,1,24,as,0.9999,1171,715,1207,747,7378
IMG_073,1,25,a,0.9999,1225,715,1243,747,7378
IMG_073,1,26,baker,0.9999,1261,715,1351,747,7378
IMG_073,1,27,Peace,0.9999,177,865,267,900,7378
IMG_073,1,28,be,0.9999,285,865,321,900,7378
IMG_073,1,29,with,0.9999,339,865,411,900,7378
IMG_073,1,30,him.,0.9999,429,865,501,900,7378
IMG_073,1,31,Document,0.9739,172,2205,306,2242,7378
IMG_073,1,32,ID:,0.9739,322,2205,372,2242,7378
IMG_073,1,33,IMG,0.9739,388,2205,438,2242,7378
IMG_073,1,34,073,0.9739,454,2205,504,2242,7378
IMG_074,1,1,IN,0.9866,642,155,735,205,6869
IMG_074,1,2,MEMORIAM,0.9866,781,155,1154,205,6869
IMG_074,1,3,Arthur,0.9999,177,265,290,300,6869
IMG_074,1,4,Wilson,0.9999,308,265,421,300,6869
IMG_074,1,5,Died,0.9919,175,412,245,447,6869
IMG_074,1,6,at,0.9919,262,412,297,447,6869
IMG_074,1,7,"Bristol,",0.9919,314,412,455,447,6869
IMG_074,1,8,3,0.9919,472,412,489,447,6869
IMG_074,1,9,March,0.9919,506,412,594,447,6869
IMG_074,1,10,1932,0.9919,611,412,681,447,6869
IMG_074,1,11,Aged,0.9998,170,557,246,607,6869
IMG_074,1,12,67,0.9998,265,557,303,607,6869
IMG_074,1,13,years.,0.9998,322,557,436,607,6869
IMG_074,1,14,He,0.994,177,717,213,750,6869
IMG_074,1,15,was,0.994,231,717,285,750,6869
IMG_074,1,16,known,0.994,303,717,393,750,6869
IMG_074,1,17,throughout,0.994,411,717,591,750,6869
IMG_074,1,18,the,0.994,609,717,663,750,6869
IMG_074,1,19,parish,0.994,681,717,789,750,6869
IMG_074,1,20,for,0.994,807,717,861,750,6869
IMG_074,1,21,his,0.994,879,717,933,750,6869
IMG_074,1,22,honest,0.994,951,717,1059,750,6869
IMG_074,1,23,work,0.994,1077,717,1149,750,6869
IMG_074,1,24,as,0.994,1167,717,1203,750,6869
IMG_074,1,25,a,0.994,1221,717,1239,750,6869
IMG_074,1,26,clerk,0.994,1257,717,1347,750,6869
IMG_074,1,27,Peace,0.9996,177,865,267,900,6869
IMG_074,1,28,be,0.9996,285,865,321,900,6869
IMG_074,1,29,with,0.9996,339,865,411,900,6869
IMG_074,1,30,him.,0.9996,429,865,501,900,6869
IMG_074,1,31,Document,0.9699,172,2205,306,2242,6869
IMG_074,1,32,ID:,0.9699,322,2205,372,2242,6869
IMG_074,1,33,IMG,0.9699,388,2205,438,2242,6869
IMG_074,1,34,074,0.9699,454,2205,504,2242,6869
IMG_075,1,1,IN,0.982,642,152,734,205,7223
IMG_075,1,2,MEMORIAM,0.982,780,152,1150,205,7223
IMG_075,1,3,Thomas,1.0,175,265,297,300,7223
IMG_075,1,4,Bennett,1.0,317,265,459,300,7223
IMG_075,1,5,Died,0.9977,175,412,247,447,7223
IMG_075,1,6,at,0.9977,265,412,301,447,7223
IMG_075,1,7,"Yorkshire,",0.9977,319,412,501,447,7223
IMG_075,1,8,3,0.9977,519,412,537,447,7223
IMG_075,1,9,March,0.9977,555,412,646,447,7223
IMG_075,1,10,1887,0.9977,664,412,736,447,7223
IMG_075,1,11,Aged,0.9998,175,562,249,605,7223
IMG_075,1,12,67,0.9998,267,562,304,605,7223
IMG_075,1,13,years.,0.9998,322,562,433,605,7223
IMG_075,1,14,He,1.0,177,715,213,750,7223
IMG_075,1,15,was,1.0,231,715,285,750,7223
IMG_075,1,16,known,1.0,303,715,393,750,7223
IMG_075,1,17,throughout,1.0,411,715,592,750,7223
IMG_075,1,18,the,1.0,610,715,664,750,7223
IMG_075,1,19,parish,1.0,682,715,790,750,7223
IMG_075,1,20,for,1.0,808,715,862,750,7223
IMG_075,1,21,his,1.0,880,715,934,750,7223
IMG_075,1,22,honest,1.0,952,715,1060,750,7223
IMG_075,1,23,work,1.0,1078,715,1150,750,7223
IMG_075,1,24,as,1.0,1168,715,1204,750,7223
IMG_075,1,25,a,1.0,1222,715,1240,750,7223
IMG_075,1,26,merchant.,1.0,1258,715,1421,750,7223
IMG_075,1,27,Peace,1.0,177,865,268,900,7223
IMG_075,1,28,be,1.0,286,865,322,900,7223
IMG_075,1,29,with,1.0,340,865,412,900,7223
IMG_075,1,30,him.,1.0,430,865,502,900,7223
IMG_075,1,31,Document,0.9964,172,2207,304,2240,7223
IMG_075,1,32,ID:,0.9964,320,2207,369,2240,7223
IMG_075,1,33,IMG,0.9964,385,2207,434,2240,7223
IMG_075,1,34,075,0.9964,450,2207,499,2240,7223
IMG_076,1,1,IN,0.999,640,150,734,210,6319
IMG_076,1,2,MEMORIAM,0.999,781,150,1157,210,6319
IMG_076,1,3,Thomas,1.0,167,260,295,302,6319
IMG_076,1,4,Bennett,1.0,316,260,466,302,6319
IMG_076,1,5,Died,0.9945,175,410,248,452,6319
IMG_076,1,6,at,0.9945,266,410,302,452,6319
IMG_076,1,7,"Norfolk,",0.9945,320,410,467,452,6319
IMG_076,1,8,3,0.9945,485,410,503,452,6319
IMG_076,1,9,March,0.9945,521,410,613,452,6319
IMG_076,1,10,1917,0.9945,631,410,704,452,6319
IMG_076,1,11,Aged,0.9933,167,557,245,607,6319
IMG_076,1,12,67,0.9933,264,557,303,607,6319
IMG_076,1,13,years.,0.9933,322,557,439,607,6319
IMG_076,1,14,He,0.9998,177,715,212,750,6319
IMG_076,1,15,was,0.9998,229,715,282,750,6319
IMG_076,1,16,known,0.9998,299,715,388,750,6319
IMG_076,1,17,throughout,0.9998,405,715,584,750,6319
IMG_076,1,18,the,0.9998,601,715,654,750,6319
IMG_076,1,19,parish,0.9998,671,715,778,750,6319
IMG_076,1,20,for,0.9998,795,715,848,750,6319
IMG_076,1,21,his,0.9998,865,715,918,750,6319
IMG_076,1,22,honest,0.9998,935,715,1042,750,6319
IMG_076,1,23,work,0.9998,1059,715,1130,750,6319
IMG_076,1,24,as,0.9998,1147,715,1182,750,6319
IMG_076,1,25,a,0.9998,1199,715,1216,750,6319
IMG_076,1,26,farmer.,0.9998,1233,715,1358,750,6319
IMG_076,1,27,Peace,1.0,172,860,264,902,6319
IMG_076,1,28,be,1.0,282,860,319,902,6319
IMG_076,1,29,with,1.0,337,860,411,902,6319
IMG_076,1,30,him.,1.0,429,860,503,902,6319
IMG_076,1,31,Document,0.9639,170,2200,306,2245,6319
IMG_076,1,32,ID:,0.9639,323,2200,374,2245,6319
IMG_076,1,33,IMG_076,0.9639,391,2200,509,2245,6319
IMG_077,1,1,IN,0.982,605,145,698,215,6818
IMG_077,1,2,MEMORIAM,0.982,744,145,1116,215,6818
IMG_077,1,3,Arthur,1.0,140,277,256,327,6818
IMG_077,1,4,Wilson,1.0,275,277,391,327,6818
IMG_077,1,5,Died,0.9999,145,417,220,477,6818
IMG_077,1,6,at,0.9999,238,417,275,477,6818
IMG_077,1,7,"Lancashire,",0.9999,293,417,499,477,6818
IMG_077,1,8,3,0.9999,517,417,535,477,6818
IMG_077,1,9,March,0.9999,553,417,646,477,6818
IMG_077,1,10,1923,0.9999,664,417,739,477,6818
IMG_077,1,11,Aged,0.9999,150,580,225,630,6818
IMG_077,1,12,67,0.9999,243,580,280,630,6818
IMG_077,1,13,years.,0.9999,298,580,411,630,6818
IMG_077,1,14,He,1.0,155,695,191,777,6818
IMG_077,1,15,was,1.0,209,695,263,777,6818
IMG_077,1,16,known,1.0,281,695,371,777,6818
IMG_077,1,17,throughout,1.0,389,695,569,777,6818
IMG_077,1,18,the,1.0,587,695,641,777,6818
IMG_077,1,19,parish,1.0,659,695,767,777,6818
IMG_077,1,20,for,1.0,785,695,839,777,6818
IMG_077,1,21,his,1.0,857,695,911,777,6818
IMG_077,1,22,honest,1.0,929,695,1037,777,6818
IMG_077,1,23,work,1.0,1055,695,1127,777,6818
IMG_077,1,24,as,1.0,1145,695,1181,777,6818
IMG_077,1,25,a,1.0,1199,695,1217,777,6818
IMG_077,1,26,carpenter.,1.0,1235,695,1415,777,6818
IMG_077,1,27,Peace,1.0,157,875,251,930,6818
IMG_077,1,28,be,1.0,269,875,306,930,6818
IMG_077,1,29,with,1.0,324,875,399,930,6818
IMG_077,1,30,him.,1.0,417,875,492,930,6818
IMG_077,1,31,Document,0.9897,210,2220,342,2265,6818
IMG_077,1,32,ID:,0.9897,358,2220,407,2265,6818
IMG_077,1,33,IMG,0.9897,423,2220,472,2265,6818
IMG_077,1,34,077,0.9897,488,2220,537,2265,6818
IMG_078,1,1,IN,0.984,640,152,733,202,6606
IMG_078,1,2,MEMORIAM,0.984,779,152,1151,202,6606
IMG_078,1,3,Arthur,0.9793,177,265,290,300,6606
IMG_078,1,4,Wilson,0.9793,308,265,421,300,6606
IMG_078,1,5,Died,0.9752,177,415,251,450,6606
IMG_078,1,6,at,0.9752,269,415,306,450,6606
IMG_078,1,7,"Leeds,",0.9752,324,415,435,450,6606
IMG_078,1,8,3,0.9752,453,415,471,450,6606
IMG_078,1,9,March,0.9752,489,415,582,450,6606
IMG_078,1,10,1930,0.9752,600,415,674,450,6606
IMG_078,1,11,Aged,0.9995,170,557,246,607,6606
IMG_078,1,12,67,0.9995,265,557,303,607,6606
IMG_078,1,13,years.,0.9995,322,557,436,607,6606
IMG_078,1,14,He,0.9998,177,715,212,750,6606
IMG_078,1,15,was,0.9998,229,715,282,750,6606
IMG_078,1,16,known,0.9998,299,715,388,750,6606
IMG_078,1,17,throughout,0.9998,405,715,583,750,6606
IMG_078,1,18,the,0.9998,600,715,653,750,6606
IMG_078,1,19,parish,0.9998,670,715,777,750,6606
IMG_078,1,20,for,0.9998,794,715,847,750,6606
IMG_078,1,21,his,0.9998,864,715,917,750,6606
IMG_078,1,22,honest,0.9998,934,715,1041,750,6606
IMG_078,1,23,work,0.9998,1058,715,1129,750,6606
IMG_078,1,24,as,0.9998,1146,715,1181,750,6606
IMG_078,1,25,a,0.9998,1198,715,1215,750,6606
IMG_078,1,26,teacher.,0.9998,1232,715,1374,750,6606
IMG_078,1,27,Peace,0.9993,177,865,267,900,6606
IMG_078,1,28,be,0.9993,285,865,321,900,6606
IMG_078,1,29,with,0.9993,339,865,411,900,6606
IMG_078,1,30,him.,0.9993,429,865,501,900,6606
IMG_078,1,31,Document,0.979,177,2207,308,2242,6606
IMG_078,1,32,ID:,0.979,324,2207,373,2242,6606
IMG_078,1,33,IMG_078,0.979,389,2207,503,2242,6606
IMG_079,1,1,IN,0.9763,645,155,737,205,6825
IMG_079,1,2,MEMORIAM,0.9763,783,155,1151,205,6825
IMG_079,1,3,George,1.0,175,262,289,305,6825
IMG_079,1,4,Miller,1.0,308,262,422,305,6825
IMG_079,1,5,Died,1.0,180,415,255,450,6825
IMG_079,1,6,at,1.0,273,415,310,450,6825
IMG_079,1,7,"Manchester,",1.0,328,415,534,450,6825
IMG_079,1,8,3,1.0,552,415,570,450,6825
IMG_079,1,9,March,1.0,588,415,681,450,6825
IMG_079,1,10,1880,1.0,699,415,774,450,6825
IMG_079,1,11,Aged,0.9997,180,567,252,602,6825
IMG_079,1,12,67,0.9997,270,567,306,602,6825
IMG_079,1,13,years.,0.9997,324,567,433,602,6825
IMG_079,1,14,He,0.9994,180,715,216,750,6825
IMG_079,1,15,was,0.9994,234,715,288,750,6825
IMG_079,1,16,known,0.9994,306,715,396,750,6825
IMG_079,1,17,throughout,0.9994,414,715,594,750,6825
IMG_079,1,18,the,0.9994,612,715,666,750,6825
IMG_079,1,19,parish,0.9994,684,715,792,750,6825
IMG_079,1,20,for,0.9994,810,715,864,750,6825
IMG_079,1,21,his,0.9994,882,715,936,750,6825
IMG_079,1,22,honest,0.9994,954,715,1062,750,6825
IMG_079,1,23,work,0.9994,1080,715,1152,750,6825
IMG_079,1,24,as,0.9994,1170,715,1206,750,6825
IMG_079,1,25,a,0.9994,1224,715,1242,750,6825
IMG_079,1,26,teacher,0.9994,1260,715,1386,750,6825
IMG_079,1,27,Peace,0.9999,177,865,267,900,6825
IMG_079,1,28,be,0.9999,285,865,321,900,6825
IMG_079,1,29,with,0.9999,339,865,411,900,6825
IMG_079,1,30,him.,0.9999,429,865,501,900,6825
IMG_079,1,31,Document.,0.966,177,2207,316,2242,6825
IMG_079,1,32,ID:,0.966,331,2207,377,2242,6825
IMG_079,1,33,IMG_079,0.966,392,2207,500,2242,6825
IMG_080,1,1,IN,0.9945,640,150,733,210,7097
IMG_080,1,2,MEMORIAM,0.9945,779,150,1153,210,7097
IMG_080,1,3,George,1.0,170,257,288,307,7097
IMG_080,1,4,Miller,1.0,307,257,425,307,7097
IMG_080,1,5,Died,0.9999,177,415,249,450,7097
IMG_080,1,6,at,0.9999,267,415,303,450,7097
IMG_080,1,7,"Yorkshire,",0.9999,321,415,502,450,7097
IMG_080,1,8,3,0.9999,520,415,538,450,7097
IMG_080,1,9,March,0.9999,556,415,646,450,7097
IMG_080,1,10,1891,0.9999,664,415,736,450,7097
IMG_080,1,11,Aged,0.9999,175,562,249,605,7097
IMG_080,1,12,67,0.9999,267,562,304,605,7097
IMG_080,1,13,years.,0.9999,322,562,433,605,7097
IMG_080,1,14,He,1.0,177,715,212,750,7097
IMG_080,1,15,was,1.0,229,715,282,750,7097
IMG_080,1,16,known,1.0,299,715,388,750,7097
IMG_080,1,17,throughout,1.0,405,715,583,750,7097
IMG_080,1,18,the,1.0,600,715,653,750,7097
IMG_080,1,19,parish,1.0,670,715,777,750,7097
IMG_080,1,20,for,1.0,794,715,847,750,7097
IMG_080,1,21,his,1.0,864,715,917,750,7097
IMG_080,1,22,honest,1.0,934,715,1041,750,7097
IMG_080,1,23,work,1.0,1058,715,1129,750,7097
IMG_080,1,24,as,1.0,1146,715,1181,750,7097
IMG_080,1,25,a,1.0,1198,715,1215,750,7097
IMG_080,1,26,teacher.,1.0,1232,715,1374,750,7097
IMG_080,1,27,Peace,1.0,175,865,265,900,7097
IMG_080,1,28,be,1.0,283,865,319,900,7097
IMG_080,1,29,with,1.0,337,865,409,900,7097
IMG_080,1,30,him.,1.0,427,865,499,900,7097
IMG_080,1,31,Document,0.9992,172,2207,304,2240,7097
IMG_080,1,32,ID:,0.9992,320,2207,369,2240,7097
IMG_080,1,33,IMG,0.9992,385,2207,434,2240,7097
IMG_080,1,34,080,0.9992,450,2207,499,2240,7097
IMG_081,1,1,CERTIFICATE,0.9686,465,160,919,202,7108
IMG_081,1,2,OF,0.9686,960,160,1042,202,7108
IMG_081,1,3,RECORD,0.9686,1083,160,1330,202,7108
IMG_081,1,4,This,0.9888,177,267,244,300,7108
IMG_081,1,5,is,0.9888,260,267,293,300,7108
IMG_081,1,6,to,0.9888,309,267,342,300,7108
IMG_081,1,7,certify,0.9888,358,267,475,300,7108
IMG_081,1,8,that,0.9888,491,267,558,300,7108
IMG_081,1,9,Eleanor,0.9888,574,267,691,300,7108
IMG_081,1,10,Smith,0.9888,707,267,790,300,7108
IMG_081,1,11,was,0.9876,175,415,228,447,7108
IMG_081,1,12,recorded,0.9876,245,415,388,447,7108
IMG_081,1,13,in,0.9876,405,415,440,447,7108
IMG_081,1,14,the,0.9876,457,415,510,447,7108
IMG_081,1,15,parish,0.9876,527,415,634,447,7108
IMG_081,1,16,of,0.9876,651,415,686,447,7108
IMG_081,1,17,Deyon,0.9876,703,415,792,447,7108
IMG_081,1,18,on,0.9999,180,567,216,602,7108
IMG_081,1,19,the,0.9999,234,567,288,602,7108
IMG_081,1,20,22nd,0.9999,306,567,378,602,7108
IMG_081,1,21,day,0.9999,396,567,450,602,7108
IMG_081,1,22,of,0.9999,468,567,504,602,7108
IMG_081,1,23,August,0.9999,522,567,630,602,7108
IMG_081,1,24,1912.,0.9999,648,567,738,602,7108
IMG_081,1,25,Occupation:,0.998,180,717,391,752,7108
IMG_081,1,26,merchant,0.998,410,717,564,752,7108
IMG_081,1,27,Entered,0.9999,177,860,289,905,7108
IMG_081,1,28,in,0.9999,305,860,337,905,7108
IMG_081,1,29,the,0.9999,353,860,401,905,7108
IMG_081,1,30,official,0.9999,417,860,545,905,7108
IMG_081,1,31,register.,0.9999,561,860,705,905,7108
IMG_081,1,32,Document,0.9716,172,2205,305,2242,7108
IMG_081,1,33,ID:,0.9716,321,2205,370,2242,7108
IMG_081,1,34,IMG,0.9716,386,2205,435,2242,7108
IMG_081,1,35,081,0.9716,451,2205,500,2242,7108
IMG_082,1,1,CERTIFICATE,0.9774,462,157,919,207,6767
IMG_082,1,2,OF,0.9774,960,157,1043,207,6767
IMG_082,1,3,RECORD,0.9774,1084,157,1333,207,6767
IMG_082,1,4,This,1.0,175,267,242,302,6767
IMG_082,1,5,is,1.0,258,267,291,302,6767
IMG_082,1,6,to,1.0,307,267,340,302,6767
IMG_082,1,7,certify,1.0,356,267,474,302,6767
IMG_082,1,8,that,1.0,490,267,557,302,6767
IMG_082,1,9,Margaret,1.0,573,267,708,302,6767
IMG_082,1,10,Lewis,1.0,724,267,808,302,6767
IMG_082,1,11,was,0.9885,177,415,229,450,6767
IMG_082,1,12,recorded,0.9885,246,415,387,450,6767
IMG_082,1,13,in,0.9885,404,415,439,450,6767
IMG_082,1,14,the,0.9885,456,415,508,450,6767
IMG_082,1,15,parish,0.9885,525,415,630,450,6767
IMG_082,1,16,of,0.9885,647,415,682,450,6767
IMG_082,1,17,Kent,0.9885,699,415,769,450,6767
IMG_082,1,18,on,1.0,175,560,211,605,6767
IMG_082,1,19,the,1.0,229,560,283,605,6767
IMG_082,1,20,22nd,1.0,301,560,374,605,6767
IMG_082,1,21,day,1.0,392,560,446,605,6767
IMG_082,1,22,of,1.0,464,560,500,605,6767
IMG_082,1,23,August,1.0,518,560,627,605,6767
IMG_082,1,24,1884.,1.0,645,560,736,605,6767
IMG_082,1,25,Occupation:,0.9927,180,717,376,752,6767
IMG_082,1,26,stationer,0.9927,393,717,553,752,6767
IMG_082,1,27,Entered,1.0,170,860,284,905,6767
IMG_082,1,28,in,1.0,300,860,332,905,6767
IMG_082,1,29,the,1.0,348,860,397,905,6767
IMG_082,1,30,official,1.0,413,860,543,905,6767
IMG_082,1,31,register.,1.0,559,860,706,905,6767
IMG_082,1,32,Document,0.9692,172,2205,306,2242,6767
IMG_082,1,33,ID:,0.9692,322,2205,372,2242,6767
IMG_082,1,34,IMG,0.9692,388,2205,438,2242,6767
IMG_082,1,35,082,0.9692,454,2205,504,2242,6767
IMG_083,1,1,CERTIFICATE,0.9995,460,150,919,207,8777
IMG_083,1,2,OF,0.9995,960,150,1043,207,8777
IMG_083,1,3,RECORD,0.9995,1084,150,1334,207,8777
IMG_083,1,4,This,1.0,175,265,242,300,8777
IMG_083,1,5,is,1.0,258,265,291,300,8777
IMG_083,1,6,to,1.0,307,265,340,300,8777
IMG_083,1,7,certify,1.0,356,265,474,300,8777
IMG_083,1,8,that,1.0,490,265,557,300,8777
IMG_083,1,9,Edward,1.0,573,265,674,300,8777
IMG_083,1,10,Harris,1.0,690,265,791,300,8777
IMG_083,1,11,was,0.9966,177,415,230,450,8777
IMG_083,1,12,recorded,0.9966,247,415,389,450,8777
IMG_083,1,13,in,0.9966,406,415,441,450,8777
IMG_083,1,14,the,0.9966,458,415,511,450,8777
IMG_083,1,15,parish,0.9966,528,415,634,450,8777
IMG_083,1,16,of,0.9966,651,415,686,450,8777
IMG_083,1,17,Lancashire,0.9966,703,415,880,450,8777
IMG_083,1,18,on,0.9995,180,565,216,600,8777
IMG_083,1,19,the,0.9995,234,565,288,600,8777
IMG_083,1,20,22nd,0.9995,306,565,378,600,8777
IMG_083,1,21,day,0.9995,396,565,450,600,8777
IMG_083,1,22,of,0.9995,468,565,504,600,8777
IMG_083,1,23,August,0.9995,522,565,630,600,8777
IMG_083,1,24,1898.,0.9995,648,565,738,600,8777
IMG_083,1,25,Occupation:,0.9994,175,712,374,755,8777
IMG_083,1,26,stationer,0.9994,392,712,554,755,8777
IMG_083,1,27,Entered,1.0,175,862,288,905,8777
IMG_083,1,28,in,1.0,304,862,336,905,8777
IMG_083,1,29,the,1.0,352,862,400,905,8777
IMG_083,1,30,official,1.0,416,862,545,905,8777
IMG_083,1,31,register.,1.0,561,862,706,905,8777
IMG_083,1,32,Document,0.9957,172,2207,304,2240,8777
IMG_083,1,33,ID:,0.9957,320,2207,369,2240,8777
IMG_083,1,34,IMG,0.9957,385,2207,434,2240,8777
IMG_083,1,35,083,0.9957,450,2207,499,2240,8777
IMG_084,1,1,CERTIFICATE,0.9853,462,155,919,205,8075
IMG_084,1,2,OF,0.9853,960,155,1043,205,8075
IMG_084,1,3,RECORD,0.9853,1084,155,1333,205,8075
IMG_084,1,4,This,1.0,172,265,240,300,8075
IMG_084,1,5,is,1.0,257,265,291,300,8075
IMG_084,1,6,to,1.0,308,265,342,300,8075
IMG_084,1,7,certify,1.0,359,265,478,300,8075
IMG_084,1,8,that,1.0,495,265,563,300,8075
IMG_084,1,9,Margaret,1.0,580,265,716,300,8075
IMG_084,1,10,Lewis,1.0,733,265,818,300,8075
IMG_084,1,11,was,0.9958,175,415,228,450,8075
IMG_084,1,12,recorded,0.9958,245,415,386,450,8075
IMG_084,1,13,in,0.9958,403,415,438,450,8075
IMG_084,1,14,the,0.9958,455,415,508,450,8075
IMG_084,1,15,parish,0.9958,525,415,631,450,8075
IMG_084,1,16,of,0.9958,648,415,683,450,8075
IMG_084,1,17,Kent,0.9958,700,415,770,450,8075
IMG_084,1,18,on,1.0,175,560,211,602,8075
IMG_084,1,19,the,1.0,229,560,283,602,8075
IMG_084,1,20,22nd,1.0,301,560,374,602,8075
IMG_084,1,21,day,1.0,392,560,446,602,8075
IMG_084,1,22,of,1.0,464,560,500,602,8075
IMG_084,1,23,August,1.0,518,560,627,602,8075
IMG_084,1,24,1906.,1.0,645,560,736,602,8075
IMG_084,1,25,Occupation:,0.9981,172,707,370,757,8075
IMG_084,1,26,tailor,0.9981,388,707,496,757,8075
IMG_084,1,27,Entered,0.9998,170,857,284,905,8075
IMG_084,1,28,in,0.9998,300,857,332,905,8075
IMG_084,1,29,the,0.9998,348,857,397,905,8075
IMG_084,1,30,official,0.9998,413,857,543,905,8075
IMG_084,1,31,register.,0.9998,559,857,706,905,8075
IMG_084,1,32,Document,0.9677,170,2200,306,2245,8075
IMG_084,1,33,ID:,0.9677,323,2200,374,2245,8075
IMG_084,1,34,IMG,0.9677,391,2200,442,2245,8075
IMG_084,1,35,084,0.9677,459,2200,510,2245,8075
IMG_085,1,1,CERTIFICATE,0.9995,427,140,884,222,7076
IMG_085,1,2,OF,0.9995,925,140,1008,222,7076
IMG_085,1,3,RECORD,0.9995,1049,140,1298,222,7076
IMG_085,1,4,This,0.9973,140,265,207,327,7076
IMG_085,1,5,is,0.9973,223,265,256,327,7076
IMG_085,1,6,to,0.9973,272,265,305,327,7076
IMG_085,1,7,certify,0.9973,321,265,438,327,7076
IMG_085,1,8,that,0.9973,454,265,521,327,7076
IMG_085,1,9,Arthur,0.9973,537,265,637,327,7076
IMG_085,1,10,Wilson,0.9973,653,265,753,327,7076
IMG_085,1,11,was,0.9995,145,412,200,480,7076
IMG_085,1,12,recorded,0.9995,218,412,365,480,7076
IMG_085,1,13,in,0.9995,383,412,419,480,7076
IMG_085,1,14,the,0.9995,437,412,492,480,7076
IMG_085,1,15,parish,0.9995,510,412,620,480,7076
IMG_085,1,16,of,0.9995,638,412,674,480,7076
IMG_085,1,17,Manchester,0.9995,692,412,875,480,7076
IMG_085,1,18,on,0.9981,150,567,186,630,7076
IMG_085,1,19,the,0.9981,204,567,259,630,7076
IMG_085,1,20,22nd,0.9981,277,567,350,630,7076
IMG_085,1,21,day,0.9981,368,567,423,630,7076
IMG_085,1,22,of,0.9981,441,567,477,630,7076
IMG_085,1,23,August,0.9981,495,567,605,630,7076
IMG_085,1,24,1927.,0.9981,623,567,715,630,7076
IMG_085,1,25,Occupation:,0.9926,155,727,368,780,7076
IMG_085,1,26,baker,0.9926,387,727,484,780,7076
IMG_085,1,27,Entered,1.0,160,870,273,927,7076
IMG_085,1,28,in,1.0,289,870,321,927,7076
IMG_085,1,29,the,1.0,337,870,385,927,7076
IMG_085,1,30,official,1.0,401,870,531,927,7076
IMG_085,1,31,register.,1.0,547,870,693,927,7076
IMG_085,1,32,Document,0.9827,210,2220,342,2265,7076
IMG_085,1,33,ID:,0.9827,358,2220,407,2265,7076
IMG_085,1,34,IMG,0.9827,423,2220,472,2265,7076
IMG_085,1,35,085,0.9827,488,2220,537,2265,7076
IMG_086,1,1,CERTIFICATE,0.9793,462,155,919,205,7407
IMG_086,1,2,OF,0.9793,960,155,1043,205,7407
IMG_086,1,3,RECORD,0.9793,1084,155,1333,205,7407
IMG_086,1,4,This,1.0,177,265,243,300,7407
IMG_086,1,5,is,1.0,259,265,292,300,7407
IMG_086,1,6,to,1.0,308,265,341,300,7407
IMG_086,1,7,certify,1.0,357,265,472,300,7407
IMG_086,1,8,that,1.0,488,265,554,300,7407
IMG_086,1,9,Arthur,1.0,570,265,669,300,7407
IMG_086,1,10,Wilson,1.0,685,265,784,300,7407
IMG_086,1,11,was,0.9942,177,415,228,450,7407
IMG_086,1,12,recorded,0.9942,245,415,381,450,7407
IMG_086,1,13,in,0.9942,398,415,432,450,7407
IMG_086,1,14,the,0.9942,449,415,500,450,7407
IMG_086,1,15,parish,0.9942,517,415,619,450,7407
IMG_086,1,16,of,0.9942,636,415,670,450,7407
IMG_086,1,17,Bristol,0.9942,687,415,806,450,7407
IMG_086,1,18,on,0.9944,177,562,213,605,7407
IMG_086,1,19,the,0.9944,231,562,285,605,7407
IMG_086,1,20,22nd,0.9944,303,562,376,605,7407
IMG_086,1,21,day,0.9944,394,562,448,605,7407
IMG_086,1,22,of,0.9944,466,562,502,605,7407
IMG_086,1,23,August,0.9944,520,562,629,605,7407
IMG_086,1,24,1899.,0.9944,647,562,738,605,7407
IMG_086,1,25,Occupation:,0.9896,177,712,376,755,7407
IMG_086,1,26,stationer,0.9896,394,712,556,755,7407
IMG_086,1,27,Entered,1.0,170,860,284,905,7407
IMG_086,1,28,in,1.0,300,860,332,905,7407
IMG_086,1,29,the,1.0,348,860,397,905,7407
IMG_086,1,30,official,1.0,413,860,543,905,7407
IMG_086,1,31,register.,1.0,559,860,706,905,7407
IMG_086,1,32,Document,0.9856,177,2207,308,2240,7407
IMG_086,1,33,ID:,0.9856,324,2207,373,2240,7407
IMG_086,1,34,IMG,0.9856,389,2207,438,2240,7407
IMG_086,1,35,086,0.9856,454,2207,503,2240,7407
IMG_087,1,1,CERTIFICATE,0.9837,465,160,918,202,7529
IMG_087,1,2,OF,0.9837,959,160,1041,202,7529
IMG_087,1,3,RECORD,0.9837,1082,160,1329,202,7529
IMG_087,1,4,This,1.0,177,267,243,300,7529
IMG_087,1,5,is,1.0,259,267,292,300,7529
IMG_087,1,6,to,1.0,308,267,341,300,7529
IMG_087,1,7,certify,1.0,357,267,473,300,7529
IMG_087,1,8,that,1.0,489,267,555,300,7529
IMG_087,1,9,Eleanor,1.0,571,267,687,300,7529
IMG_087,1,10,Smith,1.0,703,267,786,300,7529
IMG_087,1,11,was,0.9907,175,412,227,447,7529
IMG_087,1,12,recorded,0.9907,244,412,384,447,7529
IMG_087,1,13,in,0.9907,401,412,436,447,7529
IMG_087,1,14,the,0.9907,453,412,505,447,7529
IMG_087,1,15,parish,0.9907,522,412,627,447,7529
IMG_087,1,16,of,0.9907,644,412,679,447,7529
IMG_087,1,17,Norfolk,0.9907,696,412,818,447,7529
IMG_087,1,18,on,1.0,180,567,216,602,7529
IMG_087,1,19,the,1.0,234,567,288,602,7529
IMG_087,1,20,22nd,1.0,306,567,378,602,7529
IMG_087,1,21,day,1.0,396,567,450,602,7529
IMG_087,1,22,of,1.0,468,567,504,602,7529
IMG_087,1,23,August,1.0,522,567,630,602,7529
IMG_087,1,24,1916.,1.0,648,567,738,602,7529
IMG_087,1,25,Occupation:,0.9994,177,712,386,755,7529
IMG_087,1,26,baker,0.9994,405,712,500,755,7529
IMG_087,1,27,Entered,0.9999,177,860,289,905,7529
IMG_087,1,28,in,0.9999,305,860,337,905,7529
IMG_087,1,29,the,0.9999,353,860,401,905,7529
IMG_087,1,30,official,0.9999,417,860,545,905,7529
IMG_087,1,31,register.,0.9999,561,860,705,905,7529
IMG_087,1,32,Document.,0.957,177,2207,316,2242,7529
IMG_087,1,33,ID:,0.957,331,2207,377,2242,7529
IMG_087,1,34,IMG_087,0.957,392,2207,500,2242,7529
IMG_088,1,1,CERTIFICATE,0.9998,460,150,919,207,7112
IMG_088,1,2,OF,0.9998,960,150,1043,207,7112
IMG_088,1,3,RECORD,0.9998,1084,150,1334,207,7112
IMG_088,1,4,This,1.0,177,265,245,300,7112
IMG_088,1,5,is,1.0,262,265,296,300,7112
IMG_088,1,6,to,1.0,313,265,347,300,7112
IMG_088,1,7,certify,1.0,364,265,484,300,7112
IMG_088,1,8,that,1.0,501,265,569,300,7112
IMG_088,1,9,Thomas,1.0,586,265,689,300,7112
IMG_088,1,10,Bennett,1.0,706,265,826,300,7112
IMG_088,1,11,was,0.9906,175,415,229,450,7112
IMG_088,1,12,recorded,0.9906,247,415,392,450,7112
IMG_088,1,13,in,0.9906,410,415,446,450,7112
IMG_088,1,14,the,0.9906,464,415,518,450,7112
IMG_088,1,15,parish,0.9906,536,415,645,450,7112
IMG_088,1,16,of,0.9906,663,415,699,450,7112
IMG_088,1,17,Manchester,0.9906,717,415,898,450,7112
IMG_088,1,18,on,1.0,177,565,213,600,7112
IMG_088,1,19,the,1.0,231,565,285,600,7112
IMG_088,1,20,22nd,1.0,303,565,375,600,7112
IMG_088,1,21,day,1.0,393,565,447,600,7112
IMG_088,1,22,of,1.0,465,565,501,600,7112
IMG_088,1,23,August,1.0,519,565,627,600,7112
IMG_088,1,24,1880.,1.0,645,565,735,600,7112
IMG_088,1,25,Occupation:,0.998,175,712,375,755,7112
IMG_088,1,26,stationer,0.998,393,712,556,755,7112
IMG_088,1,27,Entered,1.0,175,862,288,905,7112
IMG_088,1,28,in,1.0,304,862,336,905,7112
IMG_088,1,29,the,1.0,352,862,400,905,7112
IMG_088,1,30,official,1.0,416,862,545,905,7112
IMG_088,1,31,register.,1.0,561,862,706,905,7112
IMG_088,1,32,Document,0.971,175,2207,307,2240,7112
IMG_088,1,33,ID:,0.971,323,2207,372,2240,7112
IMG_088,1,34,IMG,0.971,388,2207,437,2240,7112
IMG_088,1,35,088,0.971,453,2207,502,2240,7112
IMG_089,1,1,CERTIFICATE,0.9686,465,160,919,202,7113
IMG_089,1,2,OF,0.9686,960,160,1042,202,7113
IMG_089,1,3,RECORD,0.9686,1083,160,1330,202,7113
IMG_089,1,4,This,1.0,175,267,241,300,7113
IMG_089,1,5,is,1.0,257,267,290,300,7113
IMG_089,1,6,to,1.0,306,267,339,300,7113
IMG_089,1,7,certify,1.0,355,267,470,300,7113
IMG_089,1,8,that,1.0,486,267,552,300,7113
IMG_089,1,9,George,1.0,568,267,667,300,7113
IMG_089,1,10,Miller,1.0,683,267,782,300,7113
IMG_089,1,11,was,1.0,177,417,229,450,7113
IMG_089,1,12,recorded,1.0,246,417,387,450,7113
IMG_089,1,13,in,1.0,404,417,439,450,7113
IMG_089,1,14,the,1.0,456,417,508,450,7113
IMG_089,1,15,parish,1.0,525,417,630,450,7113
IMG_089,1,16,of,1.0,647,417,682,450,7113
IMG_089,1,17,Kent,1.0,699,417,769,450,7113
IMG_089,1,18,on,0.9999,180,567,216,602,7113
IMG_089,1,19,the,0.9999,234,567,288,602,7113
IMG_089,1,20,22nd,0.9999,306,567,378,602,7113
IMG_089,1,21,day,0.9999,396,567,450,602,7113
IMG_089,1,22,of,0.9999,468,567,504,602,7113
IMG_089,1,23,August,0.9999,522,567,630,602,7113
IMG_089,1,24,1903.,0.9999,648,567,738,602,7113
IMG_089,1,25,Occupation:,0.9987,180,717,376,752,7113
IMG_089,1,26,stationer,0.9987,393,717,553,752,7113
IMG_089,1,27,Entered,0.9999,177,860,289,905,7113
IMG_089,1,28,in,0.9999,305,860,337,905,7113
IMG_089,1,29,the,0.9999,353,860,401,905,7113
IMG_089,1,30,official,0.9999,417,860,545,905,7113
IMG_089,1,31,register.,0.9999,561,860,705,905,7113
IMG_089,1,32,Document,0.9761,172,2205,305,2242,7113
IMG_089,1,33,ID:,0.9761,321,2205,370,2242,7113
IMG_089,1,34,IMG,0.9761,386,2205,435,2242,7113
IMG_089,1,35,089,0.9761,451,2205,500,2242,7113
IMG_090,1,1,CERTIFICATE,0.9996,460,152,918,207,6988
IMG_090,1,2,OF,0.9996,959,152,1042,207,6988
IMG_090,1,3,RECORD,0.9996,1083,152,1333,207,6988
IMG_090,1,4,This,0.9896,177,267,243,302,6988
IMG_090,1,5,is,0.9896,259,267,292,302,6988
IMG_090,1,6,to,0.9896,308,267,341,302,6988
IMG_090,1,7,certify,0.9896,357,267,474,302,6988
IMG_090,1,8,that,0.9896,490,267,556,302,6988
IMG_090,1,9,Henry,0.9896,572,267,655,302,6988
IMG_090,1,10,Davis,0.9896,671,267,754,302,6988
IMG_090,1,11,was,0.9886,175,412,229,447,6988
IMG_090,1,12,recorded,0.9886,247,412,393,447,6988
IMG_090,1,13,in,0.9886,411,412,447,447,6988
IMG_090,1,14,the,0.9886,465,412,519,447,6988
IMG_090,1,15,parish,0.9886,537,412,646,447,6988
IMG_090,1,16,of,0.9886,664,412,700,447,6988
IMG_090,1,17,Durham,0.9886,718,412,827,447,6988
IMG_090,1,18,on,0.9947,180,567,216,602,6988
IMG_090,1,19,the,0.9947,234,567,288,602,6988
IMG_090,1,20,22nd,0.9947,306,567,378,602,6988
IMG_090,1,21,day,0.9947,396,567,450,602,6988
IMG_090,1,22,of,0.9947,468,567,504,602,6988
IMG_090,1,23,August,0.9947,522,567,630,602,6988
IMG_090,1,24,1911.,0.9947,648,567,738,602,6988
IMG_090,1,25,Occupation:,0.9928,177,712,369,755,6988
IMG_090,1,26,tailor,0.9928,386,712,491,755,6988
IMG_090,1,27,Entered,1.0,170,860,284,905,6988
IMG_090,1,28,in,1.0,300,860,332,905,6988
IMG_090,1,29,the,1.0,348,860,397,905,6988
IMG_090,1,30,official,1.0,413,860,543,905,6988
IMG_090,1,31,register.,1.0,559,860,706,905,6988
IMG_090,1,32,Document,0.9715,172,2205,306,2242,6988
IMG_090,1,33,ID:,0.9715,322,2205,372,2242,6988
IMG_090,1,34,IMG,0.9715,388,2205,438,2242,6988
IMG_090,1,35,090,0.9715,454,2205,504,2242,6988
IMG_091,1,1,PUBLIC,0.9748,492,147,735,210,7772
IMG_091,1,2,NOTICE,0.9748,775,147,1018,210,7772
IMG_091,1,3,—,0.9748,1058,147,1098,210,7772
IMG_091,1,4,1882,0.9748,1138,147,1300,210,7772
IMG_091,1,5,Notice,1.0,177,265,279,300,7772
IMG_091,1,6,is,1.0,296,265,330,300,7772
IMG_091,1,7,hereby,1.0,347,265,449,300,7772
IMG_091,1,8,given,1.0,466,265,551,300,7772
IMG_091,1,9,to,1.0,568,265,602,300,7772
IMG_091,1,10,residents,1.0,619,265,772,300,7772
IMG_091,1,11,of,1.0,789,265,823,300,7772
IMG_091,1,12,Norfolk.,1.0,840,265,976,300,7772
IMG_091,1,13,A,1.0,175,412,191,455,7772
IMG_091,1,14,public,1.0,207,412,307,455,7772
IMG_091,1,15,meeting,1.0,323,412,440,455,7772
IMG_091,1,16,will,1.0,456,412,523,455,7772
IMG_091,1,17,be,1.0,539,412,572,455,7772
IMG_091,1,18,held,1.0,588,412,655,455,7772
IMG_091,1,19,at,1.0,671,412,704,455,7772
IMG_091,1,20,the,1.0,720,412,770,455,7772
IMG_091,1,21,parish,1.0,786,412,886,455,7772
IMG_091,1,22,hall.,1.0,902,412,985,455,7772
IMG_091,1,23,All,0.999,177,562,230,605,7772
IMG_091,1,24,persons,0.999,247,562,370,605,7772
IMG_091,1,25,concerned,0.999,387,562,546,605,7772
IMG_091,1,26,are,0.999,563,562,616,605,7772
IMG_091,1,27,requested,0.999,633,562,792,605,7772
IMG_091,1,28,to,0.999,809,562,844,605,7772
IMG_091,1,29,attend.,0.999,861,562,984,605,7772
IMG_091,1,30,Signed:,0.9987,177,712,302,755,7772
IMG_091,1,31,Eleanor,0.9987,319,712,444,755,7772
IMG_091,1,32,"Smith,",0.9987,461,712,568,755,7772
IMG_091,1,33,Parish,0.9987,585,712,692,755,7772
IMG_091,1,34,Clerk,0.9987,709,712,798,755,7772
IMG_091,1,35,Document.,0.9671,177,2207,316,2240,7772
IMG_091,1,36,ID:,0.9671,331,2207,377,2240,7772
IMG_091,1,37,IMG,0.9671,392,2207,438,2240,7772
IMG_091,1,38,091,0.9671,453,2207,499,2240,7772
IMG_092,1,1,PUBLIC,0.966,492,150,734,210,8181
IMG_092,1,2,NOTICE,0.966,774,150,1016,210,8181
IMG_092,1,3,–,0.966,1056,150,1096,210,8181
IMG_092,1,4,1911,0.966,1136,150,1297,210,8181
IMG_092,1,5,Notice,0.9975,175,265,279,300,8181
IMG_092,1,6,is,0.9975,296,265,330,300,8181
IMG_092,1,7,hereby,0.9975,347,265,451,300,8181
IMG_092,1,8,given,0.9975,468,265,555,300,8181
IMG_092,1,9,to,0.9975,572,265,606,300,8181
IMG_092,1,10,residents,0.9975,623,265,779,300,8181
IMG_092,1,11,of,0.9975,796,265,830,300,8181
IMG_092,1,12,Manchester.,0.9975,847,265,1038,300,8181
IMG_092,1,13,A,1.0,172,407,188,455,8181
IMG_092,1,14,public,1.0,204,407,305,455,8181
IMG_092,1,15,meeting,1.0,321,407,439,455,8181
IMG_092,1,16,will,1.0,455,407,522,455,8181
IMG_092,1,17,be,1.0,538,407,571,455,8181
IMG_092,1,18,held,1.0,587,407,654,455,8181
IMG_092,1,19,at,1.0,670,407,703,455,8181
IMG_092,1,20,the,1.0,719,407,769,455,8181
IMG_092,1,21,parish,1.0,785,407,886,455,8181
IMG_092,1,22,hall.,1.0,902,407,986,455,8181
IMG_092,1,23,All,0.9999,175,562,228,605,8181
IMG_092,1,24,persons,0.9999,245,562,369,605,8181
IMG_092,1,25,concerned,0.9999,386,562,546,605,8181
IMG_092,1,26,are,0.9999,563,562,616,605,8181
IMG_092,1,27,requested,0.9999,633,562,793,605,8181
IMG_092,1,28,to,0.9999,810,562,845,605,8181
IMG_092,1,29,attend.,0.9999,862,562,986,605,8181
IMG_092,1,30,Signed:,1.0,175,707,300,755,8181
IMG_092,1,31,Clara,1.0,317,707,406,755,8181
IMG_092,1,32,"Johnson,",1.0,423,707,566,755,8181
IMG_092,1,33,Parish,1.0,583,707,690,755,8181
IMG_092,1,34,Clerk,1.0,707,707,796,755,8181
IMG_092,1,35,Document,0.9645,170,2200,306,2245,8181
IMG_092,1,36,ID:,0.9645,323,2200,374,2245,8181
IMG_092,1,37,IMG,0.9645,391,2200,442,2245,8181
IMG_092,1,38,092,0.9645,459,2200,510,2245,8181
IMG_093,1,1,PUBLIC,0.9752,457,137,700,222,6989
IMG_093,1,2,NOTICE,0.9752,740,137,983,222,6989
IMG_093,1,3,–,0.9752,1023,137,1063,222,6989
IMG_093,1,4,1884,0.9752,1103,137,1265,222,6989
IMG_093,1,5,Notice,1.0,140,260,244,327,6989
IMG_093,1,6,is,1.0,261,260,295,327,6989
IMG_093,1,7,hereby,1.0,312,260,416,327,6989
IMG_093,1,8,given,1.0,433,260,520,327,6989
IMG_093,1,9,to,1.0,537,260,571,327,6989
IMG_093,1,10,residents,1.0,588,260,745,327,6989
IMG_093,1,11,of,1.0,762,260,796,327,6989
IMG_093,1,12,Devon.,1.0,813,260,917,327,6989
IMG_093,1,13,A,1.0,145,407,161,480,6989
IMG_093,1,14,public,1.0,177,407,278,480,6989
IMG_093,1,15,meeting,1.0,294,407,412,480,6989
IMG_093,1,16,will,1.0,428,407,495,480,6989
IMG_093,1,17,be,1.0,511,407,544,480,6989
IMG_093,1,18,held,1.0,560,407,627,480,6989
IMG_093,1,19,at,1.0,643,407,676,480,6989
IMG_093,1,20,the,1.0,692,407,742,480,6989
IMG_093,1,21,parish,1.0,758,407,859,480,6989
IMG_093,1,22,hall.,1.0,875,407,959,480,6989
IMG_093,1,23,All,0.9959,150,560,203,630,6989
IMG_093,1,24,persons,0.9959,220,560,344,630,6989
IMG_093,1,25,concerned,0.9959,361,560,521,630,6989
IMG_093,1,26,are,0.9959,538,560,591,630,6989
IMG_093,1,27,requested,0.9959,608,560,768,630,6989
IMG_093,1,28,to,0.9959,785,560,820,630,6989
IMG_093,1,29,attend.,0.9959,837,560,961,630,6989
IMG_093,1,30,Signed:,1.0,157,715,282,777,6989
IMG_093,1,31,Arthur,1.0,299,715,406,777,6989
IMG_093,1,32,"Wilson,",1.0,423,715,548,777,6989
IMG_093,1,33,Parish,1.0,565,715,672,777,6989
IMG_093,1,34,Clerk,1.0,689,715,778,777,6989
IMG_093,1,35,Document,0.9858,210,2220,342,2265,6989
IMG_093,1,36,ID:,0.9858,358,2220,407,2265,6989
IMG_093,1,37,IMG,0.9858,423,2220,472,2265,6989
IMG_093,1,38,093,0.9858,488,2220,537,2265,6989
IMG_094,1,1,PUBLIC,0.9733,492,152,734,207,7547
IMG_094,1,2,NOTICE,0.9733,774,152,1016,207,7547
IMG_094,1,3,—,0.9733,1056,152,1096,207,7547
IMG_094,1,4,1885,0.9733,1136,152,1297,207,7547
IMG_094,1,5,Notice,1.0,177,265,277,300,7547
IMG_094,1,6,is,1.0,293,265,326,300,7547
IMG_094,1,7,hereby,1.0,342,265,442,300,7547
IMG_094,1,8,given,1.0,458,265,541,300,7547
IMG_094,1,9,to,1.0,557,265,590,300,7547
IMG_094,1,10,residents,1.0,606,265,756,300,7547
IMG_094,1,11,of,1.0,772,265,805,300,7547
IMG_094,1,12,Bristol.,1.0,821,265,954,300,7547
IMG_094,1,13,A,0.9999,172,410,188,455,7547
IMG_094,1,14,public,0.9999,204,410,305,455,7547
IMG_094,1,15,meeting,0.9999,321,410,439,455,7547
IMG_094,1,16,will,0.9999,455,410,522,455,7547
IMG_094,1,17,be,0.9999,538,410,571,455,7547
IMG_094,1,18,held,0.9999,587,410,654,455,7547
IMG_094,1,19,at,0.9999,670,410,703,455,7547
IMG_094,1,20,the,0.9999,719,410,769,455,7547
IMG_094,1,21,parish,0.9999,785,410,886,455,7547
IMG_094,1,22,hall.,0.9999,902,410,986,455,7547
IMG_094,1,23,All,0.9976,175,560,228,605,7547
IMG_094,1,24,persons,0.9976,245,560,369,605,7547
IMG_094,1,25,concerned,0.9976,386,560,545,605,7547
IMG_094,1,26,are,0.9976,562,560,615,605,7547
IMG_094,1,27,requested,0.9976,632,560,791,605,7547
IMG_094,1,28,to,0.9976,808,560,843,605,7547
IMG_094,1,29,attend.,0.9976,860,560,984,605,7547
IMG_094,1,30,Signed:,0.9907,177,712,302,755,7547
IMG_094,1,31,Clara,0.9907,319,712,408,755,7547
IMG_094,1,32,"Johnson,",0.9907,425,712,567,755,7547
IMG_094,1,33,Parish,0.9907,584,712,691,755,7547
IMG_094,1,34,Clerk,0.9907,708,712,797,755,7547
IMG_094,1,35,Documenl.,0.9403,177,2207,317,2242,7547
IMG_094,1,36,ID:,0.9403,332,2207,378,2242,7547
IMG_094,1,37,IMG_094,0.9403,393,2207,502,2242,7547
IMG_095,1,1,PUBLIC,0.9742,497,160,737,202,7618
IMG_095,1,2,NOTICE,0.9742,777,160,1017,202,7618
IMG_095,1,3,—,0.9742,1057,160,1097,202,7618
IMG_095,1,4,1884,0.9742,1137,160,1297,202,7618
IMG_095,1,5,Notice,1.0,177,265,276,300,7618
IMG_095,1,6,is,1.0,292,265,325,300,7618
IMG_095,1,7,hereby,1.0,341,265,440,300,7618
IMG_095,1,8,given,1.0,456,265,539,300,7618
IMG_095,1,9,to,1.0,555,265,588,300,7618
IMG_095,1,10,residents,1.0,604,265,753,300,7618
IMG_095,1,11,of,1.0,769,265,802,300,7618
IMG_095,1,12,Bristol.,1.0,818,265,951,300,7618
IMG_095,1,13,A,0.9984,180,415,196,450,7618
IMG_095,1,14,public,0.9984,212,415,311,450,7618
IMG_095,1,15,meeting,0.9984,327,415,443,450,7618
IMG_095,1,16,will,0.9984,459,415,525,450,7618
IMG_095,1,17,be,0.9984,541,415,574,450,7618
IMG_095,1,18,held,0.9984,590,415,656,450,7618
IMG_095,1,19,at,0.9984,672,415,705,450,7618
IMG_095,1,20,the,0.9984,721,415,770,450,7618
IMG_095,1,21,parish,0.9984,786,415,885,450,7618
IMG_095,1,22,hall.,0.9984,901,415,984,450,7618
IMG_095,1,23,All,0.9915,180,567,232,602,7618
IMG_095,1,24,persons,0.9915,249,567,372,602,7618
IMG_095,1,25,concerned,0.9915,389,567,547,602,7618
IMG_095,1,26,are,0.9915,564,567,616,602,7618
IMG_095,1,27,requested,0.9915,633,567,791,602,7618
IMG_095,1,28,to,0.9915,808,567,843,602,7618
IMG_095,1,29,attend.,0.9915,860,567,983,602,7618
IMG_095,1,30,Signed:,1.0,180,710,306,755,7618
IMG_095,1,31,Florence,1.0,324,710,468,755,7618
IMG_095,1,32,"Brown,",1.0,486,710,594,755,7618
IMG_095,1,33,Parish,1.0,612,710,720,755,7618
IMG_095,1,34,Clerk,1.0,738,710,828,755,7618
IMG_095,1,35,Document,0.9803,172,2205,305,2242,7618
IMG_095,1,36,ID:,0.9803,321,2205,370,2242,7618
IMG_095,1,37,IMG,0.9803,386,2205,435,2242,7618
IMG_095,1,38,095,0.9803,451,2205,500,2242,7618
IMG_096,1,1,PUBLIC,0.9748,492,150,735,207,7839
IMG_096,1,2,NOTICE,0.9748,775,150,1018,207,7839
IMG_096,1,3,—,0.9748,1058,150,1098,207,7839
IMG_096,1,4,1889,0.9748,1138,150,1300,207,7839
IMG_096,1,5,Notice,0.9874,177,265,281,300,7839
IMG_096,1,6,is,0.9874,298,265,332,300,7839
IMG_096,1,7,hereby,0.9874,349,265,453,300,7839
IMG_096,1,8,given,0.9874,470,265,557,300,7839
IMG_096,1,9,to,0.9874,574,265,608,300,7839
IMG_096,1,10,residents,0.9874,625,265,781,300,7839
IMG_096,1,11,of,0.9874,798,265,832,300,7839
IMG_096,1,12,Manchester.,0.9874,849,265,1040,300,7839
IMG_096,1,13,A,0.9913,177,412,193,455,7839
IMG_096,1,14,public,0.9913,209,412,309,455,7839
IMG_096,1,15,meeting,0.9913,325,412,442,455,7839
IMG_096,1,16,will,0.9913,458,412,524,455,7839
IMG_096,1,17,be,0.9913,540,412,573,455,7839
IMG_096,1,18,held,0.9913,589,412,655,455,7839
IMG_096,1,19,at,0.9913,671,412,704,455,7839
IMG_096,1,20,the,0.9913,720,412,770,455,7839
IMG_096,1,21,parish,0.9913,786,412,886,455,7839
IMG_096,1,22,hall.,0.9913,902,412,985,455,7839
IMG_096,1,23,All,0.9944,180,565,233,600,7839
IMG_096,1,24,persons,0.9944,250,565,375,600,7839
IMG_096,1,25,concerned,0.9944,392,565,553,600,7839
IMG_096,1,26,are,0.9944,570,565,623,600,7839
IMG_096,1,27,requested,0.9944,640,565,801,600,7839
IMG_096,1,28,to,0.9944,818,565,853,600,7839
IMG_096,1,29,attend,0.9944,870,565,977,600,7839
IMG_096,1,30,Signed:,0.9907,177,712,304,755,7839
IMG_096,1,31,Margaret,0.9907,322,712,467,755,7839
IMG_096,1,32,"Lewis,",0.9907,485,712,594,755,7839
IMG_096,1,33,Parish,0.9907,612,712,721,755,7839
IMG_096,1,34,Clerk,0.9907,739,712,829,755,7839
IMG_096,1,35,Document,0.9912,177,2207,308,2240,7839
IMG_096,1,36,ID:,0.9912,324,2207,373,2240,7839
IMG_096,1,37,IMG,0.9912,389,2207,438,2240,7839
IMG_096,1,38,096,0.9912,454,2207,503,2240,7839
IMG_097,1,1,PUBLIC,0.9667,497,160,737,202,8370
IMG_097,1,2,NOTICE,0.9667,777,160,1017,202,8370
IMG_097,1,3,—,0.9667,1057,160,1097,202,8370
IMG_097,1,4,1908,0.9667,1137,160,1297,202,8370
IMG_097,1,5,Notice,0.9992,177,267,282,300,8370
IMG_097,1,6,is,0.9992,299,267,334,300,8370
IMG_097,1,7,hereby,0.9992,351,267,456,300,8370
IMG_097,1,8,given,0.9992,473,267,561,300,8370
IMG_097,1,9,to,0.9992,578,267,613,300,8370
IMG_097,1,10,residents,0.9992,630,267,788,300,8370
IMG_097,1,11,of,0.9992,805,267,840,300,8370
IMG_097,1,12,Durham.,0.9992,857,267,980,300,8370
IMG_097,1,13,A,1.0,170,410,186,455,8370
IMG_097,1,14,public,1.0,202,410,303,455,8370
IMG_097,1,15,meeting,1.0,319,410,437,455,8370
IMG_097,1,16,will,1.0,453,410,520,455,8370
IMG_097,1,17,be,1.0,536,410,569,455,8370
IMG_097,1,18,held,1.0,585,410,652,455,8370
IMG_097,1,19,at,1.0,668,410,701,455,8370
IMG_097,1,20,the,1.0,717,410,767,455,8370
IMG_097,1,21,parish,1.0,783,410,884,455,8370
IMG_097,1,22,hall.,1.0,900,410,984,455,8370
IMG_097,1,23,All,0.999,180,567,232,602,8370
IMG_097,1,24,persons,0.999,249,567,372,602,8370
IMG_097,1,25,concerned,0.999,389,567,547,602,8370
IMG_097,1,26,are,0.999,564,567,616,602,8370
IMG_097,1,27,requested,0.999,633,567,791,602,8370
IMG_097,1,28,to,0.999,808,567,843,602,8370
IMG_097,1,29,attend.,0.999,860,567,983,602,8370
IMG_097,1,30,Signed:,0.9914,177,710,304,755,8370
IMG_097,1,31,Margaret,0.9914,322,710,467,755,8370
IMG_097,1,32,"Lewis,",0.9914,485,710,594,755,8370
IMG_097,1,33,Parish,0.9914,612,710,721,755,8370
IMG_097,1,34,Clerk,0.9914,739,710,829,755,8370
IMG_097,1,35,Document,0.9742,172,2205,305,2242,8370
IMG_097,1,36,ID:,0.9742,321,2205,370,2242,8370
IMG_097,1,37,IMG,0.9742,386,2205,435,2242,8370
IMG_097,1,38,097,0.9742,451,2205,500,2242,8370
IMG_098,1,1,PUBLIC,0.9744,492,152,734,207,7672
IMG_098,1,2,NOTICE,0.9744,774,152,1016,207,7672
IMG_098,1,3,—,0.9744,1056,152,1096,207,7672
IMG_098,1,4,1883,0.9744,1136,152,1297,207,7672
IMG_098,1,5,Notice,0.9955,177,265,281,300,7672
IMG_098,1,6,is,0.9955,298,265,332,300,7672
IMG_098,1,7,hereby,0.9955,349,265,453,300,7672
IMG_098,1,8,given,0.9955,470,265,556,300,7672
IMG_098,1,9,to,0.9955,573,265,607,300,7672
IMG_098,1,10,residents,0.9955,624,265,780,300,7672
IMG_098,1,11,of,0.9955,797,265,831,300,7672
IMG_098,1,12,London.,0.9955,848,265,969,300,7672
IMG_098,1,13,A,0.9999,170,410,186,455,7672
IMG_098,1,14,public,0.9999,202,410,303,455,7672
IMG_098,1,15,meeting,0.9999,319,410,437,455,7672
IMG_098,1,16,will,0.9999,453,410,520,455,7672
IMG_098,1,17,be,0.9999,536,410,569,455,7672
IMG_098,1,18,held,0.9999,585,410,652,455,7672
IMG_098,1,19,at,0.9999,668,410,701,455,7672
IMG_098,1,20,the,0.9999,717,410,767,455,7672
IMG_098,1,21,parish,0.9999,783,410,884,455,7672
IMG_098,1,22,hall.,0.9999,900,410,984,455,7672
IMG_098,1,23,All,0.9972,175,560,228,605,7672
IMG_098,1,24,persons,0.9972,245,560,369,605,7672
IMG_098,1,25,concerned,0.9972,386,560,545,605,7672
IMG_098,1,26,are,0.9972,562,560,615,605,7672
IMG_098,1,27,requested,0.9972,632,560,791,605,7672
IMG_098,1,28,to,0.9972,808,560,843,605,7672
IMG_098,1,29,attend.,0.9972,860,560,984,605,7672
IMG_098,1,30,Signed:,0.9997,177,712,301,755,7672
IMG_098,1,31,Arthur,0.9997,318,712,424,755,7672
IMG_098,1,32,"Wilson,",0.9997,441,712,565,755,7672
IMG_098,1,33,Parish,0.9997,582,712,688,755,7672
IMG_098,1,34,Clerk,0.9997,705,712,794,755,7672
IMG_098,1,35,Document,0.9545,172,2205,306,2242,7672
IMG_098,1,36,ID:,0.9545,322,2205,372,2242,7672
IMG_098,1,37,IMG,0.9545,388,2205,438,2242,7672
IMG_098,1,38,098,0.9545,454,2205,504,2242,7672
IMG_099,1,1,PUBLIC,0.9714,495,150,737,207,7760
IMG_099,1,2,NOTICE,0.9714,777,150,1019,207,7760
IMG_099,1,3,—,0.9714,1059,150,1099,207,7760
IMG_099,1,4,1900,0.9714,1139,150,1300,207,7760
IMG_099,1,5,Notice,0.9926,177,265,282,300,7760
IMG_099,1,6,is,0.9926,299,265,334,300,7760
IMG_099,1,7,hereby,0.9926,351,265,456,300,7760
IMG_099,1,8,given,0.9926,473,265,560,300,7760
IMG_099,1,9,to,0.9926,577,265,612,300,7760
IMG_099,1,10,residents,0.9926,629,265,787,300,7760
IMG_099,1,11,of,0.9926,804,265,839,300,7760
IMG_099,1,12,Durham.,0.9926,856,265,978,300,7760
IMG_099,1,13,A,0.9973,177,412,193,455,7760
IMG_099,1,14,public,0.9973,209,412,309,455,7760
IMG_099,1,15,meeting,0.9973,325,412,442,455,7760
IMG_099,1,16,will,0.9973,458,412,524,455,7760
IMG_099,1,17,be,0.9973,540,412,573,455,7760
IMG_099,1,18,held,0.9973,589,412,655,455,7760
IMG_099,1,19,at,0.9973,671,412,704,455,7760
IMG_099,1,20,the,0.9973,720,412,770,455,7760
IMG_099,1,21,parish,0.9973,786,412,886,455,7760
IMG_099,1,22,hall.,0.9973,902,412,985,455,7760
IMG_099,1,23,All,0.9994,177,562,230,605,7760
IMG_099,1,24,persons,0.9994,247,562,370,605,7760
IMG_099,1,25,concerned,0.9994,387,562,546,605,7760
IMG_099,1,26,are,0.9994,563,562,616,605,7760
IMG_099,1,27,requested,0.9994,633,562,792,605,7760
IMG_099,1,28,to,0.9994,809,562,844,605,7760
IMG_099,1,29,attend.,0.9994,861,562,984,605,7760
IMG_099,1,30,Signed:,0.9967,175,710,301,752,7760
IMG_099,1,31,Henry,0.9967,319,710,409,752,7760
IMG_099,1,32,"Davis,",0.9967,427,710,535,752,7760
IMG_099,1,33,Parish,0.9967,553,710,661,752,7760
IMG_099,1,34,Clerk,0.9967,679,710,769,752,7760
IMG_099,1,35,Document,0.9698,177,2207,308,2240,7760
IMG_099,1,36,ID:,0.9698,324,2207,373,2240,7760
IMG_099,1,37,IMG,0.9698,389,2207,438,2240,7760
IMG_099,1,38,099,0.9698,454,2207,503,2240,7760
IMG_100,1,1,PUBLIC,0.9525,490,147,733,210,7750
IMG_100,1,2,NOTICE,0.9525,773,147,1016,210,7750
IMG_100,1,3,—,0.9525,1056,147,1096,210,7750
IMG_100,1,4,1908,0.9525,1136,147,1298,210,7750
IMG_100,1,5,Notice,1.0,175,265,278,300,7750
IMG_100,1,6,is,1.0,295,265,329,300,7750
IMG_100,1,7,hereby,1.0,346,265,449,300,7750
IMG_100,1,8,given,1.0,466,265,552,300,7750
IMG_100,1,9,to,1.0,569,265,603,300,7750
IMG_100,1,10,residents,1.0,620,265,774,300,7750
IMG_100,1,11,of,1.0,791,265,825,300,7750
IMG_100,1,12,Lancashire.,1.0,842,265,1031,300,7750
IMG_100,1,13,A,1.0,172,407,188,455,7750
IMG_100,1,14,public,1.0,204,407,305,455,7750
IMG_100,1,15,meeting,1.0,321,407,439,455,7750
IMG_100,1,16,will,1.0,455,407,522,455,7750
IMG_100,1,17,be,1.0,538,407,571,455,7750
IMG_100,1,18,held,1.0,587,407,654,455,7750
IMG_100,1,19,at,1.0,670,407,703,455,7750
IMG_100,1,20,the,1.0,719,407,769,455,7750
IMG_100,1,21,parish,1.0,785,407,886,455,7750
IMG_100,1,22,hall.,1.0,902,407,986,455,7750
IMG_100,1,23,All,0.9999,175,562,228,605,7750
IMG_100,1,24,persons,0.9999,245,562,369,605,7750
IMG_100,1,25,concerned,0.9999,386,562,546,605,7750
IMG_100,1,26,are,0.9999,563,562,616,605,7750
IMG_100,1,27,requested,0.9999,633,562,793,605,7750
IMG_100,1,28,to,0.9999,810,562,845,605,7750
IMG_100,1,29,attend.,0.9999,862,562,986,605,7750
IMG_100,1,30,Signed:,1.0,175,707,304,757,7750
IMG_100,1,31,Florence,1.0,322,707,469,757,7750
IMG_100,1,32,"Brown,",1.0,487,707,597,757,7750
IMG_100,1,33,Parish,1.0,615,707,725,757,7750
IMG_100,1,34,Clerk,1.0,743,707,835,757,7750
IMG_100,1,35,Document,0.9576,170,2200,306,2245,7750
IMG_100,1,36,ID:,0.9576,323,2200,374,2245,7750
IMG_100,1,37,IMG,0.9576,391,2200,442,2245,7750
IMG_100,1,38,100,0.9576,459,2200,510,2245,7750
