image_id,line_id,word_id,recognized_text,confidence,x_min,y_min,x_max,y_max,processing_time_ms
IMG_001,1,1,LETTER,0.96,631,163,890,205,559
IMG_001,1,2,NO.,0.96,912,162,1026,206,559
IMG_001,1,3,001,0.95,1053,162,1166,206,559
IMG_001,1,4,Dear,0.96,182,272,264,297,559
IMG_001,1,5,Margaret,0.96,277,272,437,304,559
IMG_001,1,6,"Lewis,",0.96,451,271,557,301,559
IMG_001,1,7,I,0.96,182,422,192,447,559
IMG_001,1,8,write,0.95,204,421,292,447,559
IMG_001,1,9,to,0.96,306,424,338,447,559
IMG_001,1,10,you,0.96,350,429,411,454,559
IMG_001,1,11,from,0.96,423,421,503,447,559
IMG_001,1,12,Yorkshire,0.96,515,421,676,447,559
IMG_001,1,13,on,0.96,691,429,730,447,559
IMG_001,1,14,the,0.96,743,421,796,447,559
IMG_001,1,15,14th,0.96,813,421,887,447,559
IMG_001,1,16,day,0.96,900,421,959,454,559
IMG_001,1,17,of,0.96,972,421,1006,447,559
IMG_001,1,18,October,0.96,1016,421,1153,447,559
IMG_001,1,19,1920.,0.96,1168,422,1259,447,559
IMG_001,1,20,The,0.96,180,571,243,597,559
IMG_001,1,21,goods,0.95,258,571,356,604,559
IMG_001,1,22,arrived,0.96,370,571,492,597,559
IMG_001,1,23,safely,0.96,506,571,604,604,559
IMG_001,1,24,and,0.95,617,571,678,597,559
IMG_001,1,25,the,0.95,691,571,743,597,559
IMG_001,1,26,account,0.96,758,574,892,597,559
IMG_001,1,27,has,0.96,904,571,962,597,559
IMG_001,1,28,been,0.96,975,571,1057,597,559
IMG_001,1,29,entered,0.96,1071,571,1202,597,559
IMG_001,1,30,by,0.96,1214,571,1254,604,559
IMG_001,1,31,the,0.96,1266,571,1319,597,559
IMG_001,1,32,printer.,0.96,1333,571,1457,604,559
IMG_001,1,33,Please,0.96,182,721,290,747,559
IMG_001,1,34,send,0.96,305,721,383,747,559
IMG_001,1,35,word,0.96,395,721,481,747,559
IMG_001,1,36,before,0.96,494,721,602,747,559
IMG_001,1,37,the,0.96,616,721,669,747,559
IMG_001,1,38,winter,0.96,682,721,793,747,559
IMG_001,1,39,market,0.96,805,721,927,747,559
IMG_001,1,40,begins.,0.96,939,721,1060,754,559
IMG_001,1,41,Yours,0.96,180,872,274,897,559
IMG_001,1,42,"faithfully,",0.96,287,871,445,904,559
IMG_001,1,43,Eleanor,0.96,182,1021,314,1047,559
IMG_001,1,44,Smith,0.96,329,1021,427,1047,559
IMG_001,1,45,Document,0.96,182,2216,319,2236,559
IMG_001,1,46,ID:,0.96,331,2216,367,2236,559
IMG_001,1,47,IMG,0.6,390,2212,436,2246,559
IMG_001,1,48,001,0.93,452,2216,500,2242,559
IMG_002,1,1,LETTER,0.95,631,163,890,205,523
IMG_002,1,2,NO.,0.95,912,162,1026,206,523
IMG_002,1,3,002,0.96,1053,162,1166,206,523
IMG_002,1,4,Dear,0.96,182,272,264,297,523
IMG_002,1,5,Florence,0.96,277,271,425,297,523
IMG_002,1,6,"Brown,",0.96,440,272,559,301,523
IMG_002,1,7,I,0.96,182,422,192,447,523
IMG_002,1,8,write,0.95,204,421,292,447,523
IMG_002,1,9,to,0.96,306,424,338,447,523
IMG_002,1,10,you,0.96,350,429,411,454,523
IMG_002,1,11,from,0.95,423,421,503,447,523
IMG_002,1,12,Leeds,0.96,517,421,615,447,523
IMG_002,1,13,on,0.96,630,429,669,447,523
IMG_002,1,14,the,0.96,682,421,734,447,523
IMG_002,1,15,14th,0.96,751,421,825,447,523
IMG_002,1,16,day,0.96,839,421,898,454,523
IMG_002,1,17,of,0.96,911,421,944,447,523
IMG_002,1,18,October,0.96,955,421,1092,447,523
IMG_002,1,19,1881.,0.96,1107,422,1197,447,523
IMG_002,1,20,The,0.96,180,571,243,597,523
IMG_002,1,21,goods,0.95,258,571,356,604,523
IMG_002,1,22,arrived,0.96,370,571,492,597,523
IMG_002,1,23,safely,0.96,506,571,604,604,523
IMG_002,1,24,and,0.96,617,571,678,597,523
IMG_002,1,25,the,0.96,691,571,743,597,523
IMG_002,1,26,account,0.96,758,574,892,597,523
IMG_002,1,27,has,0.96,904,571,962,597,523
IMG_002,1,28,been,0.95,975,571,1057,597,523
IMG_002,1,29,entered,0.95,1071,571,1202,597,523
IMG_002,1,30,by,0.96,1214,571,1254,604,523
IMG_002,1,31,the,0.95,1266,571,1319,597,523
IMG_002,1,32,baker.,0.95,1333,571,1435,597,523
IMG_002,1,33,Please,0.96,182,721,290,747,523
IMG_002,1,34,send,0.96,305,721,383,747,523
IMG_002,1,35,word,0.96,395,721,481,747,523
IMG_002,1,36,before,0.96,494,721,602,747,523
IMG_002,1,37,the,0.96,616,721,669,747,523
IMG_002,1,38,winter,0.96,682,721,793,747,523
IMG_002,1,39,market,0.96,805,721,927,747,523
IMG_002,1,40,begins.,0.94,939,721,1060,754,523
IMG_002,1,41,Yours,0.96,180,872,274,897,523
IMG_002,1,42,"faithfully,",0.96,287,871,445,904,523
IMG_002,1,43,Eleanor,0.95,182,1021,314,1047,523
IMG_002,1,44,Smith,0.96,329,1021,427,1047,523
IMG_002,1,45,Document,0.96,182,2216,319,2236,523
IMG_002,1,46,ID:,0.96,331,2216,367,2236,523
IMG_002,1,47,IMG,0.42,390,2212,436,2246,523
IMG_002,1,48,002,0.42,452,2216,501,2242,523
IMG_003,1,1,LETTER,0.95,631,163,890,205,810
IMG_003,1,2,NO.,0.96,912,162,1026,206,810
IMG_003,1,3,003,0.96,1052,162,1168,206,810
IMG_003,1,4,Dear,0.96,182,272,264,297,810
IMG_003,1,5,Margaret,0.96,277,272,437,304,810
IMG_003,1,6,"Lewis,",0.96,451,271,557,301,810
IMG_003,1,7,I,0.96,182,422,192,447,810
IMG_003,1,8,write,0.96,204,421,293,447,810
IMG_003,1,9,to,0.96,306,424,338,447,810
IMG_003,1,10,you,0.96,350,429,411,454,810
IMG_003,1,11,from,0.96,423,421,503,447,810
IMG_003,1,12,Kent,0.96,517,422,594,447,810
IMG_003,1,13,on,0.96,608,429,647,447,810
IMG_003,1,14,the,0.96,660,421,712,447,810
IMG_003,1,15,14th,0.96,729,421,803,447,810
IMG_003,1,16,day,0.96,816,421,876,454,810
IMG_003,1,17,of,0.96,889,421,923,447,810
IMG_003,1,18,October,0.96,933,421,1070,447,810
IMG_003,1,19,1904.,0.96,1085,422,1175,447,810
IMG_003,1,20,The,0.96,180,571,243,597,810
IMG_003,1,21,goods,0.95,258,571,356,604,810
IMG_003,1,22,arrived,0.96,370,571,492,597,810
IMG_003,1,23,safely,0.96,506,571,604,604,810
IMG_003,1,24,and,0.96,617,571,678,597,810
IMG_003,1,25,the,0.96,691,571,743,597,810
IMG_003,1,26,account,0.96,758,574,892,597,810
IMG_003,1,27,has,0.96,904,571,962,597,810
IMG_003,1,28,been,0.96,975,571,1057,597,810
IMG_003,1,29,entered,0.95,1071,571,1202,597,810
IMG_003,1,30,by,0.95,1214,571,1254,604,810
IMG_003,1,31,the,0.96,1266,571,1319,597,810
IMG_003,1,32,carpenter.,0.96,1333,574,1505,604,810
IMG_003,1,33,Please,0.96,182,721,290,747,810
IMG_003,1,34,send,0.96,305,721,383,747,810
IMG_003,1,35,word,0.96,395,721,481,747,810
IMG_003,1,36,before,0.96,494,721,602,747,810
IMG_003,1,37,the,0.96,616,721,669,747,810
IMG_003,1,38,winter,0.96,682,721,793,747,810
IMG_003,1,39,market,0.96,805,721,928,747,810
IMG_003,1,40,begins.,0.95,939,721,1060,754,810
IMG_003,1,41,Yours,0.96,179,872,274,897,810
IMG_003,1,42,"faithfully,",0.96,287,871,444,904,810
IMG_003,1,43,George,0.96,182,1022,304,1054,810
IMG_003,1,44,Miller,0.96,319,1021,420,1047,810
IMG_003,1,45,Document,0.96,182,2216,320,2236,810
IMG_003,1,46,ID:,0.96,330,2216,367,2236,810
IMG_003,1,47,IMG,0.31,390,2212,436,2246,810
IMG_003,1,48,003,0.95,452,2216,502,2242,810
IMG_004,1,1,LETTER,0.96,630,162,890,206,612
IMG_004,1,2,NO.,0.96,912,161,1027,207,612
IMG_004,1,3,004,0.95,1051,161,1170,207,612
IMG_004,1,4,Dear,0.96,182,271,265,298,612
IMG_004,1,5,Margaret,0.96,277,271,438,305,612
IMG_004,1,6,"Lewis,",0.95,451,270,557,301,612
IMG_004,1,7,I,0.96,182,421,192,448,612
IMG_004,1,8,write,0.96,204,420,293,448,612
IMG_004,1,9,to,0.96,306,423,339,448,612
IMG_004,1,10,you,0.96,350,428,411,455,612
IMG_004,1,11,from,0.94,423,420,503,448,612
IMG_004,1,12,Yorkshire,0.96,514,420,677,448,612
IMG_004,1,13,on,0.96,689,428,730,448,612
IMG_004,1,14,the,0.96,743,420,797,448,612
IMG_004,1,15,14th,0.96,813,420,887,448,612
IMG_004,1,16,day,0.96,898,420,959,455,612
IMG_004,1,17,of,0.96,970,420,1006,448,612
IMG_004,1,18,October,0.96,1015,420,1154,448,612
IMG_004,1,19,1925.,0.96,1168,421,1259,448,612
IMG_004,1,20,The,0.96,179,570,244,598,612
IMG_004,1,21,goods,0.96,256,570,357,605,612
IMG_004,1,22,arrived,0.96,368,570,492,598,612
IMG_004,1,23,safely,0.96,505,570,604,605,612
IMG_004,1,24,and,0.96,615,570,678,598,612
IMG_004,1,25,the,0.96,691,570,744,598,612
IMG_004,1,26,account,0.96,756,573,893,598,612
IMG_004,1,27,has,0.96,904,570,963,598,612
IMG_004,1,28,been,0.96,975,570,1057,598,612
IMG_004,1,29,entered,0.96,1069,570,1202,598,612
IMG_004,1,30,by,0.96,1214,570,1254,605,612
IMG_004,1,31,the,0.96,1266,570,1320,598,612
IMG_004,1,32,clerk.,0.96,1332,570,1426,598,612
IMG_004,1,33,Please,0.96,182,720,291,748,612
IMG_004,1,34,send,0.96,304,720,383,748,612
IMG_004,1,35,word,0.96,395,720,481,748,612
IMG_004,1,36,before,0.96,494,720,603,748,612
IMG_004,1,37,the,0.96,616,720,670,748,612
IMG_004,1,38,winter,0.96,682,720,794,748,612
IMG_004,1,39,market,0.96,805,720,928,748,612
IMG_004,1,40,begins.,0.96,939,720,1060,755,612
IMG_004,1,41,Yours,0.96,179,871,275,898,612
IMG_004,1,42,"faithfully,",0.96,287,870,445,905,612
IMG_004,1,43,Margaret,0.96,182,1021,344,1055,612
IMG_004,1,44,Lewis,0.96,356,1020,454,1048,612
IMG_004,1,45,Document,0.96,183,2215,317,2237,612
IMG_004,1,46,ID:,0.95,332,2215,367,2237,612
IMG_004,1,47,IMG_004,0.81,382,2215,501,2237,612
IMG_005,1,1,LETTER,0.96,595,165,855,215,638
IMG_005,1,2,NO.,0.95,876,159,991,205,638
IMG_005,1,3,005,0.95,1017,154,1132,201,638
IMG_005,1,4,Dear,0.96,150,297,233,323,638
IMG_005,1,5,George,0.96,245,294,367,323,638
IMG_005,1,6,"Miller,",0.96,380,286,488,315,638
IMG_005,1,7,I,0.95,155,447,166,473,638
IMG_005,1,8,write,0.95,178,444,266,472,638
IMG_005,1,9,to,0.96,279,445,312,468,638
IMG_005,1,10,you,0.96,323,447,385,474,638
IMG_005,1,11,from,0.96,396,438,477,464,638
IMG_005,1,12,Bristol,0.96,490,431,602,461,638
IMG_005,1,13,on,0.96,615,437,656,456,638
IMG_005,1,14,the,0.96,667,428,721,455,638
IMG_005,1,15,14th,0.96,737,424,812,452,638
IMG_005,1,16,day,0.96,824,423,883,455,638
IMG_005,1,17,of,0.96,896,420,930,446,638
IMG_005,1,18,October,0.96,940,416,1077,445,638
IMG_005,1,19,1922.,0.96,1092,412,1183,440,638
IMG_005,1,20,The,0.96,159,595,223,622,638
IMG_005,1,21,goods,0.96,237,591,335,627,638
IMG_005,1,22,arrived,0.96,349,586,471,616,638
IMG_005,1,23,safely,0.96,485,582,583,615,638
IMG_005,1,24,and,0.96,596,579,657,607,638
IMG_005,1,25,the,0.96,669,578,722,605,638
IMG_005,1,26,account,0.96,736,575,871,602,638
IMG_005,1,27,has,0.96,882,571,941,597,638
IMG_005,1,28,been,0.96,953,568,1036,595,638
IMG_005,1,29,entered,0.95,1049,561,1181,591,638
IMG_005,1,30,by,0.96,1192,560,1232,593,638
IMG_005,1,31,the,0.96,1244,558,1298,584,638
IMG_005,1,32,stationer.,0.92,1312,549,1468,591,638
IMG_005,1,33,Please,0.96,165,745,275,772,638
IMG_005,1,34,send,0.96,289,739,368,768,638
IMG_005,1,35,word,0.96,379,736,465,765,638
IMG_005,1,36,before,0.96,477,734,587,762,638
IMG_005,1,37,the,0.96,600,730,654,757,638
IMG_005,1,38,winter,0.96,666,728,777,755,638
IMG_005,1,39,market,0.96,789,722,911,751,638
IMG_005,1,40,begins.,0.96,922,717,1044,751,638
IMG_005,1,41,Yours,0.96,168,896,263,922,638
IMG_005,1,42,"faithfully,",0.96,276,888,434,921,638
IMG_005,1,43,Florence,0.96,176,1045,325,1072,638
IMG_005,1,44,Brown,0.96,339,1041,450,1067,638
IMG_005,1,45,Document,0.96,218,2238,356,2260,638
IMG_005,1,46,ID:,0.92,366,2235,404,2255,638
IMG_005,1,47,IMG_005,0.92,417,2229,538,2258,638
IMG_006,1,1,LETTER,0.94,631,163,890,205,548
IMG_006,1,2,NO.,0.94,912,162,1026,206,548
IMG_006,1,3,006,0.96,1053,162,1168,206,548
IMG_006,1,4,Dear,0.96,182,272,264,297,548
IMG_006,1,5,William,0.96,275,271,404,297,548
IMG_006,1,6,"Carter,",0.96,418,272,533,301,548
IMG_006,1,7,I,0.96,182,422,192,447,548
IMG_006,1,8,write,0.96,204,421,292,447,548
IMG_006,1,9,to,0.96,306,424,338,447,548
IMG_006,1,10,you,0.96,350,429,411,454,548
IMG_006,1,11,from,0.96,423,421,503,447,548
IMG_006,1,12,Kent,0.96,517,422,594,447,548
IMG_006,1,13,on,0.96,608,429,647,447,548
IMG_006,1,14,the,0.96,660,421,712,447,548
IMG_006,1,15,14th,0.96,729,421,803,447,548
IMG_006,1,16,day,0.96,817,421,876,454,548
IMG_006,1,17,of,0.96,889,421,923,447,548
IMG_006,1,18,October,0.96,933,421,1070,447,548
IMG_006,1,19,1932.,0.95,1085,422,1175,447,548
IMG_006,1,20,The,0.96,180,571,243,597,548
IMG_006,1,21,goods,0.96,258,571,356,604,548
IMG_006,1,22,arrived,0.96,370,571,492,597,548
IMG_006,1,23,safely,0.96,506,571,604,604,548
IMG_006,1,24,and,0.96,617,571,678,597,548
IMG_006,1,25,the,0.96,691,571,743,597,548
IMG_006,1,26,account,0.96,758,574,892,597,548
IMG_006,1,27,has,0.96,904,571,962,597,548
IMG_006,1,28,been,0.96,975,571,1057,597,548
IMG_006,1,29,entered,0.96,1071,571,1202,597,548
IMG_006,1,30,by,0.96,1214,571,1254,604,548
IMG_006,1,31,the,0.96,1266,571,1319,597,548
IMG_006,1,32,tailor.,0.96,1333,571,1428,597,548
IMG_006,1,33,Please,0.96,182,721,290,747,548
IMG_006,1,34,send,0.96,305,721,383,747,548
IMG_006,1,35,word,0.96,395,721,481,747,548
IMG_006,1,36,before,0.96,494,721,602,747,548
IMG_006,1,37,the,0.96,616,721,669,747,548
IMG_006,1,38,winter,0.95,682,721,793,747,548
IMG_006,1,39,market,0.95,805,721,927,747,548
IMG_006,1,40,begins.,0.95,939,721,1060,754,548
IMG_006,1,41,Yours,0.96,180,872,274,897,548
IMG_006,1,42,"faithfully,",0.96,287,871,445,904,548
IMG_006,1,43,Margaret,0.96,182,1022,343,1054,548
IMG_006,1,44,Lewis,0.95,356,1021,453,1047,548
IMG_006,1,45,Document,0.96,182,2216,319,2236,548
IMG_006,1,46,ID:,0.96,331,2216,367,2236,548
IMG_006,1,47,IMG_006,0.8,381,2216,502,2242,548
IMG_007,1,1,Clara,0.96,181,1021,273,1047,418
IMG_007,1,2,Johnson,0.96,281,1021,421,1054,418
IMG_007,1,3,Document,0.96,181,2216,320,2236,418
IMG_007,1,4,ID:,0.96,330,2216,367,2236,418
IMG_007,1,5,IMG,0.16,380,2216,502,2242,418
IMG_007,1,6,_,0.76,443,2212,447,2246,418
IMG_007,1,7,007,0.96,451,2216,502,2242,418
IMG_008,1,1,LETTER,0.96,630,162,890,206,740
IMG_008,1,2,NO.,0.96,912,161,1026,207,740
IMG_008,1,3,008,0.95,1052,161,1169,207,740
IMG_008,1,4,I,0.96,182,421,192,448,740
IMG_008,1,5,write,0.96,204,421,293,448,740
IMG_008,1,6,to,0.96,306,424,338,447,740
IMG_008,1,7,you,0.96,350,428,411,454,740
IMG_008,1,8,from,0.95,423,421,503,448,740
IMG_008,1,9,Norfolk,0.96,516,420,646,448,740
IMG_008,1,10,on,0.96,658,428,698,448,740
IMG_008,1,11,the,0.96,711,420,764,448,740
IMG_008,1,12,14th,0.96,780,420,854,448,740
IMG_008,1,13,day,0.96,867,420,927,454,740
IMG_008,1,14,of,0.96,939,420,973,448,740
IMG_008,1,15,October,0.96,983,420,1122,448,740
IMG_008,1,16,1884.,0.96,1136,421,1226,448,740
IMG_008,1,17,The,0.96,180,570,244,598,740
IMG_008,1,18,goods,0.95,257,570,356,605,740
IMG_008,1,19,arrived,0.95,369,570,492,598,740
IMG_008,1,20,safely,0.96,505,570,604,604,740
IMG_008,1,21,and,0.96,616,570,678,598,740
IMG_008,1,22,the,0.96,691,571,744,598,740
IMG_008,1,23,account,0.96,757,574,893,598,740
IMG_008,1,24,has,0.96,904,570,962,598,740
IMG_008,1,25,been,0.96,975,570,1057,598,740
IMG_008,1,26,entered,0.95,1070,570,1202,598,740
IMG_008,1,27,by,0.96,1214,570,1254,605,740
IMG_008,1,28,the,0.93,1266,570,1320,598,740
IMG_008,1,29,stationer.,0.9,1333,571,1490,598,740
IMG_008,1,30,Please,0.96,182,720,291,748,740
IMG_008,1,31,send,0.96,304,720,383,748,740
IMG_008,1,32,word,0.96,395,721,481,748,740
IMG_008,1,33,before,0.96,494,720,603,748,740
IMG_008,1,34,the,0.96,616,720,670,748,740
IMG_008,1,35,winter,0.96,683,721,794,748,740
IMG_008,1,36,market,0.96,805,720,928,748,740
IMG_008,1,37,begins.,0.96,939,720,1060,754,740
IMG_008,1,38,Yours,0.96,180,871,274,898,740
IMG_008,1,39,"faithfully,",0.96,287,870,445,904,740
IMG_008,1,40,Florence,0.96,182,1020,331,1048,740
IMG_008,1,41,Brown,0.96,345,1021,455,1048,740
IMG_008,1,42,Document,0.96,183,2216,319,2236,740
IMG_008,1,43,ID:,0.96,332,2216,367,2236,740
IMG_008,1,44,IMG,0.93,381,2216,437,2237,740
IMG_008,1,45,008,0.93,453,2216,503,2236,740
IMG_009,1,1,LETTER,0.95,631,163,890,205,549
IMG_009,1,2,NO.,0.95,912,162,1026,206,549
IMG_009,1,3,009,0.96,1053,162,1168,206,549
IMG_009,1,4,Dear,0.96,182,272,264,297,549
IMG_009,1,5,William,0.96,275,271,404,297,549
IMG_009,1,6,"Carter,",0.96,418,272,533,301,549
IMG_009,1,7,I,0.96,182,422,192,447,549
IMG_009,1,8,write,0.96,204,421,292,447,549
IMG_009,1,9,to,0.96,306,424,338,447,549
IMG_009,1,10,you,0.96,350,429,411,454,549
IMG_009,1,11,from,0.95,423,421,503,447,549
IMG_009,1,12,London,0.96,517,421,643,447,549
IMG_009,1,13,on,0.95,657,429,696,447,549
IMG_009,1,14,the,0.96,709,421,761,447,549
IMG_009,1,15,14th,0.95,778,421,852,447,549
IMG_009,1,16,day,0.96,866,421,925,454,549
IMG_009,1,17,of,0.96,938,421,971,447,549
IMG_009,1,18,October,0.96,982,421,1119,447,549
IMG_009,1,19,1909.,0.96,1134,422,1224,447,549
IMG_009,1,20,The,0.96,180,571,243,597,549
IMG_009,1,21,goods,0.95,258,571,356,604,549
IMG_009,1,22,arrived,0.96,370,571,492,597,549
IMG_009,1,23,safely,0.96,506,571,604,604,549
IMG_009,1,24,and,0.95,617,571,678,597,549
IMG_009,1,25,the,0.96,691,571,743,597,549
IMG_009,1,26,account,0.96,758,574,892,597,549
IMG_009,1,27,has,0.96,904,571,962,597,549
IMG_009,1,28,been,0.95,975,571,1057,597,549
IMG_009,1,29,entered,0.95,1071,571,1202,597,549
IMG_009,1,30,by,0.96,1214,571,1254,604,549
IMG_009,1,31,the,0.96,1266,571,1319,597,549
IMG_009,1,32,baker.,0.96,1333,571,1435,597,549
IMG_009,1,33,Please,0.96,182,721,290,747,549
IMG_009,1,34,send,0.96,305,721,383,747,549
IMG_009,1,35,word,0.96,395,721,481,747,549
IMG_009,1,36,before,0.96,494,721,602,747,549
IMG_009,1,37,the,0.96,616,721,669,747,549
IMG_009,1,38,winter,0.96,682,721,793,747,549
IMG_009,1,39,market,0.96,805,721,927,747,549
IMG_009,1,40,begins.,0.96,939,721,1060,754,549
IMG_009,1,41,Yours,0.96,180,872,274,897,549
IMG_009,1,42,"faithfully,",0.96,287,871,445,904,549
IMG_009,1,43,Florence,0.96,182,1021,330,1047,549
IMG_009,1,44,Brown,0.96,345,1022,455,1047,549
IMG_009,1,45,Document,0.96,182,2216,319,2236,549
IMG_009,1,46,ID:,0.96,331,2216,367,2236,549
IMG_009,1,47,IMG,0.93,387,2212,436,2246,549
IMG_009,1,48,009,0.93,452,2216,502,2242,549
IMG_010,1,1,LETTER,0.95,631,163,890,205,555
IMG_010,1,2,NO.,0.94,912,162,1026,206,555
IMG_010,1,3,010,0.96,1053,162,1169,206,555
IMG_010,1,4,Dear,0.96,182,272,264,297,555
IMG_010,1,5,Edward,0.96,277,271,408,297,555
IMG_010,1,6,"Harris,",0.96,422,271,538,301,555
IMG_010,1,7,I,0.96,182,422,192,447,555
IMG_010,1,8,write,0.96,204,421,292,447,555
IMG_010,1,9,to,0.96,306,424,338,447,555
IMG_010,1,10,you,0.96,350,429,411,454,555
IMG_010,1,11,from,0.96,423,421,503,447,555
IMG_010,1,12,Yorkshire,0.96,515,421,676,447,555
IMG_010,1,13,on,0.96,691,429,730,447,555
IMG_010,1,14,the,0.96,743,421,796,447,555
IMG_010,1,15,14th,0.96,813,421,887,447,555
IMG_010,1,16,day,0.96,900,421,959,454,555
IMG_010,1,17,of,0.96,972,421,1006,447,555
IMG_010,1,18,October,0.96,1016,421,1153,447,555
IMG_010,1,19,1900.,0.96,1168,422,1259,447,555
IMG_010,1,20,The,0.96,180,571,243,597,555
IMG_010,1,21,goods,0.96,258,571,356,604,555
IMG_010,1,22,arrived,0.96,370,571,492,597,555
IMG_010,1,23,safely,0.96,506,571,604,604,555
IMG_010,1,24,and,0.96,617,571,678,597,555
IMG_010,1,25,the,0.96,691,571,743,597,555
IMG_010,1,26,account,0.96,758,574,892,597,555
IMG_010,1,27,has,0.96,904,571,962,597,555
IMG_010,1,28,been,0.96,975,571,1057,597,555
IMG_010,1,29,entered,0.95,1071,571,1202,597,555
IMG_010,1,30,by,0.96,1214,571,1254,604,555
IMG_010,1,31,the,0.96,1266,571,1319,597,555
IMG_010,1,32,farmer.,0.96,1333,571,1454,597,555
IMG_010,1,33,Please,0.96,182,721,290,747,555
IMG_010,1,34,send,0.96,305,721,383,747,555
IMG_010,1,35,word,0.96,395,721,481,747,555
IMG_010,1,36,before,0.96,494,721,602,747,555
IMG_010,1,37,the,0.96,616,721,669,747,555
IMG_010,1,38,winter,0.96,682,721,793,747,555
IMG_010,1,39,market,0.96,805,721,927,747,555
IMG_010,1,40,begins.,0.94,939,721,1060,754,555
IMG_010,1,41,Yours,0.96,180,872,274,897,555
IMG_010,1,42,"faithfully,",0.96,287,871,445,904,555
IMG_010,1,43,George,0.96,182,1022,304,1054,555
IMG_010,1,44,Miller,0.96,319,1021,420,1047,555
IMG_010,1,45,Document,0.96,182,2216,319,2236,555
IMG_010,1,46,ID:,0.96,331,2216,367,2236,555
IMG_010,1,47,IMG,0.61,390,2212,436,2246,555
IMG_010,1,48,010,0.94,450,2216,502,2236,555
IMG_011,1,1,LETTER,0.95,631,163,890,205,747
IMG_011,1,2,NO.,0.95,912,162,1026,206,747
IMG_011,1,3,011,0.96,1053,162,1166,206,747
IMG_011,1,4,Dear,0.96,182,272,264,297,747
IMG_011,1,5,Thomas,0.96,275,271,408,297,747
IMG_011,1,6,"Bennett,",0.96,423,272,565,301,747
IMG_011,1,7,I,0.96,182,422,192,447,747
IMG_011,1,8,write,0.95,204,421,293,447,747
IMG_011,1,9,to,0.96,306,424,338,447,747
IMG_011,1,10,you,0.95,350,429,411,454,747
IMG_011,1,11,from,0.96,423,421,503,447,747
IMG_011,1,12,London,0.96,517,421,643,447,747
IMG_011,1,13,on,0.95,657,429,696,447,747
IMG_011,1,14,the,0.95,709,421,762,447,747
IMG_011,1,15,14th,0.96,778,421,852,447,747
IMG_011,1,16,day,0.96,866,421,925,454,747
IMG_011,1,17,of,0.96,938,421,971,447,747
IMG_011,1,18,October,0.96,982,421,1119,447,747
IMG_011,1,19,1915.,0.96,1134,422,1224,447,747
IMG_011,1,20,The,0.96,180,571,243,597,747
IMG_011,1,21,goods,0.95,258,571,356,604,747
IMG_011,1,22,arrived,0.96,370,571,492,597,747
IMG_011,1,23,safely,0.95,506,571,604,604,747
IMG_011,1,24,and,0.96,617,571,678,597,747
IMG_011,1,25,the,0.96,691,571,744,597,747
IMG_011,1,26,account,0.96,758,574,892,597,747
IMG_011,1,27,has,0.96,904,571,962,597,747
IMG_011,1,28,been,0.96,975,571,1057,597,747
IMG_011,1,29,entered,0.95,1071,571,1202,597,747
IMG_011,1,30,by,0.95,1214,571,1254,604,747
IMG_011,1,31,the,0.95,1266,571,1319,597,747
IMG_011,1,32,baker.,0.96,1333,571,1435,597,747
IMG_011,1,33,Please,0.96,182,721,290,747,747
IMG_011,1,34,send,0.96,305,721,383,747,747
IMG_011,1,35,word,0.96,395,721,481,747,747
IMG_011,1,36,before,0.96,494,721,602,747,747
IMG_011,1,37,the,0.96,616,721,670,747,747
IMG_011,1,38,winter,0.96,682,721,793,747,747
IMG_011,1,39,market,0.96,805,721,927,747,747
IMG_011,1,40,begins.,0.96,939,721,1060,754,747
IMG_011,1,41,Yours,0.96,180,872,274,897,747
IMG_011,1,42,"faithfully,",0.95,287,871,445,904,747
IMG_011,1,43,Clara,0.96,182,1021,272,1047,747
IMG_011,1,44,Johnson,0.96,281,1021,421,1054,747
IMG_011,1,45,Document,0.95,181,2216,320,2236,747
IMG_011,1,46,ID:,0.95,330,2216,367,2236,747
IMG_011,1,47,IMG,0.95,389,2212,435,2246,747
IMG_011,1,48,011,0.95,451,2216,500,2236,747
IMG_012,1,1,LETTER,0.96,630,162,890,206,538
IMG_012,1,2,NO.,0.95,912,161,1027,207,538
IMG_012,1,3,012,0.95,1051,161,1168,207,538
IMG_012,1,4,Dear,0.96,182,271,265,298,538
IMG_012,1,5,William,0.96,275,270,404,298,538
IMG_012,1,6,"Carter,",0.96,417,271,533,301,538
IMG_012,1,7,I,0.96,182,421,192,448,538
IMG_012,1,8,write,0.96,204,420,293,448,538
IMG_012,1,9,to,0.96,306,423,339,448,538
IMG_012,1,10,you,0.96,350,428,411,455,538
IMG_012,1,11,from,0.96,423,420,503,448,538
IMG_012,1,12,Devon,0.95,517,421,623,448,538
IMG_012,1,13,on,0.95,635,428,676,448,538
IMG_012,1,14,the,0.95,689,420,742,448,538
IMG_012,1,15,14th,0.96,758,420,832,448,538
IMG_012,1,16,day,0.96,844,420,905,455,538
IMG_012,1,17,of,0.96,916,420,951,448,538
IMG_012,1,18,October,0.96,961,420,1100,448,538
IMG_012,1,19,1901.,0.96,1114,421,1204,448,538
IMG_012,1,20,The,0.96,179,570,244,598,538
IMG_012,1,21,goods,0.96,256,570,357,605,538
IMG_012,1,22,arrived,0.96,368,570,492,598,538
IMG_012,1,23,safely,0.96,505,570,604,605,538
IMG_012,1,24,and,0.96,615,570,678,598,538
IMG_012,1,25,the,0.96,691,570,744,598,538
IMG_012,1,26,account,0.96,756,573,893,598,538
IMG_012,1,27,has,0.96,904,570,963,598,538
IMG_012,1,28,been,0.96,975,570,1057,598,538
IMG_012,1,29,entered,0.96,1069,570,1202,598,538
IMG_012,1,30,by,0.96,1214,570,1254,605,538
IMG_012,1,31,the,0.96,1266,570,1320,598,538
IMG_012,1,32,baker.,0.96,1333,570,1435,598,538
IMG_012,1,33,Please,0.96,182,720,291,748,538
IMG_012,1,34,send,0.96,304,720,383,748,538
IMG_012,1,35,word,0.96,395,720,481,748,538
IMG_012,1,36,before,0.96,494,720,603,748,538
IMG_012,1,37,the,0.96,616,720,670,748,538
IMG_012,1,38,winter,0.96,682,720,794,748,538
IMG_012,1,39,market,0.96,805,720,928,748,538
IMG_012,1,40,begins.,0.96,939,720,1060,755,538
IMG_012,1,41,Yours,0.96,179,871,275,898,538
IMG_012,1,42,"faithfully,",0.96,287,870,445,905,538
IMG_012,1,43,Henry,0.96,182,1021,287,1055,538
IMG_012,1,44,Davis,0.96,300,1020,393,1048,538
IMG_012,1,45,Document,0.96,183,2215,317,2237,538
IMG_012,1,46,ID:,0.95,332,2215,367,2237,538
IMG_012,1,47,IMG,0.44,382,2215,437,2236,538
IMG_012,1,48,012,0.83,453,2216,502,2237,538
IMG_013,1,1,LETTER,0.95,595,165,855,215,640
IMG_013,1,2,NO.,0.95,876,159,991,205,640
IMG_013,1,3,013,0.95,1017,154,1133,201,640
IMG_013,1,4,Dear,0.96,150,297,233,323,640
IMG_013,1,5,Edward,0.96,245,289,377,319,640
IMG_013,1,6,"Harris,",0.96,390,285,506,314,640
IMG_013,1,7,I,0.95,155,447,166,473,640
IMG_013,1,8,write,0.96,178,444,266,472,640
IMG_013,1,9,to,0.96,279,445,312,468,640
IMG_013,1,10,you,0.96,323,447,385,474,640
IMG_013,1,11,from,0.96,396,438,477,464,640
IMG_013,1,12,Leeds,0.96,490,432,589,461,640
IMG_013,1,13,on,0.97,603,438,643,457,640
IMG_013,1,14,the,0.95,655,428,708,455,640
IMG_013,1,15,14th,0.96,724,425,799,453,640
IMG_013,1,16,day,0.96,812,423,871,455,640
IMG_013,1,17,of,0.97,884,420,917,447,640
IMG_013,1,18,October,0.96,928,416,1065,445,640
IMG_013,1,19,1922.,0.96,1080,413,1170,440,640
IMG_013,1,20,The,0.96,159,595,223,622,640
IMG_013,1,21,goods,0.96,237,591,335,627,640
IMG_013,1,22,arrived,0.96,349,586,471,616,640
IMG_013,1,23,safely,0.96,485,582,583,615,640
IMG_013,1,24,and,0.96,596,579,657,607,640
IMG_013,1,25,the,0.96,669,578,722,605,640
IMG_013,1,26,account,0.96,736,575,871,602,640
IMG_013,1,27,has,0.96,882,571,941,597,640
IMG_013,1,28,been,0.96,953,568,1036,595,640
IMG_013,1,29,entered,0.95,1049,561,1181,591,640
IMG_013,1,30,by,0.96,1192,560,1232,593,640
IMG_013,1,31,the,0.96,1244,558,1298,584,640
IMG_013,1,32,baker.,0.96,1311,555,1413,582,640
IMG_013,1,33,Please,0.96,165,745,275,772,640
IMG_013,1,34,send,0.96,289,739,368,768,640
IMG_013,1,35,word,0.96,379,736,465,765,640
IMG_013,1,36,before,0.96,477,734,587,762,640
IMG_013,1,37,the,0.96,600,730,654,757,640
IMG_013,1,38,winter,0.96,666,728,777,755,640
IMG_013,1,39,market,0.96,789,722,911,751,640
IMG_013,1,40,begins.,0.96,922,717,1044,751,640
IMG_013,1,41,Yours,0.96,168,896,263,922,640
IMG_013,1,42,"faithfully,",0.96,276,888,434,921,640
IMG_013,1,43,Henry,0.96,176,1046,282,1076,640
IMG_013,1,44,Davis,0.96,294,1040,387,1068,640
IMG_013,1,45,Document,0.96,218,2238,356,2260,640
IMG_013,1,46,ID:,0.92,366,2235,404,2255,640
IMG_013,1,47,IMG_013,0.92,417,2229,538,2258,640
IMG_014,1,1,LETTER,0.96,631,163,890,205,532
IMG_014,1,2,NO.,0.96,912,162,1026,206,532
IMG_014,1,3,014,0.95,1053,162,1169,206,532
IMG_014,1,4,Dear,0.96,182,272,264,297,532
IMG_014,1,5,William,0.96,275,271,404,297,532
IMG_014,1,6,"Carter,",0.96,418,272,533,301,532
IMG_014,1,7,I,0.96,182,422,192,447,532
IMG_014,1,8,write,0.96,204,421,292,447,532
IMG_014,1,9,to,0.96,306,424,338,447,532
IMG_014,1,10,you,0.96,350,429,411,454,532
IMG_014,1,11,from,0.95,423,421,503,447,532
IMG_014,1,12,Bristol,0.96,517,421,628,447,532
IMG_014,1,13,on,0.95,642,429,682,447,532
IMG_014,1,14,the,0.96,694,421,747,447,532
IMG_014,1,15,14th,0.96,764,421,838,447,532
IMG_014,1,16,day,0.96,851,421,910,454,532
IMG_014,1,17,of,0.96,923,421,957,447,532
IMG_014,1,18,October,0.96,967,421,1104,447,532
IMG_014,1,19,1935.,0.96,1119,422,1210,447,532
IMG_014,1,20,The,0.96,180,571,243,597,532
IMG_014,1,21,goods,0.95,258,571,356,604,532
IMG_014,1,22,arrived,0.95,370,571,492,597,532
IMG_014,1,23,safely,0.95,506,571,604,604,532
IMG_014,1,24,and,0.96,617,571,678,597,532
IMG_014,1,25,the,0.96,691,571,743,597,532
IMG_014,1,26,account,0.96,758,574,892,597,532
IMG_014,1,27,has,0.96,904,571,962,597,532
IMG_014,1,28,been,0.96,975,571,1057,597,532
IMG_014,1,29,entered,0.96,1071,571,1202,597,532
IMG_014,1,30,by,0.96,1214,571,1254,604,532
IMG_014,1,31,the,0.96,1266,571,1319,597,532
IMG_014,1,32,merchant.,0.96,1333,571,1505,597,532
IMG_014,1,33,Please,0.96,182,721,290,747,532
IMG_014,1,34,send,0.96,305,721,383,747,532
IMG_014,1,35,word,0.96,395,721,481,747,532
IMG_014,1,36,before,0.96,494,721,602,747,532
IMG_014,1,37,the,0.96,616,721,669,747,532
IMG_014,1,38,winter,0.95,682,721,793,747,532
IMG_014,1,39,market,0.95,805,721,927,747,532
IMG_014,1,40,begins.,0.95,939,721,1060,754,532
IMG_014,1,41,Yours,0.96,180,872,274,897,532
IMG_014,1,42,"faithfully,",0.96,287,871,445,904,532
IMG_014,1,43,Arthur,0.96,180,1021,294,1047,532
IMG_014,1,44,Wilson,0.96,305,1021,420,1047,532
IMG_014,1,45,Document,0.96,182,2216,319,2236,532
IMG_014,1,46,ID:,0.96,331,2216,367,2236,532
IMG_014,1,47,IMG,0.71,387,2212,436,2246,532
IMG_014,1,48,014,0.71,452,2216,503,2236,532
IMG_015,1,1,William,0.96,180,1021,310,1047,439
IMG_015,1,2,Carter,0.96,322,1022,434,1047,439
IMG_015,1,3,Document,0.96,181,2216,320,2236,439
IMG_015,1,4,ID:,0.96,330,2216,367,2236,439
IMG_015,1,5,IMG,0.77,386,2212,437,2246,439
IMG_015,1,6,_015,0.45,443,2216,502,2242,439
IMG_016,1,1,LETTER,0.95,630,162,890,206,801
IMG_016,1,2,NO.,0.95,912,161,1026,207,801
IMG_016,1,3,016,0.96,1052,161,1169,207,801
IMG_016,1,4,“,0.45,141,260,149,262,801
IMG_016,1,5,Dear,0.96,182,271,265,298,801
IMG_016,1,6,William,0.96,275,260,406,298,801
IMG_016,1,7,"Carter,",0.96,417,271,533,301,801
IMG_016,1,8,I,0.95,181,421,192,448,801
IMG_016,1,9,write,0.96,204,421,293,448,801
IMG_016,1,10,to,0.96,306,423,338,448,801
IMG_016,1,11,you,0.96,350,428,411,454,801
IMG_016,1,12,from,0.96,423,421,503,448,801
IMG_016,1,13,Norfolk,0.96,516,420,646,448,801
IMG_016,1,14,on,0.96,658,428,698,448,801
IMG_016,1,15,the,0.93,711,420,764,448,801
IMG_016,1,16,14th,0.92,780,420,854,448,801
IMG_016,1,17,day,0.96,867,420,927,454,801
IMG_016,1,18,of,0.96,939,420,973,448,801
IMG_016,1,19,October,0.95,983,421,1122,448,801
IMG_016,1,20,1904.,0.96,1136,421,1226,448,801
IMG_016,1,21,The,0.96,180,570,244,598,801
IMG_016,1,22,goods,0.93,257,570,356,605,801
IMG_016,1,23,arrived,0.9,369,570,492,598,801
IMG_016,1,24,safely,0.91,505,570,604,604,801
IMG_016,1,25,and,0.95,616,570,678,598,801
IMG_016,1,26,the,0.96,691,570,744,598,801
IMG_016,1,27,account,0.96,757,574,893,598,801
IMG_016,1,28,has,0.95,904,570,962,598,801
IMG_016,1,29,been,0.93,975,570,1057,598,801
IMG_016,1,30,entered,0.91,1070,570,1202,598,801
IMG_016,1,31,by,0.96,1214,571,1254,605,801
IMG_016,1,32,the,0.96,1266,570,1320,598,801
IMG_016,1,33,printer.,0.96,1333,571,1457,605,801
IMG_016,1,34,Please,0.96,182,720,291,748,801
IMG_016,1,35,send,0.94,304,720,383,748,801
IMG_016,1,36,word,0.96,395,720,481,748,801
IMG_016,1,37,before,0.96,494,720,603,748,801
IMG_016,1,38,the,0.96,616,720,670,748,801
IMG_016,1,39,winter,0.96,682,721,794,748,801
IMG_016,1,40,market,0.92,805,721,927,748,801
IMG_016,1,41,begins.,0.92,939,720,1060,755,801
IMG_016,1,42,Yours,0.92,179,871,274,898,801
IMG_016,1,43,"faithfully,",0.9,287,870,445,904,801
IMG_016,1,44,George,0.96,181,1021,305,1055,801
IMG_016,1,45,Miller,0.96,318,1020,421,1048,801
IMG_016,1,46,Document,0.96,183,2216,316,2237,801
IMG_016,1,47,ID:,0.96,332,2216,367,2237,801
IMG_016,1,48,IMG,0.37,388,2212,437,2247,801
IMG_016,1,49,016,0.37,453,2216,503,2242,801
IMG_017,1,1,LETTER,0.96,631,163,890,205,586
IMG_017,1,2,NO.,0.95,912,162,1026,206,586
IMG_017,1,3,017,0.95,1053,162,1167,206,586
IMG_017,1,4,Dear,0.96,182,272,264,297,586
IMG_017,1,5,Henry,0.96,277,272,382,304,586
IMG_017,1,6,"Davis,",0.96,395,271,496,301,586
IMG_017,1,7,I,0.96,182,422,192,447,586
IMG_017,1,8,write,0.95,204,421,292,447,586
IMG_017,1,9,to,0.96,306,424,338,447,586
IMG_017,1,10,you,0.96,350,429,411,454,586
IMG_017,1,11,from,0.96,423,421,503,447,586
IMG_017,1,12,Durham,0.96,517,421,653,447,586
IMG_017,1,13,on,0.96,667,429,707,447,586
IMG_017,1,14,the,0.96,720,421,772,447,586
IMG_017,1,15,14th,0.96,789,421,863,447,586
IMG_017,1,16,day,0.96,877,421,936,454,586
IMG_017,1,17,of,0.95,949,421,982,447,586
IMG_017,1,18,October,0.96,993,421,1129,447,586
IMG_017,1,19,1883.,0.96,1145,422,1235,447,586
IMG_017,1,20,The,0.96,180,571,243,597,586
IMG_017,1,21,goods,0.95,258,571,356,604,586
IMG_017,1,22,arrived,0.96,370,571,492,597,586
IMG_017,1,23,safely,0.96,506,571,604,604,586
IMG_017,1,24,and,0.95,617,571,678,597,586
IMG_017,1,25,the,0.96,691,571,743,597,586
IMG_017,1,26,account,0.96,758,574,892,597,586
IMG_017,1,27,has,0.96,904,571,962,597,586
IMG_017,1,28,been,0.95,975,571,1057,597,586
IMG_017,1,29,entered,0.95,1071,571,1202,597,586
IMG_017,1,30,by,0.96,1214,571,1254,604,586
IMG_017,1,31,the,0.96,1266,571,1319,597,586
IMG_017,1,32,baker.,0.96,1333,571,1435,597,586
IMG_017,1,33,Please,0.96,182,721,290,747,586
IMG_017,1,34,send,0.96,305,721,383,747,586
IMG_017,1,35,word,0.96,395,721,481,747,586
IMG_017,1,36,before,0.96,494,721,602,747,586
IMG_017,1,37,the,0.96,616,721,669,747,586
IMG_017,1,38,winter,0.96,682,721,793,747,586
IMG_017,1,39,market,0.96,805,721,927,747,586
IMG_017,1,40,begins.,0.96,939,721,1060,754,586
IMG_017,1,41,Yours,0.96,180,872,274,897,586
IMG_017,1,42,"faithfully,",0.96,287,871,445,904,586
IMG_017,1,43,Thomas,0.96,180,1021,314,1047,586
IMG_017,1,44,Bennett,0.96,328,1022,461,1047,586
IMG_017,1,45,Document,0.96,182,2216,319,2236,586
IMG_017,1,46,ID:,0.96,331,2216,367,2236,586
IMG_017,1,47,IMG,0.26,390,2212,436,2246,586
IMG_017,1,48,017,0.26,452,2216,502,2236,586
IMG_018,1,1,LETTER,0.95,631,163,890,205,537
IMG_018,1,2,NO.,0.95,912,162,1026,206,537
IMG_018,1,3,018,0.96,1053,162,1168,206,537
IMG_018,1,4,Dear,0.96,182,272,264,297,537
IMG_018,1,5,Henry,0.96,277,272,382,304,537
IMG_018,1,6,"Davis,",0.95,395,271,496,301,537
IMG_018,1,7,I,0.96,182,422,192,447,537
IMG_018,1,8,write,0.95,204,421,292,447,537
IMG_018,1,9,to,0.95,306,424,338,447,537
IMG_018,1,10,you,0.96,350,429,411,454,537
IMG_018,1,11,from,0.96,423,421,503,447,537
IMG_018,1,12,Yorkshire,0.96,515,421,676,447,537
IMG_018,1,13,on,0.96,691,429,730,447,537
IMG_018,1,14,the,0.96,743,421,796,447,537
IMG_018,1,15,14th,0.96,813,421,887,447,537
IMG_018,1,16,day,0.96,900,421,959,454,537
IMG_018,1,17,of,0.96,972,421,1006,447,537
IMG_018,1,18,October,0.96,1016,421,1153,447,537
IMG_018,1,19,1917.,0.96,1168,422,1259,447,537
IMG_018,1,20,The,0.96,180,571,243,597,537
IMG_018,1,21,goods,0.94,258,571,356,604,537
IMG_018,1,22,arrived,0.94,370,571,492,597,537
IMG_018,1,23,safely,0.96,506,571,604,604,537
IMG_018,1,24,and,0.96,617,571,678,597,537
IMG_018,1,25,the,0.96,691,571,743,597,537
IMG_018,1,26,account,0.96,758,574,892,597,537
IMG_018,1,27,has,0.96,904,571,962,597,537
IMG_018,1,28,been,0.96,975,571,1057,597,537
IMG_018,1,29,entered,0.96,1071,571,1202,597,537
IMG_018,1,30,by,0.95,1214,571,1254,604,537
IMG_018,1,31,the,0.93,1266,571,1319,597,537
IMG_018,1,32,stationer.,0.91,1334,571,1490,597,537
IMG_018,1,33,Please,0.96,182,721,290,747,537
IMG_018,1,34,send,0.96,305,721,383,747,537
IMG_018,1,35,word,0.96,395,721,481,747,537
IMG_018,1,36,before,0.96,494,721,602,747,537
IMG_018,1,37,the,0.96,616,721,669,747,537
IMG_018,1,38,winter,0.96,682,721,793,747,537
IMG_018,1,39,market,0.96,805,721,927,747,537
IMG_018,1,40,begins.,0.94,939,721,1060,754,537
IMG_018,1,41,Yours,0.96,180,872,274,897,537
IMG_018,1,42,"faithfully,",0.96,287,871,445,904,537
IMG_018,1,43,Clara,0.95,182,1021,272,1047,537
IMG_018,1,44,Johnson,0.95,281,1021,421,1054,537
IMG_018,1,45,Document,0.96,182,2216,319,2236,537
IMG_018,1,46,ID:,0.96,331,2216,367,2236,537
IMG_018,1,47,IMG,0.57,390,2212,436,2246,537
IMG_018,1,48,018,0.95,450,2216,502,2236,537
IMG_019,1,1,LETTER,0.94,631,163,890,205,798
IMG_019,1,2,NO.,0.95,912,162,1026,206,798
IMG_019,1,3,019,0.96,1053,162,1168,206,798
IMG_019,1,4,Dear,0.96,182,272,264,297,798
IMG_019,1,5,George,0.96,277,272,398,304,798
IMG_019,1,6,"Miller,",0.96,413,271,520,301,798
IMG_019,1,7,I,0.96,182,422,192,447,798
IMG_019,1,8,write,0.96,204,421,293,447,798
IMG_019,1,9,to,0.96,306,424,338,447,798
IMG_019,1,10,you,0.96,350,429,411,454,798
IMG_019,1,11,from,0.96,423,421,503,447,798
IMG_019,1,12,Durham,0.95,517,421,653,447,798
IMG_019,1,13,on,0.94,667,429,707,447,798
IMG_019,1,14,the,0.96,720,421,772,447,798
IMG_019,1,15,14th,0.96,789,421,863,447,798
IMG_019,1,16,day,0.95,877,421,936,454,798
IMG_019,1,17,of,0.95,949,421,982,447,798
IMG_019,1,18,October,0.96,993,421,1129,447,798
IMG_019,1,19,1922.,0.96,1145,422,1235,447,798
IMG_019,1,20,The,0.96,180,571,244,597,798
IMG_019,1,21,goods,0.96,258,571,356,604,798
IMG_019,1,22,arrived,0.96,370,571,492,597,798
IMG_019,1,23,safely,0.96,506,571,604,604,798
IMG_019,1,24,and,0.96,617,571,678,597,798
IMG_019,1,25,the,0.96,691,571,744,597,798
IMG_019,1,26,account,0.96,758,574,892,597,798
IMG_019,1,27,has,0.96,904,571,962,597,798
IMG_019,1,28,been,0.96,975,571,1057,597,798
IMG_019,1,29,entered,0.96,1071,571,1202,597,798
IMG_019,1,30,by,0.96,1214,571,1254,604,798
IMG_019,1,31,the,0.96,1266,571,1320,597,798
IMG_019,1,32,carpenter.,0.96,1334,574,1505,604,798
IMG_019,1,33,Please,0.96,182,721,291,747,798
IMG_019,1,34,send,0.96,305,721,383,747,798
IMG_019,1,35,word,0.95,395,721,481,747,798
IMG_019,1,36,before,0.95,494,721,603,747,798
IMG_019,1,37,the,0.96,616,721,669,747,798
IMG_019,1,38,winter,0.96,682,721,793,747,798
IMG_019,1,39,market,0.96,805,721,928,747,798
IMG_019,1,40,begins.,0.95,939,721,1060,754,798
IMG_019,1,41,Yours,0.96,179,872,274,897,798
IMG_019,1,42,"faithfully,",0.96,287,871,445,904,798
IMG_019,1,43,William,0.96,180,1021,309,1047,798
IMG_019,1,44,Carter,0.96,323,1022,433,1047,798
IMG_019,1,45,Document,0.96,182,2216,320,2236,798
IMG_019,1,46,ID:,0.96,331,2216,367,2236,798
IMG_019,1,47,IMG,0.82,390,2212,436,2246,798
IMG_019,1,48,019,0.82,452,2216,502,2242,798
IMG_020,1,1,LETTER,0.96,630,162,890,206,591
IMG_020,1,2,NO.,0.96,912,161,1027,207,591
IMG_020,1,3,020,0.96,1051,161,1170,207,591
IMG_020,1,4,Dear,0.96,182,271,265,298,591
IMG_020,1,5,George,0.96,276,271,399,305,591
IMG_020,1,6,"Miller,",0.96,413,270,520,301,591
IMG_020,1,7,I,0.96,182,421,192,448,591
IMG_020,1,8,write,0.96,204,420,293,448,591
IMG_020,1,9,to,0.96,306,423,339,448,591
IMG_020,1,10,you,0.96,350,428,411,455,591
IMG_020,1,11,from,0.96,423,420,503,448,591
IMG_020,1,12,Manchester,0.96,517,420,721,448,591
IMG_020,1,13,on,0.96,731,428,773,448,591
IMG_020,1,14,the,0.96,785,420,839,448,591
IMG_020,1,15,14th,0.97,855,420,929,448,591
IMG_020,1,16,day,0.95,940,420,1001,455,591
IMG_020,1,17,of,0.96,1012,420,1048,448,591
IMG_020,1,18,October,0.96,1057,420,1196,448,591
IMG_020,1,19,1903.,0.96,1210,421,1301,448,591
IMG_020,1,20,The,0.96,179,570,244,598,591
IMG_020,1,21,goods,0.96,256,570,357,605,591
IMG_020,1,22,arrived,0.96,368,570,492,598,591
IMG_020,1,23,safely,0.96,505,570,604,605,591
IMG_020,1,24,and,0.96,615,570,678,598,591
IMG_020,1,25,the,0.96,691,570,744,598,591
IMG_020,1,26,account,0.96,756,573,893,598,591
IMG_020,1,27,has,0.96,904,570,963,598,591
IMG_020,1,28,been,0.96,975,570,1057,598,591
IMG_020,1,29,entered,0.96,1069,570,1202,598,591
IMG_020,1,30,by,0.96,1214,570,1254,605,591
IMG_020,1,31,the,0.96,1266,570,1320,598,591
IMG_020,1,32,blacksmith.,0.96,1333,570,1528,598,591
IMG_020,1,33,Please,0.96,182,720,291,748,591
IMG_020,1,34,send,0.96,304,720,383,748,591
IMG_020,1,35,word,0.96,395,720,481,748,591
IMG_020,1,36,before,0.96,494,720,603,748,591
IMG_020,1,37,the,0.96,616,720,670,748,591
IMG_020,1,38,winter,0.96,682,720,794,748,591
IMG_020,1,39,market,0.96,805,720,928,748,591
IMG_020,1,40,begins.,0.96,939,720,1060,755,591
IMG_020,1,41,Yours,0.96,179,871,275,898,591
IMG_020,1,42,"faithfully,",0.96,287,870,445,905,591
IMG_020,1,43,George,0.96,181,1021,305,1055,591
IMG_020,1,44,Miller,0.96,319,1020,421,1048,591
IMG_020,1,45,Document,0.96,183,2215,317,2237,591
IMG_020,1,46,ID:,0.96,332,2215,367,2237,591
IMG_020,1,47,IMG,0.69,382,2215,437,2236,591
IMG_020,1,48,020,0.69,453,2216,503,2237,591
IMG_021,1,1,THE,0.96,360,176,500,223,716
IMG_021,1,2,COUNTY,0.94,524,166,807,218,716
IMG_021,1,3,HERALD,0.93,828,156,1107,207,716
IMG_021,1,4,—,0.93,1133,175,1186,184,716
IMG_021,1,5,1898,0.95,1215,146,1367,193,716
IMG_021,1,6,LOCAL,0.96,150,294,272,323,716
IMG_021,1,7,NEWS,0.96,284,289,393,318,716
IMG_021,1,8,FROM,0.96,408,285,517,314,716
IMG_021,1,9,LEEDS,0.96,531,280,649,309,716
IMG_021,1,10,MARKET,0.96,155,442,311,473,716
IMG_021,1,11,REPORT,0.96,324,436,471,467,716
IMG_021,1,12,Prices,0.96,160,595,264,623,716
IMG_021,1,13,remained,0.96,277,587,439,618,716
IMG_021,1,14,steady,0.96,453,583,563,616,716
IMG_021,1,15,this,0.96,574,580,636,608,716
IMG_021,1,16,"week,",0.96,649,577,746,606,716
IMG_021,1,17,with,0.96,760,573,835,601,716
IMG_021,1,18,merchants,0.96,847,569,1028,598,716
IMG_021,1,19,reporting,0.96,1040,562,1202,597,716
IMG_021,1,20,good,0.96,1215,557,1298,592,716
IMG_021,1,21,trade.,0.96,1309,554,1409,582,716
IMG_021,1,22,A,0.93,164,747,190,773,716
IMG_021,1,23,meeting,0.93,200,742,339,774,716
IMG_021,1,24,was,0.96,351,746,416,766,716
IMG_021,1,25,held,0.96,429,735,502,763,716
IMG_021,1,26,at,0.96,516,736,548,760,716
IMG_021,1,27,the,0.96,560,732,612,758,716
IMG_021,1,28,town,0.96,626,733,709,756,716
IMG_021,1,29,hall,0.96,721,725,784,753,716
IMG_021,1,30,concerning,0.96,798,719,988,751,716
IMG_021,1,31,the,0.96,1000,716,1053,743,716
IMG_021,1,32,new,0.96,1066,720,1136,741,716
IMG_021,1,33,railway,0.96,1148,710,1275,741,716
IMG_021,1,34,service.,0.95,1287,704,1417,733,716
IMG_021,1,35,Weather:,0.96,169,893,323,922,716
IMG_021,1,36,light,0.96,337,889,415,922,716
IMG_021,1,37,rain,0.96,427,886,495,913,716
IMG_021,1,38,in,0.96,507,884,539,911,716
IMG_021,1,39,the,0.96,550,882,604,909,716
IMG_021,1,40,"morning,",0.96,617,877,769,909,716
IMG_021,1,41,clearing,0.96,785,872,923,903,716
IMG_021,1,42,by,0.97,935,869,975,902,716
IMG_021,1,43,afternoon.,0.96,988,867,1162,894,716
IMG_021,1,44,Document,0.96,218,2238,356,2260,716
IMG_021,1,45,ID:,0.92,366,2235,404,2255,716
IMG_021,1,46,IMG_021,0.92,417,2229,536,2258,716
IMG_022,1,1,THE,0.96,396,163,534,205,607
IMG_022,1,2,COUNTY,0.96,559,162,843,206,607
IMG_022,1,3,HERALD,0.93,865,163,1143,205,607
IMG_022,1,4,—,0.91,1169,186,1221,193,607
IMG_022,1,5,1880,0.96,1251,162,1403,206,607
IMG_022,1,6,LOCAL,0.95,182,272,303,297,607
IMG_022,1,7,NEWS,0.95,316,272,425,297,607
IMG_022,1,8,FROM,0.95,440,272,548,297,607
IMG_022,1,9,MANCHESTER,0.96,563,272,828,297,607
IMG_022,1,10,MARKET,0.96,182,422,337,447,607
IMG_022,1,11,REPORT,0.96,351,422,497,447,607
IMG_022,1,12,Prices,0.96,182,571,285,597,607
IMG_022,1,13,remained,0.96,298,571,460,597,607
IMG_022,1,14,steady,0.96,474,571,584,604,607
IMG_022,1,15,this,0.96,596,571,657,597,607
IMG_022,1,16,"week,",0.96,670,571,768,601,607
IMG_022,1,17,with,0.96,781,571,856,597,607
IMG_022,1,18,merchants,0.96,869,571,1049,597,607
IMG_022,1,19,reporting,0.95,1062,571,1224,604,607
IMG_022,1,20,good,0.96,1237,571,1319,604,607
IMG_022,1,21,trade.,0.96,1331,571,1431,597,607
IMG_022,1,22,A,0.96,180,722,205,747,607
IMG_022,1,23,meeting,0.96,216,721,355,754,607
IMG_022,1,24,was,0.96,367,729,432,747,607
IMG_022,1,25,held,0.96,445,721,518,747,607
IMG_022,1,26,at,0.96,532,724,563,747,607
IMG_022,1,27,the,0.96,576,721,628,747,607
IMG_022,1,28,town,0.94,642,724,725,747,607
IMG_022,1,29,hall,0.96,738,721,800,747,607
IMG_022,1,30,concerning,0.96,814,721,1004,754,607
IMG_022,1,31,the,0.95,1017,721,1069,747,607
IMG_022,1,32,new,0.95,1083,729,1153,747,607
IMG_022,1,33,railway,0.95,1165,721,1291,754,607
IMG_022,1,34,service.,0.96,1304,721,1433,747,607
IMG_022,1,35,Weather:,0.95,180,871,333,897,607
IMG_022,1,36,light,0.95,348,871,425,904,607
IMG_022,1,37,rain,0.96,438,871,505,897,607
IMG_022,1,38,in,0.96,518,871,549,897,607
IMG_022,1,39,the,0.96,561,871,614,897,607
IMG_022,1,40,"morning,",0.96,628,871,780,904,607
IMG_022,1,41,clearing,0.96,796,871,934,904,607
IMG_022,1,42,by,0.96,947,871,986,904,607
IMG_022,1,43,afternoon.,0.96,999,871,1173,897,607
IMG_022,1,44,Document,0.96,182,2216,319,2236,607
IMG_022,1,45,ID:,0.95,331,2216,367,2236,607
IMG_022,1,46,IMG,0.84,387,2212,436,2246,607
IMG_022,1,47,022,0.84,452,2216,501,2242,607
IMG_023,1,1,Document,0.96,181,2216,320,2236,402
IMG_023,1,2,ID:,0.96,330,2216,367,2236,402
IMG_023,1,3,IMG,0.35,380,2216,502,2242,402
IMG_023,1,4,_,0.47,443,2212,447,2246,402
IMG_023,1,5,023,0.47,451,2216,502,2242,402
IMG_024,1,1,THE,0.95,395,162,535,206,805
IMG_024,1,2,COUNTY,0.95,559,161,843,207,805
IMG_024,1,3,HERALD,0.9,864,162,1143,206,805
IMG_024,1,4,—,0.9,1168,185,1222,194,805
IMG_024,1,5,1922,0.96,1251,161,1401,207,805
IMG_024,1,6,“,0.66,138,256,164,308,805
IMG_024,1,7,LOCAL,0.95,142,260,303,298,805
IMG_024,1,8,NEWS,0.95,316,271,425,298,805
IMG_024,1,9,FROM,0.96,441,260,537,298,805
IMG_024,1,10,KENT,0.96,562,260,664,298,805
IMG_024,1,11,Prices,0.97,182,571,285,598,805
IMG_024,1,12,remained,0.96,298,570,460,598,805
IMG_024,1,13,steady,0.96,473,570,584,604,805
IMG_024,1,14,this,0.96,596,570,657,598,805
IMG_024,1,15,"week,",0.96,670,570,768,601,805
IMG_024,1,16,with,0.96,781,571,856,598,805
IMG_024,1,17,merchants,0.96,869,571,1049,598,805
IMG_024,1,18,reporting,0.96,1062,571,1224,605,805
IMG_024,1,19,good,0.96,1236,570,1319,604,805
IMG_024,1,20,trade.,0.96,1331,570,1431,598,805
IMG_024,1,21,A,0.95,180,722,205,748,805
IMG_024,1,22,meeting,0.96,216,721,355,755,805
IMG_024,1,23,was,0.96,367,728,432,747,805
IMG_024,1,24,held,0.96,445,720,518,748,805
IMG_024,1,25,at,0.96,531,723,564,748,805
IMG_024,1,26,the,0.96,576,720,629,748,805
IMG_024,1,27,town,0.96,642,724,725,748,805
IMG_024,1,28,hall,0.96,738,721,800,748,805
IMG_024,1,29,concerning,0.96,813,721,1004,755,805
IMG_024,1,30,the,0.96,1017,721,1070,748,805
IMG_024,1,31,new,0.96,1083,728,1153,748,805
IMG_024,1,32,railway,0.95,1165,720,1291,754,805
IMG_024,1,33,service.,0.96,1303,721,1433,748,805
IMG_024,1,34,Weather:,0.96,180,870,333,898,805
IMG_024,1,35,light,0.96,348,871,426,905,805
IMG_024,1,36,rain,0.96,438,871,505,898,805
IMG_024,1,37,in,0.95,518,871,549,898,805
IMG_024,1,38,the,0.95,561,870,615,898,805
IMG_024,1,39,"morning,",0.96,628,871,780,905,805
IMG_024,1,40,clearing,0.96,795,870,934,905,805
IMG_024,1,41,by,0.96,947,870,986,904,805
IMG_024,1,42,afternoon.,0.96,998,871,1173,898,805
IMG_024,1,43,Document,0.96,182,2216,319,2237,805
IMG_024,1,44,ID:,0.96,331,2216,367,2236,805
IMG_024,1,45,IMG,0.47,382,2216,437,2236,805
IMG_024,1,46,024,0.95,453,2216,501,2236,805
IMG_025,1,1,THE,0.93,396,163,534,205,560
IMG_025,1,2,COUNTY,0.95,559,162,843,206,560
IMG_025,1,3,HERALD,0.93,865,163,1143,205,560
IMG_025,1,4,—,0.89,1169,186,1221,193,560
IMG_025,1,5,1897,0.95,1251,162,1401,206,560
IMG_025,1,6,LOCAL,0.96,182,272,303,297,560
IMG_025,1,7,NEWS,0.96,316,272,425,297,560
IMG_025,1,8,FROM,0.96,440,272,548,297,560
IMG_025,1,9,BRISTOL,0.96,563,272,721,297,560
IMG_025,1,10,MARKET,0.96,182,422,337,447,560
IMG_025,1,11,REPORT,0.96,351,422,497,447,560
IMG_025,1,12,Prices,0.96,182,571,285,597,560
IMG_025,1,13,remained,0.95,298,571,460,597,560
IMG_025,1,14,steady,0.96,474,571,584,604,560
IMG_025,1,15,this,0.96,596,571,657,597,560
IMG_025,1,16,"week,",0.96,670,571,768,601,560
IMG_025,1,17,with,0.96,781,571,856,597,560
IMG_025,1,18,merchants,0.96,869,571,1049,597,560
IMG_025,1,19,reporting,0.95,1062,571,1224,604,560
IMG_025,1,20,good,0.95,1237,571,1319,604,560
IMG_025,1,21,trade.,0.96,1331,571,1431,597,560
IMG_025,1,22,A,0.96,180,722,205,747,560
IMG_025,1,23,meeting,0.96,216,721,355,754,560
IMG_025,1,24,was,0.96,367,729,432,747,560
IMG_025,1,25,held,0.96,445,721,518,747,560
IMG_025,1,26,at,0.96,532,724,563,747,560
IMG_025,1,27,the,0.96,576,721,628,747,560
IMG_025,1,28,town,0.94,642,724,725,747,560
IMG_025,1,29,hall,0.94,738,721,800,747,560
IMG_025,1,30,concerning,0.96,814,721,1004,754,560
IMG_025,1,31,the,0.96,1017,721,1069,747,560
IMG_025,1,32,new,0.96,1083,729,1153,747,560
IMG_025,1,33,railway,0.96,1165,721,1291,754,560
IMG_025,1,34,service.,0.96,1304,721,1433,747,560
IMG_025,1,35,Weather:,0.96,180,871,333,897,560
IMG_025,1,36,light,0.95,348,871,425,904,560
IMG_025,1,37,rain,0.96,438,871,505,897,560
IMG_025,1,38,in,0.96,518,871,549,897,560
IMG_025,1,39,the,0.96,561,871,614,897,560
IMG_025,1,40,"morning,",0.96,628,871,780,904,560
IMG_025,1,41,clearing,0.96,796,871,934,904,560
IMG_025,1,42,by,0.96,947,871,986,904,560
IMG_025,1,43,afternoon.,0.96,999,871,1173,897,560
IMG_025,1,44,Document,0.95,182,2216,319,2236,560
IMG_025,1,45,ID:,0.96,331,2216,367,2236,560
IMG_025,1,46,IMG,0.32,390,2212,436,2246,560
IMG_025,1,47,025,0.32,452,2216,502,2242,560
IMG_026,1,1,THE,0.96,396,163,534,205,551
IMG_026,1,2,COUNTY,0.96,559,162,843,206,551
IMG_026,1,3,HERALD,0.91,865,163,1143,205,551
IMG_026,1,4,—,0.91,1169,186,1221,193,551
IMG_026,1,5,1905,0.96,1251,162,1401,206,551
IMG_026,1,6,LOCAL,0.96,182,272,303,297,551
IMG_026,1,7,NEWS,0.96,316,272,425,297,551
IMG_026,1,8,FROM,0.96,440,272,548,297,551
IMG_026,1,9,LONDON,0.96,563,272,724,297,551
IMG_026,1,10,MARKET,0.96,182,422,337,447,551
IMG_026,1,11,REPORT,0.96,351,422,497,447,551
IMG_026,1,12,Prices,0.96,182,571,285,597,551
IMG_026,1,13,remained,0.96,298,571,460,597,551
IMG_026,1,14,steady,0.96,474,571,584,604,551
IMG_026,1,15,this,0.96,596,571,657,597,551
IMG_026,1,16,"week,",0.96,670,571,768,601,551
IMG_026,1,17,with,0.96,781,571,856,597,551
IMG_026,1,18,merchants,0.96,869,571,1049,597,551
IMG_026,1,19,reporting,0.96,1062,571,1224,604,551
IMG_026,1,20,good,0.96,1237,571,1319,604,551
IMG_026,1,21,trade.,0.96,1331,571,1431,597,551
IMG_026,1,22,A,0.96,180,722,205,747,551
IMG_026,1,23,meeting,0.96,216,721,355,754,551
IMG_026,1,24,was,0.96,367,729,432,747,551
IMG_026,1,25,held,0.96,445,721,518,747,551
IMG_026,1,26,at,0.96,532,724,563,747,551
IMG_026,1,27,the,0.96,576,721,628,747,551
IMG_026,1,28,town,0.95,642,724,725,747,551
IMG_026,1,29,hall,0.95,738,721,800,747,551
IMG_026,1,30,concerning,0.95,814,721,1004,754,551
IMG_026,1,31,the,0.96,1017,721,1069,747,551
IMG_026,1,32,new,0.96,1083,729,1153,747,551
IMG_026,1,33,railway,0.95,1165,721,1291,754,551
IMG_026,1,34,service.,0.96,1304,721,1433,747,551
IMG_026,1,35,Weather:,0.96,180,871,333,897,551
IMG_026,1,36,light,0.96,348,871,425,904,551
IMG_026,1,37,rain,0.96,438,871,505,897,551
IMG_026,1,38,in,0.96,518,871,549,897,551
IMG_026,1,39,the,0.95,561,871,614,897,551
IMG_026,1,40,"morning,",0.95,628,871,780,904,551
IMG_026,1,41,clearing,0.96,796,871,934,904,551
IMG_026,1,42,by,0.96,947,871,986,904,551
IMG_026,1,43,afternoon.,0.96,999,871,1173,897,551
IMG_026,1,44,Document,0.96,182,2216,319,2236,551
IMG_026,1,45,ID:,0.96,331,2216,367,2236,551
IMG_026,1,46,IMG,0.6,390,2212,436,2246,551
IMG_026,1,47,026,0.6,452,2216,502,2242,551
IMG_027,1,1,THE,0.95,395,163,534,205,787
IMG_027,1,2,COUNTY,0.96,559,162,843,206,787
IMG_027,1,3,HERALD,0.92,865,163,1143,205,787
IMG_027,1,4,—,0.92,1169,186,1221,193,787
IMG_027,1,5,1882,0.96,1251,162,1400,206,787
IMG_027,1,6,LOCAL,0.95,182,272,303,297,787
IMG_027,1,7,NEWS,0.95,315,272,425,297,787
IMG_027,1,8,FROM,0.95,440,272,548,297,787
IMG_027,1,9,DEVON,0.96,563,272,693,297,787
IMG_027,1,10,MARKET,0.96,182,422,338,447,787
IMG_027,1,11,REPORT,0.96,351,422,498,447,787
IMG_027,1,12,Prices,0.96,182,571,285,597,787
IMG_027,1,13,remained,0.96,298,571,460,597,787
IMG_027,1,14,steady,0.96,474,571,584,604,787
IMG_027,1,15,this,0.96,596,571,657,597,787
IMG_027,1,16,"week,",0.96,670,571,767,601,787
IMG_027,1,17,with,0.96,781,571,856,597,787
IMG_027,1,18,merchants,0.96,869,571,1049,597,787
IMG_027,1,19,reporting,0.95,1062,571,1224,604,787
IMG_027,1,20,good,0.95,1236,571,1319,604,787
IMG_027,1,21,trade.,0.96,1331,571,1431,597,787
IMG_027,1,22,A,0.95,180,722,205,747,787
IMG_027,1,23,meeting,0.95,216,721,355,754,787
IMG_027,1,24,was,0.96,367,729,432,747,787
IMG_027,1,25,held,0.96,445,721,518,747,787
IMG_027,1,26,at,0.95,532,724,563,747,787
IMG_027,1,27,the,0.95,576,721,629,747,787
IMG_027,1,28,town,0.94,642,724,725,747,787
IMG_027,1,29,hall,0.94,738,721,800,747,787
IMG_027,1,30,concerning,0.96,814,721,1004,754,787
IMG_027,1,31,the,0.96,1017,721,1069,747,787
IMG_027,1,32,new,0.96,1083,729,1153,747,787
IMG_027,1,33,railway,0.96,1165,721,1291,754,787
IMG_027,1,34,service.,0.96,1304,721,1433,747,787
IMG_027,1,35,Weather:,0.96,180,871,333,897,787
IMG_027,1,36,light,0.96,348,871,426,904,787
IMG_027,1,37,rain,0.96,438,871,505,897,787
IMG_027,1,38,in,0.96,518,871,549,897,787
IMG_027,1,39,the,0.95,561,871,615,897,787
IMG_027,1,40,"morning,",0.96,628,871,780,904,787
IMG_027,1,41,clearing,0.96,796,871,934,904,787
IMG_027,1,42,by,0.96,947,871,986,904,787
IMG_027,1,43,afternoon.,0.95,999,871,1173,897,787
IMG_027,1,44,Document,0.96,181,2216,319,2236,787
IMG_027,1,45,ID:,0.96,331,2216,367,2236,787
IMG_027,1,46,IMG,0.96,386,2216,435,2236,787
IMG_027,1,47,027,0.96,451,2216,502,2242,787
IMG_028,1,1,THE,0.96,394,162,536,206,532
IMG_028,1,2,COUNTY,0.96,558,161,844,207,532
IMG_028,1,3,HERALD,0.93,864,162,1144,206,532
IMG_028,1,4,—,0.92,1168,185,1222,194,532
IMG_028,1,5,1925,0.94,1250,161,1402,207,532
IMG_028,1,6,LOCAL,0.96,182,271,304,298,532
IMG_028,1,7,NEWS,0.96,316,271,426,298,532
IMG_028,1,8,FROM,0.96,440,271,548,298,532
IMG_028,1,9,YORKSHIRE,0.95,561,271,777,298,532
IMG_028,1,10,Prices,0.96,182,571,286,598,532
IMG_028,1,11,remained,0.96,298,570,460,598,532
IMG_028,1,12,steady,0.96,473,570,584,605,532
IMG_028,1,13,this,0.96,596,570,658,598,532
IMG_028,1,14,"week,",0.96,670,570,768,601,532
IMG_028,1,15,with,0.95,781,570,856,598,532
IMG_028,1,16,merchants,0.95,869,570,1050,598,532
IMG_028,1,17,reporting,0.96,1062,571,1224,605,532
IMG_028,1,18,good,0.96,1235,570,1319,605,532
IMG_028,1,19,trade.,0.96,1331,570,1431,598,532
IMG_028,1,20,A,0.96,180,721,205,748,532
IMG_028,1,21,meeting,0.95,216,721,355,755,532
IMG_028,1,22,was,0.96,367,728,433,748,532
IMG_028,1,23,held,0.96,445,720,518,748,532
IMG_028,1,24,at,0.96,531,723,564,748,532
IMG_028,1,25,the,0.96,576,720,629,748,532
IMG_028,1,26,town,0.96,642,723,725,748,532
IMG_028,1,27,hall,0.95,738,720,800,748,532
IMG_028,1,28,concerning,0.96,812,721,1004,755,532
IMG_028,1,29,the,0.96,1017,720,1070,748,532
IMG_028,1,30,new,0.96,1083,728,1153,748,532
IMG_028,1,31,railway,0.96,1165,720,1291,755,532
IMG_028,1,32,service.,0.96,1303,721,1433,748,532
IMG_028,1,33,Weather:,0.96,180,870,333,898,532
IMG_028,1,34,light,0.96,348,870,426,905,532
IMG_028,1,35,rain,0.96,438,871,505,898,532
IMG_028,1,36,in,0.94,518,871,549,898,532
IMG_028,1,37,the,0.94,561,870,615,898,532
IMG_028,1,38,"morning,",0.95,628,871,780,905,532
IMG_028,1,39,clearing,0.96,794,870,934,905,532
IMG_028,1,40,by,0.96,947,870,986,905,532
IMG_028,1,41,afternoon.,0.96,998,870,1173,898,532
IMG_028,1,42,Document,0.96,183,2216,317,2236,532
IMG_028,1,43,ID:,0.95,332,2216,367,2236,532
IMG_028,1,44,IMG,0.95,382,2216,437,2236,532
IMG_028,1,45,028,0.95,453,2217,503,2237,532
IMG_029,1,1,THE,0.96,360,176,500,223,616
IMG_029,1,2,COUNTY,0.94,524,166,807,218,616
IMG_029,1,3,HERALD,0.93,828,156,1107,207,616
IMG_029,1,4,—,0.93,1133,175,1186,184,616
IMG_029,1,5,1912,0.96,1215,146,1365,193,616
IMG_029,1,6,LOCAL,0.96,150,294,272,323,616
IMG_029,1,7,NEWS,0.96,284,289,393,318,616
IMG_029,1,8,FROM,0.96,408,285,517,314,616
IMG_029,1,9,NORFOLK,0.96,530,278,713,309,616
IMG_029,1,10,MARKET,0.96,155,442,311,473,616
IMG_029,1,11,REPORT,0.96,324,436,471,467,616
IMG_029,1,12,Prices,0.96,160,595,264,623,616
IMG_029,1,13,remained,0.96,277,587,439,618,616
IMG_029,1,14,steady,0.96,453,583,563,616,616
IMG_029,1,15,this,0.96,574,580,636,608,616
IMG_029,1,16,"week,",0.96,649,577,746,606,616
IMG_029,1,17,with,0.96,760,573,835,601,616
IMG_029,1,18,merchants,0.96,847,569,1028,598,616
IMG_029,1,19,reporting,0.96,1040,562,1202,597,616
IMG_029,1,20,good,0.96,1215,557,1298,592,616
IMG_029,1,21,trade.,0.96,1309,554,1409,582,616
IMG_029,1,22,A,0.93,164,747,190,773,616
IMG_029,1,23,meeting,0.93,200,742,339,774,616
IMG_029,1,24,was,0.96,351,746,416,766,616
IMG_029,1,25,held,0.96,429,735,502,763,616
IMG_029,1,26,at,0.96,516,736,548,760,616
IMG_029,1,27,the,0.96,560,732,612,758,616
IMG_029,1,28,town,0.96,626,733,709,756,616
IMG_029,1,29,hall,0.96,721,725,784,753,616
IMG_029,1,30,concerning,0.96,798,719,988,751,616
IMG_029,1,31,the,0.96,1000,716,1053,743,616
IMG_029,1,32,new,0.96,1066,720,1136,741,616
IMG_029,1,33,railway,0.96,1148,710,1275,741,616
IMG_029,1,34,service.,0.95,1287,704,1417,733,616
IMG_029,1,35,Weather:,0.96,169,893,323,922,616
IMG_029,1,36,light,0.96,337,889,415,922,616
IMG_029,1,37,rain,0.96,427,886,495,913,616
IMG_029,1,38,in,0.96,507,884,539,911,616
IMG_029,1,39,the,0.96,550,882,604,909,616
IMG_029,1,40,"morning,",0.96,617,877,769,909,616
IMG_029,1,41,clearing,0.96,785,872,923,903,616
IMG_029,1,42,by,0.97,935,869,975,902,616
IMG_029,1,43,afternoon.,0.96,988,867,1162,894,616
IMG_029,1,44,Document,0.96,218,2238,356,2260,616
IMG_029,1,45,ID:,0.93,366,2235,404,2255,616
IMG_029,1,46,IMG_029,0.91,417,2229,538,2258,616
IMG_030,1,1,THE,0.96,396,163,534,205,581
IMG_030,1,2,COUNTY,0.96,559,162,843,206,581
IMG_030,1,3,HERALD,0.9,865,163,1143,205,581
IMG_030,1,4,—,0.9,1169,186,1221,193,581
IMG_030,1,5,1899,0.96,1251,162,1402,206,581
IMG_030,1,6,LOCAL,0.95,182,272,303,297,581
IMG_030,1,7,NEWS,0.95,316,272,425,297,581
IMG_030,1,8,FROM,0.96,440,272,548,297,581
IMG_030,1,9,LANCASHIRE,0.96,563,272,802,297,581
IMG_030,1,10,MARKET,0.96,182,422,337,447,581
IMG_030,1,11,REPORT,0.96,351,422,497,447,581
IMG_030,1,12,Prices,0.96,182,571,285,597,581
IMG_030,1,13,remained,0.96,298,571,460,597,581
IMG_030,1,14,steady,0.96,474,571,584,604,581
IMG_030,1,15,this,0.96,596,571,657,597,581
IMG_030,1,16,"week,",0.96,670,571,768,601,581
IMG_030,1,17,with,0.96,781,571,856,597,581
IMG_030,1,18,merchants,0.96,869,571,1049,597,581
IMG_030,1,19,reporting,0.95,1062,571,1224,604,581
IMG_030,1,20,good,0.96,1237,571,1319,604,581
IMG_030,1,21,trade.,0.96,1331,571,1431,597,581
IMG_030,1,22,A,0.96,180,722,205,747,581
IMG_030,1,23,meeting,0.96,216,721,355,754,581
IMG_030,1,24,was,0.96,367,729,432,747,581
IMG_030,1,25,held,0.96,445,721,518,747,581
IMG_030,1,26,at,0.96,532,724,563,747,581
IMG_030,1,27,the,0.96,576,721,628,747,581
IMG_030,1,28,town,0.94,642,724,725,747,581
IMG_030,1,29,hall,0.96,738,721,800,747,581
IMG_030,1,30,concerning,0.96,814,721,1004,754,581
IMG_030,1,31,the,0.95,1017,721,1069,747,581
IMG_030,1,32,new,0.95,1083,729,1153,747,581
IMG_030,1,33,railway,0.95,1165,721,1291,754,581
IMG_030,1,34,service.,0.96,1304,721,1433,747,581
IMG_030,1,35,Weather:,0.95,180,871,333,897,581
IMG_030,1,36,light,0.95,348,871,425,904,581
IMG_030,1,37,rain,0.96,438,871,505,897,581
IMG_030,1,38,in,0.96,518,871,549,897,581
IMG_030,1,39,the,0.96,561,871,614,897,581
IMG_030,1,40,"morning,",0.96,628,871,780,904,581
IMG_030,1,41,clearing,0.96,796,871,934,904,581
IMG_030,1,42,by,0.96,947,871,986,904,581
IMG_030,1,43,afternoon.,0.96,999,871,1173,897,581
IMG_030,1,44,Document,0.96,182,2216,319,2236,581
IMG_030,1,45,ID:,0.96,331,2216,367,2236,581
IMG_030,1,46,IMG_030,0.86,381,2216,502,2242,581
IMG_031,1,1,Document,0.96,181,2216,320,2236,388
IMG_031,1,2,ID:,0.96,330,2216,367,2236,388
IMG_031,1,3,IMG,0.62,389,2212,435,2246,388
IMG_031,1,4,_031,0.62,440,2216,501,2242,388
IMG_032,1,1,THE,0.94,395,162,535,206,802
IMG_032,1,2,COUNTY,0.94,559,161,843,207,802
IMG_032,1,3,HERALD,0.89,864,162,1144,206,802
IMG_032,1,4,—,0.89,1168,185,1221,194,802
IMG_032,1,5,1882,0.96,1251,161,1401,207,802
IMG_032,1,6,LOCAL,0.96,182,271,303,298,802
IMG_032,1,7,NEWS,0.96,315,271,425,298,802
IMG_032,1,8,FROM,0.95,440,260,548,298,802
IMG_032,1,9,DURHAM,0.92,563,260,769,298,802
IMG_032,1,10,|,0.72,754,256,772,308,802
IMG_032,1,11,MARKET,0.96,182,421,338,448,802
IMG_032,1,12,REPORT,0.95,351,421,498,448,802
IMG_032,1,13,Prices,0.96,182,571,285,598,802
IMG_032,1,14,remained,0.96,298,570,460,598,802
IMG_032,1,15,steady,0.96,474,570,584,604,802
IMG_032,1,16,this,0.96,596,571,657,598,802
IMG_032,1,17,"week,",0.96,670,570,768,601,802
IMG_032,1,18,with,0.96,781,570,856,598,802
IMG_032,1,19,merchants,0.96,869,571,1049,598,802
IMG_032,1,20,reporting,0.96,1062,571,1224,605,802
IMG_032,1,21,good,0.96,1236,570,1319,604,802
IMG_032,1,22,trade.,0.96,1331,571,1431,598,802
IMG_032,1,23,A,0.95,180,722,205,748,802
IMG_032,1,24,meeting,0.95,216,721,355,754,802
IMG_032,1,25,was,0.95,368,728,432,748,802
IMG_032,1,26,held,0.95,445,720,518,748,802
IMG_032,1,27,at,0.96,531,724,564,748,802
IMG_032,1,28,the,0.96,576,720,629,748,802
IMG_032,1,29,town,0.95,642,724,725,748,802
IMG_032,1,30,hall,0.96,738,720,800,748,802
IMG_032,1,31,concerning,0.96,813,721,1004,755,802
IMG_032,1,32,the,0.96,1017,720,1070,748,802
IMG_032,1,33,new,0.96,1083,728,1153,748,802
IMG_032,1,34,railway,0.96,1165,720,1291,754,802
IMG_032,1,35,service.,0.96,1303,721,1433,748,802
IMG_032,1,36,Weather:,0.96,180,871,334,898,802
IMG_032,1,37,light,0.96,348,870,426,905,802
IMG_032,1,38,rain,0.96,438,871,505,898,802
IMG_032,1,39,in,0.94,518,871,549,898,802
IMG_032,1,40,the,0.94,561,870,615,898,802
IMG_032,1,41,"morning,",0.96,628,871,780,905,802
IMG_032,1,42,clearing,0.96,795,870,934,905,802
IMG_032,1,43,by,0.96,947,870,986,904,802
IMG_032,1,44,afternoon.,0.96,998,871,1173,898,802
IMG_032,1,45,Document,0.96,183,2216,318,2236,802
IMG_032,1,46,ID:,0.96,332,2216,367,2236,802
IMG_032,1,47,IMG,0.4,382,2216,437,2236,802
IMG_032,1,48,032,0.95,453,2216,502,2236,802
IMG_033,1,1,THE,0.96,396,163,534,205,577
IMG_033,1,2,COUNTY,0.96,559,162,843,206,577
IMG_033,1,3,HERALD,0.9,865,163,1143,205,577
IMG_033,1,4,—,0.9,1169,186,1221,193,577
IMG_033,1,5,1929,0.96,1251,162,1402,206,577
IMG_033,1,6,LOCAL,0.96,182,272,303,297,577
IMG_033,1,7,NEWS,0.94,316,272,425,297,577
IMG_033,1,8,FROM,0.96,440,272,548,297,577
IMG_033,1,9,LEEDS,0.96,563,272,681,297,577
IMG_033,1,10,MARKET,0.96,182,422,337,447,577
IMG_033,1,11,REPORT,0.96,351,422,497,447,577
IMG_033,1,12,Prices,0.96,182,571,285,597,577
IMG_033,1,13,remained,0.95,298,571,460,597,577
IMG_033,1,14,steady,0.96,474,571,584,604,577
IMG_033,1,15,this,0.96,596,571,657,597,577
IMG_033,1,16,"week,",0.96,670,571,768,601,577
IMG_033,1,17,with,0.96,781,571,856,597,577
IMG_033,1,18,merchants,0.96,869,571,1049,597,577
IMG_033,1,19,reporting,0.95,1062,571,1224,604,577
IMG_033,1,20,good,0.95,1237,571,1319,604,577
IMG_033,1,21,trade.,0.96,1331,571,1431,597,577
IMG_033,1,22,A,0.96,180,722,205,747,577
IMG_033,1,23,meeting,0.96,216,721,355,754,577
IMG_033,1,24,was,0.96,367,729,432,747,577
IMG_033,1,25,held,0.96,445,721,518,747,577
IMG_033,1,26,at,0.96,532,724,563,747,577
IMG_033,1,27,the,0.96,576,721,628,747,577
IMG_033,1,28,town,0.94,642,724,725,747,577
IMG_033,1,29,hall,0.94,738,721,800,747,577
IMG_033,1,30,concerning,0.96,814,721,1004,754,577
IMG_033,1,31,the,0.96,1017,721,1069,747,577
IMG_033,1,32,new,0.96,1083,729,1153,747,577
IMG_033,1,33,railway,0.96,1165,721,1291,754,577
IMG_033,1,34,service.,0.96,1304,721,1433,747,577
IMG_033,1,35,Weather:,0.96,180,871,333,897,577
IMG_033,1,36,light,0.95,348,871,425,904,577
IMG_033,1,37,rain,0.96,438,871,505,897,577
IMG_033,1,38,in,0.96,518,871,549,897,577
IMG_033,1,39,the,0.96,561,871,614,897,577
IMG_033,1,40,"morning,",0.96,628,871,780,904,577
IMG_033,1,41,clearing,0.96,796,871,934,904,577
IMG_033,1,42,by,0.96,947,871,986,904,577
IMG_033,1,43,afternoon.,0.96,999,871,1173,897,577
IMG_033,1,44,Document,0.96,182,2216,319,2236,577
IMG_033,1,45,ID:,0.96,331,2216,367,2236,577
IMG_033,1,46,IMG,0.55,390,2212,436,2246,577
IMG_033,1,47,033,0.92,452,2216,502,2242,577
IMG_034,1,1,THE,0.96,396,163,534,205,607
IMG_034,1,2,COUNTY,0.96,559,162,843,206,607
IMG_034,1,3,HERALD,0.91,865,163,1143,205,607
IMG_034,1,4,—,0.91,1169,186,1221,193,607
IMG_034,1,5,1900,0.96,1251,162,1403,206,607
IMG_034,1,6,LOCAL,0.96,182,272,303,297,607
IMG_034,1,7,NEWS,0.96,316,272,425,297,607
IMG_034,1,8,FROM,0.96,440,272,548,297,607
IMG_034,1,9,DEVON,0.95,563,272,693,297,607
IMG_034,1,10,MARKET,0.96,182,422,337,447,607
IMG_034,1,11,REPORT,0.96,351,422,497,447,607
IMG_034,1,12,Prices,0.96,182,571,285,597,607
IMG_034,1,13,remained,0.96,298,571,460,597,607
IMG_034,1,14,steady,0.96,474,571,584,604,607
IMG_034,1,15,this,0.96,596,571,657,597,607
IMG_034,1,16,"week,",0.96,670,571,768,601,607
IMG_034,1,17,with,0.96,781,571,856,597,607
IMG_034,1,18,merchants,0.96,869,571,1049,597,607
IMG_034,1,19,reporting,0.96,1062,571,1224,604,607
IMG_034,1,20,good,0.96,1237,571,1319,604,607
IMG_034,1,21,trade.,0.96,1331,571,1431,597,607
IMG_034,1,22,A,0.96,180,722,205,747,607
IMG_034,1,23,meeting,0.96,216,721,355,754,607
IMG_034,1,24,was,0.96,367,729,432,747,607
IMG_034,1,25,held,0.96,445,721,518,747,607
IMG_034,1,26,at,0.96,532,724,563,747,607
IMG_034,1,27,the,0.96,576,721,628,747,607
IMG_034,1,28,town,0.95,642,724,725,747,607
IMG_034,1,29,hall,0.95,738,721,800,747,607
IMG_034,1,30,concerning,0.95,814,721,1004,754,607
IMG_034,1,31,the,0.96,1017,721,1069,747,607
IMG_034,1,32,new,0.96,1083,729,1153,747,607
IMG_034,1,33,railway,0.95,1165,721,1291,754,607
IMG_034,1,34,service.,0.96,1304,721,1433,747,607
IMG_034,1,35,Weather:,0.96,180,871,333,897,607
IMG_034,1,36,light,0.96,348,871,425,904,607
IMG_034,1,37,rain,0.96,438,871,505,897,607
IMG_034,1,38,in,0.96,518,871,549,897,607
IMG_034,1,39,the,0.95,561,871,614,897,607
IMG_034,1,40,"morning,",0.95,628,871,780,904,607
IMG_034,1,41,clearing,0.96,796,871,934,904,607
IMG_034,1,42,by,0.96,947,871,986,904,607
IMG_034,1,43,afternoon.,0.96,999,871,1173,897,607
IMG_034,1,44,Document,0.96,182,2216,319,2236,607
IMG_034,1,45,ID:,0.96,331,2216,367,2236,607
IMG_034,1,46,IMG,0.94,387,2212,436,2246,607
IMG_034,1,47,034,0.94,452,2216,503,2242,607
IMG_035,1,1,THE,0.96,395,163,534,205,776
IMG_035,1,2,COUNTY,0.95,559,162,843,206,776
IMG_035,1,3,HERALD,0.93,865,163,1143,205,776
IMG_035,1,4,—,0.91,1169,186,1221,193,776
IMG_035,1,5,1920,0.96,1251,162,1403,206,776
IMG_035,1,6,LOCAL,0.95,182,272,303,297,776
IMG_035,1,7,NEWS,0.95,315,272,425,297,776
IMG_035,1,8,FROM,0.95,440,272,548,297,776
IMG_035,1,9,LONDON,0.96,563,272,724,297,776
IMG_035,1,10,MARKET,0.96,182,422,338,447,776
IMG_035,1,11,REPORT,0.96,351,422,498,447,776
IMG_035,1,12,Prices,0.96,182,571,285,597,776
IMG_035,1,13,remained,0.96,298,571,460,597,776
IMG_035,1,14,steady,0.96,474,571,584,604,776
IMG_035,1,15,this,0.96,596,571,657,597,776
IMG_035,1,16,"week,",0.96,670,571,767,601,776
IMG_035,1,17,with,0.96,781,571,856,597,776
IMG_035,1,18,merchants,0.96,869,571,1049,597,776
IMG_035,1,19,reporting,0.96,1062,571,1224,604,776
IMG_035,1,20,good,0.95,1237,571,1319,604,776
IMG_035,1,21,trade.,0.96,1331,571,1431,597,776
IMG_035,1,22,A,0.95,180,722,205,747,776
IMG_035,1,23,meeting,0.95,216,721,355,754,776
IMG_035,1,24,was,0.96,367,729,432,747,776
IMG_035,1,25,held,0.95,445,721,518,747,776
IMG_035,1,26,at,0.96,532,724,563,747,776
IMG_035,1,27,the,0.96,576,721,628,747,776
IMG_035,1,28,town,0.95,642,724,725,747,776
IMG_035,1,29,hall,0.95,738,721,800,747,776
IMG_035,1,30,concerning,0.96,814,721,1004,754,776
IMG_035,1,31,the,0.96,1017,721,1069,747,776
IMG_035,1,32,new,0.96,1083,729,1153,747,776
IMG_035,1,33,railway,0.95,1165,721,1291,754,776
IMG_035,1,34,service.,0.96,1304,721,1433,747,776
IMG_035,1,35,Weather:,0.96,180,871,333,897,776
IMG_035,1,36,light,0.96,348,871,425,904,776
IMG_035,1,37,rain,0.96,438,871,505,897,776
IMG_035,1,38,in,0.96,518,871,549,897,776
IMG_035,1,39,the,0.96,561,871,615,897,776
IMG_035,1,40,"morning,",0.96,628,871,780,904,776
IMG_035,1,41,clearing,0.96,796,871,934,904,776
IMG_035,1,42,by,0.96,947,871,986,904,776
IMG_035,1,43,afternoon.,0.95,999,871,1173,897,776
IMG_035,1,44,Document,0.96,181,2216,319,2236,776
IMG_035,1,45,ID:,0.96,331,2216,367,2236,776
IMG_035,1,46,IMG,0.96,386,2212,435,2246,776
IMG_035,1,47,035,0.96,451,2216,502,2242,776
IMG_036,1,1,THE,0.96,394,162,536,206,534
IMG_036,1,2,COUNTY,0.96,558,161,844,207,534
IMG_036,1,3,HERALD,0.93,864,162,1144,206,534
IMG_036,1,4,—,0.9,1168,185,1222,194,534
IMG_036,1,5,1904,0.96,1250,161,1404,207,534
IMG_036,1,6,LOCAL,0.96,182,271,304,298,534
IMG_036,1,7,NEWS,0.96,316,271,426,298,534
IMG_036,1,8,FROM,0.96,440,271,548,298,534
IMG_036,1,9,LEEDS,0.96,563,271,682,298,534
IMG_036,1,10,Prices,0.96,182,571,286,598,534
IMG_036,1,11,remained,0.96,298,570,460,598,534
IMG_036,1,12,steady,0.96,473,570,584,605,534
IMG_036,1,13,this,0.96,596,570,658,598,534
IMG_036,1,14,"week,",0.96,670,570,768,601,534
IMG_036,1,15,with,0.95,781,570,856,598,534
IMG_036,1,16,merchants,0.95,869,570,1050,598,534
IMG_036,1,17,reporting,0.96,1062,571,1224,605,534
IMG_036,1,18,good,0.96,1235,570,1319,605,534
IMG_036,1,19,trade.,0.96,1331,570,1431,598,534
IMG_036,1,20,A,0.96,180,721,205,748,534
IMG_036,1,21,meeting,0.95,216,721,355,755,534
IMG_036,1,22,was,0.96,367,728,433,748,534
IMG_036,1,23,held,0.96,445,720,518,748,534
IMG_036,1,24,at,0.96,531,723,564,748,534
IMG_036,1,25,the,0.96,576,720,629,748,534
IMG_036,1,26,town,0.96,642,723,725,748,534
IMG_036,1,27,hall,0.95,738,720,800,748,534
IMG_036,1,28,concerning,0.96,812,721,1004,755,534
IMG_036,1,29,the,0.96,1017,720,1070,748,534
IMG_036,1,30,new,0.96,1083,728,1153,748,534
IMG_036,1,31,railway,0.96,1165,720,1291,755,534
IMG_036,1,32,service.,0.96,1303,721,1433,748,534
IMG_036,1,33,Weather:,0.96,180,870,333,898,534
IMG_036,1,34,light,0.96,348,870,426,905,534
IMG_036,1,35,rain,0.96,438,871,505,898,534
IMG_036,1,36,in,0.94,518,871,549,898,534
IMG_036,1,37,the,0.94,561,870,615,898,534
IMG_036,1,38,"morning,",0.95,628,871,780,905,534
IMG_036,1,39,clearing,0.96,794,870,934,905,534
IMG_036,1,40,by,0.96,947,870,986,905,534
IMG_036,1,41,afternoon.,0.96,998,870,1173,898,534
IMG_036,1,42,Document,0.96,183,2216,317,2236,534
IMG_036,1,43,ID:,0.96,332,2216,367,2236,534
IMG_036,1,44,IMG,0.67,382,2216,437,2236,534
IMG_036,1,45,036,0.67,453,2217,503,2235,534
IMG_037,1,1,THE,0.96,360,176,500,223,606
IMG_037,1,2,COUNTY,0.94,524,166,807,218,606
IMG_037,1,3,HERALD,0.93,828,156,1107,207,606
IMG_037,1,4,—,0.93,1133,175,1186,184,606
IMG_037,1,5,1934,0.96,1215,145,1368,193,606
IMG_037,1,6,LOCAL,0.96,150,294,272,323,606
IMG_037,1,7,NEWS,0.96,284,289,393,318,606
IMG_037,1,8,FROM,0.96,408,285,517,314,606
IMG_037,1,9,NORFOLK,0.96,530,278,713,309,606
IMG_037,1,10,MARKET,0.96,155,442,311,473,606
IMG_037,1,11,REPORT,0.96,324,436,471,467,606
IMG_037,1,12,Prices,0.96,160,595,264,623,606
IMG_037,1,13,remained,0.96,277,587,439,618,606
IMG_037,1,14,steady,0.96,453,583,563,616,606
IMG_037,1,15,this,0.96,574,580,636,608,606
IMG_037,1,16,"week,",0.96,649,577,746,606,606
IMG_037,1,17,with,0.96,760,573,835,601,606
IMG_037,1,18,merchants,0.96,847,569,1028,598,606
IMG_037,1,19,reporting,0.96,1040,562,1202,597,606
IMG_037,1,20,good,0.96,1215,557,1298,592,606
IMG_037,1,21,trade.,0.96,1309,554,1409,582,606
IMG_037,1,22,A,0.93,164,747,190,773,606
IMG_037,1,23,meeting,0.93,200,742,339,774,606
IMG_037,1,24,was,0.96,351,746,416,766,606
IMG_037,1,25,held,0.96,429,735,502,763,606
IMG_037,1,26,at,0.96,516,736,548,760,606
IMG_037,1,27,the,0.96,560,732,612,758,606
IMG_037,1,28,town,0.96,626,733,709,756,606
IMG_037,1,29,hall,0.96,721,725,784,753,606
IMG_037,1,30,concerning,0.96,798,719,988,751,606
IMG_037,1,31,the,0.96,1000,716,1053,743,606
IMG_037,1,32,new,0.96,1066,720,1136,741,606
IMG_037,1,33,railway,0.96,1148,710,1275,741,606
IMG_037,1,34,service.,0.95,1287,704,1417,733,606
IMG_037,1,35,Weather:,0.96,169,893,323,922,606
IMG_037,1,36,light,0.96,337,889,415,922,606
IMG_037,1,37,rain,0.96,427,886,495,913,606
IMG_037,1,38,in,0.96,507,884,539,911,606
IMG_037,1,39,the,0.96,550,882,604,909,606
IMG_037,1,40,"morning,",0.96,617,877,769,909,606
IMG_037,1,41,clearing,0.96,785,872,923,903,606
IMG_037,1,42,by,0.97,935,869,975,902,606
IMG_037,1,43,afternoon.,0.96,988,867,1162,894,606
IMG_037,1,44,Document,0.96,218,2238,356,2260,606
IMG_037,1,45,ID:,0.93,366,2235,404,2255,606
IMG_037,1,46,IMG_037,0.92,417,2229,538,2258,606
IMG_038,1,1,THE,0.96,396,163,534,205,540
IMG_038,1,2,COUNTY,0.96,559,162,843,206,540
IMG_038,1,3,HERALD,0.93,865,163,1143,205,540
IMG_038,1,4,—,0.91,1169,186,1221,193,540
IMG_038,1,5,1894,0.96,1251,162,1403,206,540
IMG_038,1,6,LOCAL,0.95,182,272,303,297,540
IMG_038,1,7,NEWS,0.95,316,272,425,297,540
IMG_038,1,8,FROM,0.96,440,272,548,297,540
IMG_038,1,9,NORFOLK,0.95,563,272,744,297,540
IMG_038,1,10,MARKET,0.96,182,422,337,447,540
IMG_038,1,11,REPORT,0.96,351,422,497,447,540
IMG_038,1,12,Prices,0.96,182,571,285,597,540
IMG_038,1,13,remained,0.96,298,571,460,597,540
IMG_038,1,14,steady,0.96,474,571,584,604,540
IMG_038,1,15,this,0.96,596,571,657,597,540
IMG_038,1,16,"week,",0.96,670,571,768,601,540
IMG_038,1,17,with,0.96,781,571,856,597,540
IMG_038,1,18,merchants,0.96,869,571,1049,597,540
IMG_038,1,19,reporting,0.95,1062,571,1224,604,540
IMG_038,1,20,good,0.96,1237,571,1319,604,540
IMG_038,1,21,trade.,0.96,1331,571,1431,597,540
IMG_038,1,22,A,0.96,180,722,205,747,540
IMG_038,1,23,meeting,0.96,216,721,355,754,540
IMG_038,1,24,was,0.96,367,729,432,747,540
IMG_038,1,25,held,0.96,445,721,518,747,540
IMG_038,1,26,at,0.96,532,724,563,747,540
IMG_038,1,27,the,0.96,576,721,628,747,540
IMG_038,1,28,town,0.94,642,724,725,747,540
IMG_038,1,29,hall,0.96,738,721,800,747,540
IMG_038,1,30,concerning,0.96,814,721,1004,754,540
IMG_038,1,31,the,0.95,1017,721,1069,747,540
IMG_038,1,32,new,0.95,1083,729,1153,747,540
IMG_038,1,33,railway,0.95,1165,721,1291,754,540
IMG_038,1,34,service.,0.96,1304,721,1433,747,540
IMG_038,1,35,Weather:,0.95,180,871,333,897,540
IMG_038,1,36,light,0.95,348,871,425,904,540
IMG_038,1,37,rain,0.96,438,871,505,897,540
IMG_038,1,38,in,0.96,518,871,549,897,540
IMG_038,1,39,the,0.96,561,871,614,897,540
IMG_038,1,40,"morning,",0.96,628,871,780,904,540
IMG_038,1,41,clearing,0.96,796,871,934,904,540
IMG_038,1,42,by,0.96,947,871,986,904,540
IMG_038,1,43,afternoon.,0.96,999,871,1173,897,540
IMG_038,1,44,Document,0.96,182,2216,319,2236,540
IMG_038,1,45,ID:,0.92,331,2216,367,2236,540
IMG_038,1,46,IMG_038,0.76,381,2216,502,2242,540
IMG_039,1,1,Document,0.96,181,2216,320,2236,382
IMG_039,1,2,ID:,0.96,330,2216,367,2236,382
IMG_039,1,3,IMG,0.22,389,2212,437,2246,382
IMG_039,1,4,_039,0.22,443,2216,503,2242,382
IMG_040,1,1,THE,0.95,395,162,535,206,763
IMG_040,1,2,COUNTY,0.96,559,161,843,207,763
IMG_040,1,3,HERALD,0.92,864,162,1143,206,763
IMG_040,1,4,—,0.92,1168,185,1221,194,763
IMG_040,1,5,1928,0.96,1251,161,1403,207,763
IMG_040,1,6,LOCAL,0.95,182,271,304,298,763
IMG_040,1,7,NEWS,0.96,315,271,425,298,763
IMG_040,1,8,FROM,0.96,440,271,548,298,763
IMG_040,1,9,LONDON,0.96,563,271,724,298,763
IMG_040,1,10,MARKET,0.96,181,421,338,448,763
IMG_040,1,11,REPORT,0.96,351,421,498,448,763
IMG_040,1,12,Prices,0.96,182,571,285,598,763
IMG_040,1,13,remained,0.96,298,570,460,598,763
IMG_040,1,14,steady,0.96,474,570,584,604,763
IMG_040,1,15,this,0.96,596,570,657,598,763
IMG_040,1,16,"week,",0.96,670,571,768,601,763
IMG_040,1,17,with,0.96,782,571,856,598,763
IMG_040,1,18,merchants,0.96,869,571,1049,598,763
IMG_040,1,19,reporting,0.96,1062,571,1224,605,763
IMG_040,1,20,good,0.96,1236,571,1319,605,763
IMG_040,1,21,trade.,0.96,1331,571,1431,598,763
IMG_040,1,22,A,0.92,180,722,205,748,763
IMG_040,1,23,meeting,0.92,216,721,355,754,763
IMG_040,1,24,was,0.96,367,728,432,748,763
IMG_040,1,25,held,0.96,445,720,518,748,763
IMG_040,1,26,at,0.96,531,724,564,747,763
IMG_040,1,27,the,0.96,576,720,629,748,763
IMG_040,1,28,town,0.96,642,724,725,748,763
IMG_040,1,29,hall,0.96,738,720,800,748,763
IMG_040,1,30,concerning,0.96,813,721,1004,754,763
IMG_040,1,31,the,0.96,1017,721,1070,748,763
IMG_040,1,32,new,0.96,1083,728,1153,748,763
IMG_040,1,33,railway,0.96,1165,720,1291,754,763
IMG_040,1,34,service.,0.96,1304,721,1433,748,763
IMG_040,1,35,Weather:,0.96,180,870,333,898,763
IMG_040,1,36,light,0.95,348,870,425,905,763
IMG_040,1,37,rain,0.96,438,871,505,898,763
IMG_040,1,38,in,0.96,518,871,549,898,763
IMG_040,1,39,the,0.96,561,871,615,898,763
IMG_040,1,40,"morning,",0.96,628,871,780,904,763
IMG_040,1,41,clearing,0.95,795,870,934,905,763
IMG_040,1,42,by,0.96,947,870,986,904,763
IMG_040,1,43,afternoon.,0.96,998,870,1173,898,763
IMG_040,1,44,Document,0.96,183,2216,319,2236,763
IMG_040,1,45,ID:,0.95,332,2216,367,2236,763
IMG_040,1,46,IMG,0.96,382,2215,437,2236,763
IMG_040,1,47,040,0.66,454,2216,502,2236,763
IMG_041,1,1,MARRIAGE,0.94,532,162,898,206,502
IMG_041,1,2,REGISTER,0.94,925,162,1269,206,502
IMG_041,1,3,Parish:,0.96,182,271,296,297,502
IMG_041,1,4,Saint,0.96,313,271,400,297,502
IMG_041,1,5,John's,0.96,408,271,514,304,502
IMG_041,1,6,Parish,0.96,529,271,634,297,502
IMG_041,1,7,Date:,0.96,182,422,269,447,502
IMG_041,1,8,17,0.96,288,422,324,447,502
IMG_041,1,9,June,0.96,335,422,413,454,502
IMG_041,1,10,1895,0.96,430,422,510,447,502
IMG_041,1,11,Groom:,0.95,182,572,305,597,502
IMG_041,1,12,Eleanor,0.96,321,571,453,597,502
IMG_041,1,13,Smith,0.96,467,571,565,597,502
IMG_041,1,14,Bride:,0.96,182,721,282,747,502
IMG_041,1,15,Eleanor,0.95,298,721,431,747,502
IMG_041,1,16,Smith,0.96,445,721,543,747,502
IMG_041,1,17,Residence:,0.96,182,871,365,897,502
IMG_041,1,18,Yorkshire,0.96,379,871,541,897,502
IMG_041,1,19,Occupation:,0.93,182,1021,385,1054,502
IMG_041,1,20,stationer,0.92,401,1021,553,1047,502
IMG_041,1,21,Witnesses:,0.96,180,1171,361,1197,502
IMG_041,1,22,Thomas,0.96,376,1171,509,1197,502
IMG_041,1,23,Green;,0.96,523,1172,635,1201,502
IMG_041,1,24,Elizabeth,0.96,651,1171,811,1197,502
IMG_041,1,25,Green,0.95,824,1172,927,1197,502
IMG_041,1,26,Document,0.96,182,2216,319,2236,502
IMG_041,1,27,ID:,0.96,331,2216,367,2236,502
IMG_041,1,28,IMG,0.4,390,2212,436,2246,502
IMG_041,1,29,041,0.94,452,2216,500,2242,502
IMG_042,1,1,MARRIAGE,0.94,532,162,898,206,500
IMG_042,1,2,REGISTER,0.94,925,162,1269,206,500
IMG_042,1,3,Parish:,0.96,182,271,296,297,500
IMG_042,1,4,Saint,0.96,313,271,400,297,500
IMG_042,1,5,Peter's,0.96,413,272,528,297,500
IMG_042,1,6,Parish,0.96,542,271,647,297,500
IMG_042,1,7,Date:,0.96,182,422,269,447,500
IMG_042,1,8,17,0.94,288,422,324,447,500
IMG_042,1,9,June,0.96,335,422,413,454,500
IMG_042,1,10,1929,0.96,430,422,510,447,500
IMG_042,1,11,Groom:,0.96,182,572,305,597,500
IMG_042,1,12,Thomas,0.96,319,571,452,597,500
IMG_042,1,13,Bennett,0.96,467,572,600,597,500
IMG_042,1,14,Bride:,0.96,182,721,282,747,500
IMG_042,1,15,William,0.96,296,721,425,747,500
IMG_042,1,16,Carter,0.96,439,722,550,747,500
IMG_042,1,17,Residence:,0.96,182,871,365,897,500
IMG_042,1,18,London,0.96,381,871,507,897,500
IMG_042,1,19,Occupation:,0.96,182,1021,385,1054,500
IMG_042,1,20,farmer,0.96,400,1021,517,1047,500
IMG_042,1,21,Witnesses:,0.96,180,1171,361,1197,500
IMG_042,1,22,Thomas,0.96,376,1171,509,1197,500
IMG_042,1,23,Green;,0.96,523,1172,635,1201,500
IMG_042,1,24,Elizabeth,0.96,651,1171,811,1197,500
IMG_042,1,25,Green,0.96,824,1172,927,1197,500
IMG_042,1,26,Document,0.96,182,2216,319,2236,500
IMG_042,1,27,ID:,0.96,331,2216,367,2236,500
IMG_042,1,28,IMG,0.95,387,2212,436,2246,500
IMG_042,1,29,042,0.82,452,2216,501,2242,500
IMG_043,1,1,MARRIAGE,0.95,532,162,898,206,691
IMG_043,1,2,REGISTER,0.96,925,162,1269,206,691
IMG_043,1,3,Parish:,0.96,182,271,296,297,691
IMG_043,1,4,Saint,0.96,313,271,400,297,691
IMG_043,1,5,Peter's,0.96,413,272,528,297,691
IMG_043,1,6,Parish,0.96,542,271,647,297,691
IMG_043,1,7,Date:,0.96,182,422,269,447,691
IMG_043,1,8,17,0.95,288,422,324,447,691
IMG_043,1,9,June,0.96,335,422,414,454,691
IMG_043,1,10,1930,0.96,430,422,510,447,691
IMG_043,1,11,Groom:,0.96,182,572,305,597,691
IMG_043,1,12,Henry,0.96,321,572,426,604,691
IMG_043,1,13,Davis,0.96,439,571,530,597,691
IMG_043,1,14,Bride:,0.96,182,721,282,747,691
IMG_043,1,15,Clara,0.96,298,721,389,747,691
IMG_043,1,16,Johnson,0.96,398,721,538,754,691
IMG_043,1,17,Residence:,0.96,182,871,365,897,691
IMG_043,1,18,Yorkshire,0.96,378,871,542,897,691
IMG_043,1,19,Occupation:,0.96,182,1021,385,1054,691
IMG_043,1,20,carpenter,0.96,401,1024,568,1054,691
IMG_043,1,21,Witnesses:,0.96,180,1171,361,1197,691
IMG_043,1,22,Thomas,0.96,376,1171,509,1197,691
IMG_043,1,23,Green;,0.96,523,1172,635,1201,691
IMG_043,1,24,Elizabeth,0.96,651,1171,811,1197,691
IMG_043,1,25,Green,0.96,824,1172,927,1197,691
IMG_043,1,26,Document,0.96,182,2216,320,2236,691
IMG_043,1,27,ID:,0.96,330,2216,367,2236,691
IMG_043,1,28,IMG,0.88,390,2212,436,2246,691
IMG_043,1,29,043,0.88,452,2216,502,2242,691
IMG_044,1,1,MARRIAGE,0.96,532,161,900,207,493
IMG_044,1,2,REGISTER,0.96,924,161,1269,207,493
IMG_044,1,3,Parish:,0.96,182,270,296,298,493
IMG_044,1,4,Saint,0.96,312,271,401,298,493
IMG_044,1,5,Peter's,0.87,413,271,529,298,493
IMG_044,1,6,Parish,0.96,542,270,647,298,493
IMG_044,1,7,Date:,0.96,182,421,269,448,493
IMG_044,1,8,17,0.96,290,421,325,448,493
IMG_044,1,9,June,0.96,342,421,413,455,493
IMG_044,1,10,1925,0.96,430,421,511,448,493
IMG_044,1,11,Groom:,0.96,181,571,305,598,493
IMG_044,1,12,Thomas,0.95,318,570,453,598,493
IMG_044,1,13,Bennett,0.96,467,571,601,598,493
IMG_044,1,14,Bride:,0.96,182,720,282,748,493
IMG_044,1,15,George,0.96,297,721,421,755,493
IMG_044,1,16,Miller,0.96,435,720,538,748,493
IMG_044,1,17,Residence:,0.96,182,870,365,898,493
IMG_044,1,18,Norfolk,0.96,381,870,511,898,493
IMG_044,1,19,Occupation:,0.96,181,1021,385,1055,493
IMG_044,1,20,teacher,0.96,400,1020,531,1048,493
IMG_044,1,21,Witnesses:,0.96,180,1171,361,1198,493
IMG_044,1,22,Thomas,0.96,375,1170,510,1198,493
IMG_044,1,23,Green;,0.96,522,1171,635,1201,493
IMG_044,1,24,Elizabeth,0.96,651,1170,811,1198,493
IMG_044,1,25,Green,0.96,823,1171,927,1198,493
IMG_044,1,26,Document,0.96,183,2216,317,2236,493
IMG_044,1,27,ID:,0.95,332,2216,367,2236,493
IMG_044,1,28,IMG,0.95,382,2216,437,2236,493
IMG_044,1,29,044,0.95,453,2216,501,2236,493
IMG_045,1,1,MARRIAGE,0.96,496,164,864,219,564
IMG_045,1,2,REGISTER,0.96,888,151,1234,205,564
IMG_045,1,3,Parish:,0.96,150,293,265,323,564
IMG_045,1,4,All,0.96,278,291,325,318,564
IMG_045,1,5,Saints,0.96,338,288,441,316,564
IMG_045,1,6,Parish,0.96,456,283,562,312,564
IMG_045,1,7,Date:,0.95,155,447,243,473,564
IMG_045,1,8,17,0.95,261,442,298,469,564
IMG_045,1,9,June,0.95,309,442,387,474,564
IMG_045,1,10,1928,0.96,403,436,484,464,564
IMG_045,1,11,Groom:,0.96,161,597,284,622,564
IMG_045,1,12,Edward,0.96,299,587,431,618,564
IMG_045,1,13,Harris,0.96,444,583,552,613,564
IMG_045,1,14,Bride:,0.96,165,744,267,772,564
IMG_045,1,15,Arthur,0.96,280,740,395,768,564
IMG_045,1,16,Wilson,0.96,406,736,521,764,564
IMG_045,1,17,Residence:,0.96,171,893,355,922,564
IMG_045,1,18,Devon,0.95,370,890,477,915,564
IMG_045,1,19,Occupation:,0.93,176,1041,380,1076,564
IMG_045,1,20,stationer,0.91,395,1036,548,1064,564
IMG_045,1,21,Witnesses:,0.96,179,1195,361,1222,564
IMG_045,1,22,Thomas,0.96,375,1188,509,1215,564
IMG_045,1,23,Green;,0.9,523,1185,635,1210,564
IMG_045,1,24,Elizabeth,0.95,650,1175,811,1206,564
IMG_045,1,25,Green,0.96,823,1174,927,1199,564
IMG_045,1,26,Document,0.96,218,2238,356,2260,564
IMG_045,1,27,ID:,0.93,366,2235,404,2255,564
IMG_045,1,28,IMG_045,0.92,417,2229,538,2258,564
IMG_046,1,1,MARRIAGE,0.95,532,162,898,206,497
IMG_046,1,2,REGISTER,0.95,925,162,1269,206,497
IMG_046,1,3,Parish:,0.96,182,271,296,297,497
IMG_046,1,4,Saint,0.96,313,271,400,297,497
IMG_046,1,5,Mary's,0.96,413,272,527,304,497
IMG_046,1,6,Parish,0.96,541,271,646,297,497
IMG_046,1,7,Date:,0.96,182,422,269,447,497
IMG_046,1,8,17,0.96,288,422,324,447,497
IMG_046,1,9,June,0.95,335,422,413,454,497
IMG_046,1,10,1915,0.95,430,422,510,447,497
IMG_046,1,11,Groom:,0.96,182,572,305,597,497
IMG_046,1,12,William,0.96,319,571,448,597,497
IMG_046,1,13,Carter,0.96,462,572,572,597,497
IMG_046,1,14,Bride:,0.96,182,721,282,747,497
IMG_046,1,15,Eleanor,0.96,298,721,431,747,497
IMG_046,1,16,Smith,0.96,445,721,543,747,497
IMG_046,1,17,Residence:,0.96,182,871,365,897,497
IMG_046,1,18,Lancashire,0.96,381,871,568,897,497
IMG_046,1,19,Occupation:,0.95,182,1021,385,1054,497
IMG_046,1,20,clerk,0.96,401,1021,486,1047,497
IMG_046,1,21,Witnesses:,0.96,180,1171,361,1197,497
IMG_046,1,22,Thomas,0.96,376,1171,509,1197,497
IMG_046,1,23,Green;,0.96,523,1172,635,1201,497
IMG_046,1,24,Elizabeth,0.96,651,1171,811,1197,497
IMG_046,1,25,Green,0.95,824,1172,927,1197,497
IMG_046,1,26,Document,0.96,182,2216,319,2236,497
IMG_046,1,27,ID:,0.96,331,2216,367,2236,497
IMG_046,1,28,IMG,0.56,390,2212,436,2246,497
IMG_046,1,29,046,0.71,452,2216,502,2242,497
IMG_047,1,1,Occupation:,0.96,181,1021,385,1054,413
IMG_047,1,2,printer,0.96,399,1021,521,1054,413
IMG_047,1,3,Witnesses:,0.96,180,1171,361,1197,413
IMG_047,1,4,Thomas,0.96,376,1171,509,1197,413
IMG_047,1,5,Green;,0.96,522,1172,635,1201,413
IMG_047,1,6,Elizabeth,0.96,650,1171,811,1197,413
IMG_047,1,7,Green,0.96,823,1172,927,1197,413
IMG_047,1,8,Document,0.96,181,2216,320,2236,413
IMG_047,1,9,ID:,0.96,330,2216,367,2236,413
IMG_047,1,10,IMG,0.65,380,2216,502,2242,413
IMG_047,1,11,_,0.78,443,2212,447,2246,413
IMG_047,1,12,047,0.96,451,2216,502,2242,413
IMG_048,1,1,MARRIAGE,0.96,532,161,899,207,747
IMG_048,1,2,REGISTER,0.96,924,161,1269,207,747
IMG_048,1,3,Parish:,0.96,181,255,297,308,747
IMG_048,1,4,Saint,0.96,313,255,398,308,747
IMG_048,1,5,Peter's,0.91,413,271,528,298,747
IMG_048,1,6,Parish,0.9,539,259,692,298,747
IMG_048,1,7,_,0.67,671,255,694,308,747
IMG_048,1,8,Date:,0.96,182,421,269,448,747
IMG_048,1,9,17,0.95,290,421,324,448,747
IMG_048,1,10,June,0.96,342,421,413,455,747
IMG_048,1,11,1887,0.96,430,421,510,448,747
IMG_048,1,12,Groom:,0.96,181,571,305,598,747
IMG_048,1,13,Eleanor,0.95,321,570,454,598,747
IMG_048,1,14,Smith,0.96,467,570,565,598,747
IMG_048,1,15,Bride:,0.96,182,720,282,748,747
IMG_048,1,16,Thomas,0.94,296,720,430,748,747
IMG_048,1,17,Bennett,0.96,444,721,579,748,747
IMG_048,1,18,Residence:,0.96,182,870,365,898,747
IMG_048,1,19,Kent,0.96,381,871,460,898,747
IMG_048,1,20,Occupation:,0.95,181,1020,385,1055,747
IMG_048,1,21,farmer,0.96,400,1021,518,1048,747
IMG_048,1,22,Witnesses:,0.95,180,1171,361,1198,747
IMG_048,1,23,Thomas,0.96,376,1170,509,1198,747
IMG_048,1,24,Green;,0.96,522,1171,635,1201,747
IMG_048,1,25,Elizabeth,0.96,650,1170,811,1198,747
IMG_048,1,26,Green,0.96,823,1171,927,1198,747
IMG_048,1,27,Document,0.96,183,2216,316,2236,747
IMG_048,1,28,ID:,0.96,331,2216,367,2236,747
IMG_048,1,29,IMG,0.94,382,2215,437,2236,747
IMG_048,1,30,048,0.94,446,2216,503,2242,747
IMG_049,1,1,MARRIAGE,0.94,532,162,898,206,495
IMG_049,1,2,REGISTER,0.94,925,162,1269,206,495
IMG_049,1,3,Parish:,0.96,182,271,296,297,495
IMG_049,1,4,Saint,0.96,313,271,400,297,495
IMG_049,1,5,John's,0.96,408,271,514,304,495
IMG_049,1,6,Parish,0.96,529,271,634,297,495
IMG_049,1,7,Date:,0.96,182,422,269,447,495
IMG_049,1,8,17,0.96,288,422,324,447,495
IMG_049,1,9,June,0.96,335,422,413,454,495
IMG_049,1,10,1891,0.96,430,422,508,447,495
IMG_049,1,11,Groom:,0.96,182,572,305,597,495
IMG_049,1,12,George,0.96,321,572,443,604,495
IMG_049,1,13,Miller,0.96,458,571,559,597,495
IMG_049,1,14,Bride:,0.96,182,721,282,747,495
IMG_049,1,15,George,0.96,298,722,420,754,495
IMG_049,1,16,Miller,0.96,435,721,537,747,495
IMG_049,1,17,Residence:,0.96,182,871,365,897,495
IMG_049,1,18,Yorkshire,0.96,379,871,541,897,495
IMG_049,1,19,Occupation:,0.96,182,1021,385,1054,495
IMG_049,1,20,baker,0.96,400,1021,498,1047,495
IMG_049,1,21,Witnesses:,0.96,180,1171,361,1197,495
IMG_049,1,22,Thomas,0.96,376,1171,509,1197,495
IMG_049,1,23,Green;,0.96,523,1172,635,1201,495
IMG_049,1,24,Elizabeth,0.96,651,1171,811,1197,495
IMG_049,1,25,Green,0.95,824,1172,927,1197,495
IMG_049,1,26,Document,0.96,182,2216,319,2236,495
IMG_049,1,27,ID:,0.96,331,2216,367,2236,495
IMG_049,1,28,IMG,0.61,390,2212,436,2246,495
IMG_049,1,29,049,0.61,452,2216,502,2242,495
IMG_050,1,1,MARRIAGE,0.94,532,162,898,206,498
IMG_050,1,2,REGISTER,0.94,925,162,1269,206,498
IMG_050,1,3,Parish:,0.95,182,271,296,297,498
IMG_050,1,4,Holy,0.95,312,271,390,304,498
IMG_050,1,5,Trinity,0.96,401,271,517,304,498
IMG_050,1,6,Parish,0.96,530,271,635,297,498
IMG_050,1,7,Date:,0.95,182,422,269,447,498
IMG_050,1,8,17,0.95,288,422,324,447,498
IMG_050,1,9,June,0.95,335,422,413,454,498
IMG_050,1,10,1908,0.96,430,422,510,447,498
IMG_050,1,11,Groom:,0.96,182,572,305,597,498
IMG_050,1,12,Arthur,0.96,319,571,433,597,498
IMG_050,1,13,Wilson,0.96,444,571,559,597,498
IMG_050,1,14,Bride:,0.96,182,721,282,747,498
IMG_050,1,15,Edward,0.96,298,721,429,747,498
IMG_050,1,16,Harris,0.96,443,721,550,747,498
IMG_050,1,17,Residence:,0.96,182,871,365,897,498
IMG_050,1,18,Manchester,0.96,381,871,585,897,498
IMG_050,1,19,Occupation:,0.96,182,1021,385,1054,498
IMG_050,1,20,merchant,0.96,400,1021,564,1047,498
IMG_050,1,21,Witnesses:,0.96,180,1171,361,1197,498
IMG_050,1,22,Thomas,0.96,376,1171,509,1197,498
IMG_050,1,23,Green;,0.96,523,1172,635,1201,498
IMG_050,1,24,Elizabeth,0.96,651,1171,811,1197,498
IMG_050,1,25,Green,0.96,824,1172,927,1197,498
IMG_050,1,26,Document,0.96,182,2216,319,2236,498
IMG_050,1,27,ID:,0.96,331,2216,367,2236,498
IMG_050,1,28,IMG,0.44,390,2212,436,2246,498
IMG_050,1,29,050,0.92,452,2216,502,2242,498
IMG_051,1,1,MARRIAGE,0.95,532,162,898,206,698
IMG_051,1,2,REGISTER,0.96,924,162,1269,206,698
IMG_051,1,3,Parish:,0.96,182,271,296,297,698
IMG_051,1,4,All,0.96,310,271,356,297,698
IMG_051,1,5,Saints,0.96,370,271,473,297,698
IMG_051,1,6,Parish,0.96,488,271,593,297,698
IMG_051,1,7,Date:,0.96,182,422,269,447,698
IMG_051,1,8,17,0.96,288,422,324,447,698
IMG_051,1,9,June,0.96,335,422,414,454,698
IMG_051,1,10,1885,0.96,430,422,510,447,698
IMG_051,1,11,Groom:,0.96,182,572,305,597,698
IMG_051,1,12,Eleanor,0.96,321,571,453,597,698
IMG_051,1,13,Smith,0.96,467,571,565,597,698
IMG_051,1,14,Bride:,0.96,182,721,282,747,698
IMG_051,1,15,Henry,0.96,298,722,403,754,698
IMG_051,1,16,Davis,0.96,416,721,508,747,698
IMG_051,1,17,Residence:,0.96,182,871,365,897,698
IMG_051,1,18,Bristol,0.96,381,871,493,897,698
IMG_051,1,19,Occupation:,0.96,182,1021,385,1054,698
IMG_051,1,20,baker,0.96,400,1021,498,1047,698
IMG_051,1,21,Witnesses:,0.96,180,1171,361,1197,698
IMG_051,1,22,Thomas,0.96,376,1171,509,1197,698
IMG_051,1,23,Green;,0.96,523,1172,635,1201,698
IMG_051,1,24,Elizabeth,0.96,651,1171,811,1197,698
IMG_051,1,25,Green,0.95,824,1172,927,1197,698
IMG_051,1,26,Document,0.96,181,2216,319,2236,698
IMG_051,1,27,ID:,0.94,330,2216,367,2236,698
IMG_051,1,28,IMG,0.88,389,2212,435,2246,698
IMG_051,1,29,051,0.88,451,2216,500,2236,698
IMG_052,1,1,MARRIAGE,0.96,532,161,900,207,523
IMG_052,1,2,REGISTER,0.96,924,161,1269,207,523
IMG_052,1,3,Parish:,0.96,182,270,296,298,523
IMG_052,1,4,Saint,0.96,312,271,401,298,523
IMG_052,1,5,John's,0.95,407,270,515,305,523
IMG_052,1,6,Parish,0.96,529,270,634,298,523
IMG_052,1,7,Date:,0.96,182,421,269,448,523
IMG_052,1,8,17,0.95,290,421,325,448,523
IMG_052,1,9,June,0.95,342,421,413,455,523
IMG_052,1,10,1883,0.96,430,421,511,448,523
IMG_052,1,11,Groom:,0.96,181,571,305,598,523
IMG_052,1,12,Henry,0.96,321,571,426,605,523
IMG_052,1,13,Davis,0.96,439,571,531,598,523
IMG_052,1,14,Bride:,0.96,182,720,282,748,523
IMG_052,1,15,George,0.96,297,721,421,755,523
IMG_052,1,16,Miller,0.96,435,720,538,748,523
IMG_052,1,17,Residence:,0.96,182,870,365,898,523
IMG_052,1,18,Bristol,0.94,381,870,493,898,523
IMG_052,1,19,Occupation:,0.96,181,1021,385,1055,523
IMG_052,1,20,clerk,0.96,399,1020,486,1048,523
IMG_052,1,21,Witnesses:,0.96,180,1171,361,1198,523
IMG_052,1,22,Thomas,0.96,375,1170,510,1198,523
IMG_052,1,23,Green;,0.96,522,1171,635,1201,523
IMG_052,1,24,Elizabeth,0.96,651,1170,811,1198,523
IMG_052,1,25,Green,0.96,823,1171,927,1198,523
IMG_052,1,26,Document,0.96,183,2216,317,2236,523
IMG_052,1,27,ID:,0.95,332,2216,367,2236,523
IMG_052,1,28,IMG,0.18,382,2216,437,2236,523
IMG_052,1,29,052,0.64,453,2215,502,2237,523
IMG_053,1,1,MARRIAGE,0.96,496,164,864,219,598
IMG_053,1,2,REGISTER,0.96,888,151,1234,205,598
IMG_053,1,3,Parish:,0.96,150,293,265,323,598
IMG_053,1,4,Holy,0.96,280,290,358,323,598
IMG_053,1,5,Trinity,0.96,369,286,485,319,598
IMG_053,1,6,Parish,0.96,498,281,604,311,598
IMG_053,1,7,Date:,0.96,155,447,243,473,598
IMG_053,1,8,17,0.96,261,442,298,469,598
IMG_053,1,9,June,0.96,309,442,387,474,598
IMG_053,1,10,1898,0.96,403,436,484,464,598
IMG_053,1,11,Groom:,0.96,161,597,284,622,598
IMG_053,1,12,William,0.96,297,589,428,617,598
IMG_053,1,13,Carter,0.96,441,587,551,612,598
IMG_053,1,14,Bride:,0.96,165,744,267,772,598
IMG_053,1,15,Edward,0.96,281,738,413,768,598
IMG_053,1,16,Harris,0.96,426,734,534,763,598
IMG_053,1,17,Residence:,0.96,171,893,355,922,598
IMG_053,1,18,Leeds,0.96,370,886,469,915,598
IMG_053,1,19,Occupation:,0.96,176,1041,380,1076,598
IMG_053,1,20,printer,0.96,394,1037,515,1072,598
IMG_053,1,21,Witnesses:,0.96,179,1195,361,1222,598
IMG_053,1,22,Thomas,0.96,375,1188,509,1215,598
IMG_053,1,23,Green;,0.9,523,1185,635,1210,598
IMG_053,1,24,Elizabeth,0.95,650,1175,811,1206,598
IMG_053,1,25,Green,0.96,823,1174,927,1199,598
IMG_053,1,26,Document,0.96,218,2238,356,2260,598
IMG_053,1,27,ID:,0.92,366,2235,404,2255,598
IMG_053,1,28,IMG_053,0.92,417,2229,538,2258,598
IMG_054,1,1,MARRIAGE,0.95,532,162,898,206,555
IMG_054,1,2,REGISTER,0.95,925,162,1269,206,555
IMG_054,1,3,Parish:,0.96,182,271,296,297,555
IMG_054,1,4,Saint,0.96,313,271,400,297,555
IMG_054,1,5,Peter's,0.96,413,272,528,297,555
IMG_054,1,6,Parish,0.96,542,271,647,297,555
IMG_054,1,7,Date:,0.96,182,422,269,447,555
IMG_054,1,8,17,0.95,288,422,324,447,555
IMG_054,1,9,June,0.95,335,422,413,454,555
IMG_054,1,10,1883,0.95,430,422,510,447,555
IMG_054,1,11,Groom:,0.95,182,572,305,597,555
IMG_054,1,12,Thomas,0.95,319,571,452,597,555
IMG_054,1,13,Bennett,0.96,467,572,600,597,555
IMG_054,1,14,Bride:,0.96,182,721,282,747,555
IMG_054,1,15,George,0.96,298,722,420,754,555
IMG_054,1,16,Miller,0.96,435,721,537,747,555
IMG_054,1,17,Residence:,0.96,182,871,365,897,555
IMG_054,1,18,London,0.96,381,871,507,897,555
IMG_054,1,19,Occupation:,0.93,182,1021,385,1054,555
IMG_054,1,20,stationer,0.92,401,1021,553,1047,555
IMG_054,1,21,Witnesses:,0.96,180,1171,361,1197,555
IMG_054,1,22,Thomas,0.96,376,1171,509,1197,555
IMG_054,1,23,Green;,0.96,523,1172,635,1201,555
IMG_054,1,24,Elizabeth,0.96,651,1171,811,1197,555
IMG_054,1,25,Green,0.95,824,1172,927,1197,555
IMG_054,1,26,Document,0.96,182,2216,319,2236,555
IMG_054,1,27,ID:,0.93,331,2216,367,2236,555
IMG_054,1,28,IMG_054,0.89,381,2216,503,2242,555
IMG_055,1,1,Occupation:,0.96,181,1021,385,1054,439
IMG_055,1,2,printer,0.96,399,1021,521,1054,439
IMG_055,1,3,Witnesses:,0.96,180,1171,361,1197,439
IMG_055,1,4,Thomas,0.96,376,1171,509,1197,439
IMG_055,1,5,Green;,0.96,522,1172,635,1201,439
IMG_055,1,6,Elizabeth,0.96,650,1171,811,1197,439
IMG_055,1,7,Green,0.96,823,1172,927,1197,439
IMG_055,1,8,Document,0.96,181,2216,320,2236,439
IMG_055,1,9,ID:,0.93,330,2216,367,2236,439
IMG_055,1,10,IMG_055,0.87,380,2216,502,2242,439
IMG_056,1,1,COMMERCIAL,0.96,364,161,838,207,760
IMG_056,1,2,DIRECTORY,0.95,861,162,1257,207,760
IMG_056,1,3,1891,0.96,1282,161,1433,207,760
IMG_056,1,4,Henry,0.96,182,421,287,454,760
IMG_056,1,5,Davis,0.93,299,421,392,448,760
IMG_056,1,6,—,0.92,406,436,437,440,760
IMG_056,1,7,"blacksmith,",0.95,450,420,645,451,760
IMG_056,1,8,High,0.95,661,421,742,454,760
IMG_056,1,9,"Street,",0.96,756,422,869,451,760
IMG_056,1,10,No.,0.95,884,421,940,448,760
IMG_056,1,11,14,0.95,958,421,996,448,760
IMG_056,1,12,James,0.94,177,571,282,604,760
IMG_056,1,13,Brown,0.92,296,571,406,598,760
IMG_056,1,14,—,0.92,419,586,450,590,760
IMG_056,1,15,"stationer,",0.92,464,571,622,601,760
IMG_056,1,16,Market,0.96,637,570,761,598,760
IMG_056,1,17,"Road,",0.96,774,571,868,601,760
IMG_056,1,18,No.,0.96,883,571,939,598,760
IMG_056,1,19,8,0.96,955,572,973,598,760
IMG_056,1,20,Elizabeth,0.96,182,720,341,748,760
IMG_056,1,21,Clark,0.93,354,720,447,748,760
IMG_056,1,22,—,0.93,459,736,491,740,760
IMG_056,1,23,"dressmaker,",0.96,504,721,709,751,760
IMG_056,1,24,Church,0.96,724,720,849,748,760
IMG_056,1,25,"Lane,",0.96,863,721,954,751,760
IMG_056,1,26,No.,0.95,969,721,1025,748,760
IMG_056,1,27,21,0.95,1041,722,1077,748,760
IMG_056,1,28,Entries,0.96,182,871,304,898,760
IMG_056,1,29,are,0.96,317,878,371,898,760
IMG_056,1,30,arranged,0.95,384,870,541,905,760
IMG_056,1,31,alphabetically,0.96,554,870,794,905,760
IMG_056,1,32,by,0.96,806,870,846,904,760
IMG_056,1,33,surname.,0.96,859,878,1015,898,760
IMG_056,1,34,Document,0.96,183,2216,316,2236,760
IMG_056,1,35,ID:,0.96,332,2216,367,2236,760
IMG_056,1,36,IMG,0.37,382,2216,437,2236,760
IMG_056,1,37,_056,0.37,453,2215,503,2236,760
IMG_057,1,1,COMMERCIAL,0.96,364,162,838,206,581
IMG_057,1,2,DIRECTORY,0.96,862,162,1257,206,581
IMG_057,1,3,1898,0.96,1283,162,1435,206,581
IMG_057,1,4,LANCASHIRE,0.96,182,272,421,297,581
IMG_057,1,5,DISTRICT,0.96,437,272,609,297,581
IMG_057,1,6,Clara,0.96,182,421,272,447,581
IMG_057,1,7,Johnson,0.93,281,421,421,454,581
IMG_057,1,8,—,0.92,434,437,466,439,581
IMG_057,1,9,"merchant,",0.95,479,421,651,451,581
IMG_057,1,10,High,0.96,667,421,748,454,581
IMG_057,1,11,"Street,",0.96,763,422,875,451,581
IMG_057,1,12,No.,0.95,891,422,946,447,581
IMG_057,1,13,14,0.96,964,422,1001,447,581
IMG_057,1,14,James,0.95,177,572,282,604,581
IMG_057,1,15,Brown,0.92,297,572,406,597,581
IMG_057,1,16,—,0.92,419,587,451,589,581
IMG_057,1,17,"stationer,",0.92,465,571,622,601,581
IMG_057,1,18,Market,0.96,637,571,760,597,581
IMG_057,1,19,"Road,",0.96,774,571,868,601,581
IMG_057,1,20,No.,0.95,884,572,939,597,581
IMG_057,1,21,8,0.96,955,572,972,597,581
IMG_057,1,22,Elizabeth,0.96,182,721,341,747,581
IMG_057,1,23,Clark,0.93,355,721,447,747,581
IMG_057,1,24,—,0.91,459,737,491,739,581
IMG_057,1,25,"dressmaker,",0.96,505,721,709,751,581
IMG_057,1,26,Church,0.96,725,721,849,747,581
IMG_057,1,27,"Lane,",0.96,863,722,954,751,581
IMG_057,1,28,No.,0.96,969,722,1025,747,581
IMG_057,1,29,21,0.96,1041,722,1077,747,581
IMG_057,1,30,Entries,0.95,182,871,304,897,581
IMG_057,1,31,are,0.96,318,879,370,897,581
IMG_057,1,32,arranged,0.96,385,871,541,904,581
IMG_057,1,33,alphabetically,0.96,555,871,794,904,581
IMG_057,1,34,by,0.96,806,871,846,904,581
IMG_057,1,35,surname.,0.96,859,879,1015,897,581
IMG_057,1,36,Document,0.96,182,2216,319,2236,581
IMG_057,1,37,ID:,0.96,331,2216,367,2236,581
IMG_057,1,38,IMG,0.57,390,2212,436,2246,581
IMG_057,1,39,057,0.83,452,2216,502,2242,581
IMG_058,1,1,COMMERCIAL,0.96,364,162,838,206,545
IMG_058,1,2,DIRECTORY,0.96,862,162,1257,206,545
IMG_058,1,3,1906,0.96,1283,162,1435,206,545
IMG_058,1,4,LEEDS,0.96,182,272,300,297,545
IMG_058,1,5,DISTRICT,0.96,316,272,487,297,545
IMG_058,1,6,William,0.95,180,421,309,447,545
IMG_058,1,7,Carter,0.93,323,422,433,447,545
IMG_058,1,8,—,0.92,446,437,478,439,545
IMG_058,1,9,"baker,",0.96,490,421,593,451,545
IMG_058,1,10,High,0.96,608,421,690,454,545
IMG_058,1,11,"Street,",0.96,704,422,816,451,545
IMG_058,1,12,No.,0.96,832,422,888,447,545
IMG_058,1,13,14,0.96,905,422,943,447,545
IMG_058,1,14,James,0.94,177,572,282,604,545
IMG_058,1,15,Brown,0.92,297,572,406,597,545
IMG_058,1,16,—,0.92,419,587,451,589,545
IMG_058,1,17,"stationer,",0.92,465,571,622,601,545
IMG_058,1,18,Market,0.96,637,571,760,597,545
IMG_058,1,19,"Road,",0.96,774,571,868,601,545
IMG_058,1,20,No.,0.95,884,572,939,597,545
IMG_058,1,21,8,0.97,955,572,972,597,545
IMG_058,1,22,Elizabeth,0.96,182,721,341,747,545
IMG_058,1,23,Clark,0.93,355,721,447,747,545
IMG_058,1,24,—,0.9,459,737,491,739,545
IMG_058,1,25,"dressmaker,",0.96,505,721,709,751,545
IMG_058,1,26,Church,0.96,725,721,849,747,545
IMG_058,1,27,"Lane,",0.96,863,722,954,751,545
IMG_058,1,28,No.,0.96,969,722,1025,747,545
IMG_058,1,29,21,0.96,1041,722,1077,747,545
IMG_058,1,30,Entries,0.96,182,871,304,897,545
IMG_058,1,31,are,0.96,318,879,370,897,545
IMG_058,1,32,arranged,0.96,385,871,541,904,545
IMG_058,1,33,alphabetically,0.96,555,871,794,904,545
IMG_058,1,34,by,0.96,806,871,846,904,545
IMG_058,1,35,surname.,0.96,859,879,1015,897,545
IMG_058,1,36,Document,0.96,182,2216,319,2236,545
IMG_058,1,37,ID:,0.96,331,2216,367,2236,545
IMG_058,1,38,IMG,0.62,390,2212,436,2246,545
IMG_058,1,39,058,0.94,452,2216,502,2242,545
IMG_059,1,1,COMMERCIAL,0.96,364,162,838,206,750
IMG_059,1,2,DIRECTORY,0.96,861,162,1257,206,750
IMG_059,1,3,1887,0.96,1283,162,1434,206,750
IMG_059,1,4,DEVON,0.95,182,272,312,297,750
IMG_059,1,5,DISTRICT,0.95,326,272,499,297,750
IMG_059,1,6,William,0.95,180,421,309,447,750
IMG_059,1,7,Carter,0.93,323,422,433,447,750
IMG_059,1,8,—,0.91,446,437,478,439,750
IMG_059,1,9,"clerk,",0.96,491,421,584,451,750
IMG_059,1,10,High,0.96,600,421,681,454,750
IMG_059,1,11,"Street,",0.96,696,422,808,451,750
IMG_059,1,12,No.,0.96,824,422,879,447,750
IMG_059,1,13,14,0.96,897,422,935,447,750
IMG_059,1,14,James,0.93,177,572,282,604,750
IMG_059,1,15,Brown,0.93,297,572,406,597,750
IMG_059,1,16,—,0.91,419,587,451,589,750
IMG_059,1,17,"stationer,",0.91,465,571,622,601,750
IMG_059,1,18,Market,0.96,636,571,760,597,750
IMG_059,1,19,"Road,",0.96,774,571,868,601,750
IMG_059,1,20,No.,0.95,883,572,939,597,750
IMG_059,1,21,8,0.96,955,572,972,597,750
IMG_059,1,22,Elizabeth,0.96,182,721,341,747,750
IMG_059,1,23,Clark,0.93,355,721,447,747,750
IMG_059,1,24,—,0.92,459,737,491,739,750
IMG_059,1,25,"dressmaker,",0.95,505,721,709,751,750
IMG_059,1,26,Church,0.95,725,721,849,747,750
IMG_059,1,27,"Lane,",0.96,863,722,954,751,750
IMG_059,1,28,No.,0.96,968,722,1024,747,750
IMG_059,1,29,21,0.96,1041,722,1077,747,750
IMG_059,1,30,Entries,0.95,182,871,304,897,750
IMG_059,1,31,are,0.95,318,879,370,897,750
IMG_059,1,32,arranged,0.96,385,871,541,904,750
IMG_059,1,33,alphabetically,0.96,555,871,794,904,750
IMG_059,1,34,by,0.96,806,871,846,904,750
IMG_059,1,35,surname.,0.96,859,879,1015,897,750
IMG_059,1,36,Document,0.96,182,2216,320,2236,750
IMG_059,1,37,ID:,0.96,330,2216,367,2236,750
IMG_059,1,38,IMG,0.57,390,2212,436,2246,750
IMG_059,1,39,059,0.96,452,2216,502,2242,750
IMG_060,1,1,COMMERCIAL,0.94,363,161,839,207,536
IMG_060,1,2,DIRECTORY,0.94,861,161,1257,207,536
IMG_060,1,3,1911,0.96,1282,161,1433,207,536
IMG_060,1,4,LANCASHIRE,0.96,182,271,422,298,536
IMG_060,1,5,DISTRICT,0.95,437,271,610,298,536
IMG_060,1,6,George,0.96,181,421,305,455,536
IMG_060,1,7,Miller,0.91,319,420,421,448,536
IMG_060,1,8,—,0.91,433,436,463,440,536
IMG_060,1,9,"printer,",0.96,477,421,601,455,536
IMG_060,1,10,High,0.96,617,420,698,455,536
IMG_060,1,11,"Street,",0.96,712,421,825,451,536
IMG_060,1,12,No.,0.96,841,421,896,448,536
IMG_060,1,13,14,0.96,914,421,951,448,536
IMG_060,1,14,James,0.95,176,571,283,605,536
IMG_060,1,15,Brown,0.93,297,571,406,598,536
IMG_060,1,16,—,0.9,420,586,450,590,536
IMG_060,1,17,"stationer,",0.92,464,571,622,601,536
IMG_060,1,18,Market,0.96,637,570,761,598,536
IMG_060,1,19,"Road,",0.96,774,570,868,601,536
IMG_060,1,20,No.,0.96,884,571,939,598,536
IMG_060,1,21,8,0.96,954,571,974,598,536
IMG_060,1,22,Elizabeth,0.96,182,720,341,748,536
IMG_060,1,23,Clark,0.93,354,720,447,748,536
IMG_060,1,24,—,0.92,460,736,490,740,536
IMG_060,1,25,"dressmaker,",0.96,503,720,709,751,536
IMG_060,1,26,Church,0.96,724,720,849,748,536
IMG_060,1,27,"Lane,",0.96,863,721,954,751,536
IMG_060,1,28,No.,0.96,969,721,1025,748,536
IMG_060,1,29,21,0.96,1041,721,1077,748,536
IMG_060,1,30,Entries,0.96,182,871,305,898,536
IMG_060,1,31,are,0.96,317,878,371,898,536
IMG_060,1,32,arranged,0.96,384,870,541,905,536
IMG_060,1,33,alphabetically,0.96,554,870,794,905,536
IMG_060,1,34,by,0.96,806,870,846,905,536
IMG_060,1,35,surname.,0.96,858,878,1015,898,536
IMG_060,1,36,Document,0.96,183,2216,316,2236,536
IMG_060,1,37,ID:,0.96,332,2216,367,2236,536
IMG_060,1,38,IMG,0.83,382,2216,437,2236,536
IMG_060,1,39,060,0.83,453,2217,503,2235,536
IMG_061,1,1,COMMERCIAL,0.96,329,162,803,236,613
IMG_061,1,2,DIRECTORY,0.96,825,151,1221,207,613
IMG_061,1,3,1927,0.95,1247,145,1397,192,613
IMG_061,1,4,BRISTOL,0.96,150,292,309,323,613
IMG_061,1,5,DISTRICT,0.95,321,286,493,317,613
IMG_061,1,6,Thomas,0.96,153,445,288,472,613
IMG_061,1,7,Bennett,0.93,301,440,435,467,613
IMG_061,1,8,—,0.92,448,451,479,454,613
IMG_061,1,9,"printer,",0.96,492,433,616,468,613
IMG_061,1,10,High,0.96,631,427,714,461,613
IMG_061,1,11,"Street,",0.96,727,426,840,453,613
IMG_061,1,12,No.,0.96,854,422,911,448,613
IMG_061,1,13,14,0.96,928,419,967,446,613
IMG_061,1,14,James,0.95,156,597,261,630,613
IMG_061,1,15,Brown,0.92,275,593,385,618,613
IMG_061,1,16,—,0.92,398,603,430,606,613
IMG_061,1,17,"stationer,",0.91,444,584,601,612,613
IMG_061,1,18,Market,0.96,615,578,739,607,613
IMG_061,1,19,"Road,",0.96,752,573,846,603,613
IMG_061,1,20,No.,0.96,862,572,918,598,613
IMG_061,1,21,8,0.95,934,570,951,595,613
IMG_061,1,22,Elizabeth,0.94,166,741,326,772,613
IMG_061,1,23,Clark,0.92,339,737,431,766,613
IMG_061,1,24,—,0.92,443,751,475,755,613
IMG_061,1,25,"dressmaker,",0.96,489,730,693,761,613
IMG_061,1,26,Church,0.96,709,723,833,753,613
IMG_061,1,27,"Lane,",0.96,846,723,938,749,613
IMG_061,1,28,No.,0.96,952,719,1009,745,613
IMG_061,1,29,21,0.96,1025,716,1061,742,613
IMG_061,1,30,Entries,0.96,171,893,293,922,613
IMG_061,1,31,are,0.96,307,898,360,917,613
IMG_061,1,32,arranged,0.96,374,884,531,919,613
IMG_061,1,33,alphabetically,0.96,544,876,783,915,613
IMG_061,1,34,by,0.96,794,874,835,907,613
IMG_061,1,35,surname.,0.96,848,876,1004,898,613
IMG_061,1,36,Document,0.96,218,2238,356,2260,613
IMG_061,1,37,ID:,0.92,366,2235,404,2255,613
IMG_061,1,38,IMG_061,0.92,417,2229,536,2258,613
IMG_062,1,1,COMMERCIAL,0.96,364,162,838,206,578
IMG_062,1,2,DIRECTORY,0.95,862,162,1257,206,578
IMG_062,1,3,1908,0.96,1283,162,1435,206,578
IMG_062,1,4,DURHAM,0.96,182,272,349,297,578
IMG_062,1,5,DISTRICT,0.96,363,272,535,297,578
IMG_062,1,6,Florence,0.96,182,421,330,447,578
IMG_062,1,7,Brown,0.93,345,422,455,447,578
IMG_062,1,8,—,0.92,468,437,500,439,578
IMG_062,1,9,"carpenter,",0.96,514,424,685,454,578
IMG_062,1,10,High,0.96,701,421,782,454,578
IMG_062,1,11,"Street,",0.96,797,422,909,451,578
IMG_062,1,12,No.,0.95,925,422,980,447,578
IMG_062,1,13,14,0.95,998,422,1035,447,578
IMG_062,1,14,James,0.96,177,572,282,604,578
IMG_062,1,15,Brown,0.92,297,572,406,597,578
IMG_062,1,16,—,0.92,419,587,451,589,578
IMG_062,1,17,"stationer,",0.91,465,571,622,601,578
IMG_062,1,18,Market,0.96,637,571,760,597,578
IMG_062,1,19,"Road,",0.96,774,571,868,601,578
IMG_062,1,20,No.,0.96,884,572,939,597,578
IMG_062,1,21,8,0.96,955,572,972,597,578
IMG_062,1,22,Elizabeth,0.96,182,721,341,747,578
IMG_062,1,23,Clark,0.93,355,721,447,747,578
IMG_062,1,24,—,0.92,459,737,491,739,578
IMG_062,1,25,"dressmaker,",0.96,505,721,709,751,578
IMG_062,1,26,Church,0.96,725,721,849,747,578
IMG_062,1,27,"Lane,",0.96,863,722,954,751,578
IMG_062,1,28,No.,0.96,969,722,1025,747,578
IMG_062,1,29,21,0.96,1041,722,1077,747,578
IMG_062,1,30,Entries,0.96,182,871,304,897,578
IMG_062,1,31,are,0.96,318,879,370,897,578
IMG_062,1,32,arranged,0.96,385,871,541,904,578
IMG_062,1,33,alphabetically,0.96,555,871,794,904,578
IMG_062,1,34,by,0.96,806,871,846,904,578
IMG_062,1,35,surname.,0.96,859,879,1015,897,578
IMG_062,1,36,Document,0.96,182,2216,319,2236,578
IMG_062,1,37,ID:,0.96,331,2216,367,2236,578
IMG_062,1,38,IMG,0.26,390,2212,436,2246,578
IMG_062,1,39,062,0.26,452,2216,501,2242,578
IMG_063,1,1,Document,0.96,181,2216,320,2236,444
IMG_063,1,2,ID:,0.96,330,2216,367,2236,444
IMG_063,1,3,IMG,0.1,389,2212,437,2246,444
IMG_063,1,4,_063,0.1,443,2216,502,2242,444
IMG_064,1,1,COMMERCIAL,0.96,364,161,838,207,757
IMG_064,1,2,DIRECTORY,0.96,861,161,1258,207,757
IMG_064,1,3,1935,0.95,1283,161,1435,207,757
IMG_064,1,4,BRISTOL,0.95,182,271,340,298,757
IMG_064,1,5,DISTRICT,0.96,353,271,526,298,757
IMG_064,1,6,Edward,0.96,181,420,313,448,757
IMG_064,1,7,Harris,0.89,326,421,434,448,757
IMG_064,1,8,—,0.89,447,436,479,440,757
IMG_064,1,9,"baker,",0.96,492,420,594,451,757
IMG_064,1,10,High,0.96,610,421,691,455,757
IMG_064,1,11,"Street,",0.95,705,422,818,451,757
IMG_064,1,12,No.,0.95,834,421,889,448,757
IMG_064,1,13,14,0.95,907,421,945,448,757
IMG_064,1,14,James,0.93,176,571,282,604,757
IMG_064,1,15,Brown,0.93,296,571,406,598,757
IMG_064,1,16,—,0.91,419,586,451,590,757
IMG_064,1,17,"stationer,",0.91,464,571,622,601,757
IMG_064,1,18,Market,0.96,636,570,760,598,757
IMG_064,1,19,"Road,",0.96,774,570,868,601,757
IMG_064,1,20,No.,0.96,883,571,939,598,757
IMG_064,1,21,8,0.96,955,571,973,598,757
IMG_064,1,22,Elizabeth,0.96,181,720,341,748,757
IMG_064,1,23,Clark,0.93,354,720,447,748,757
IMG_064,1,24,—,0.92,459,736,491,740,757
IMG_064,1,25,"dressmaker,",0.96,504,720,709,751,757
IMG_064,1,26,Church,0.96,725,720,849,748,757
IMG_064,1,27,"Lane,",0.96,862,721,954,751,757
IMG_064,1,28,No.,0.95,968,721,1025,748,757
IMG_064,1,29,21,0.95,1041,721,1077,748,757
IMG_064,1,30,Entries,0.96,182,871,304,898,757
IMG_064,1,31,are,0.96,317,878,371,898,757
IMG_064,1,32,arranged,0.95,384,871,541,904,757
IMG_064,1,33,alphabetically,0.95,554,870,794,905,757
IMG_064,1,34,by,0.96,806,871,846,904,757
IMG_064,1,35,surname.,0.96,859,878,1015,898,757
IMG_064,1,36,Document,0.96,182,2216,316,2236,757
IMG_064,1,37,ID:,0.94,332,2216,367,2236,757
IMG_064,1,38,IMG,0.79,382,2216,437,2236,757
IMG_064,1,39,064,0.79,453,2216,501,2236,757
IMG_065,1,1,COMMERCIAL,0.96,364,162,838,206,520
IMG_065,1,2,DIRECTORY,0.96,862,162,1257,206,520
IMG_065,1,3,1921,0.96,1283,162,1433,206,520
IMG_065,1,4,KENT,0.96,182,272,282,297,520
IMG_065,1,5,DISTRICT,0.95,295,272,467,297,520
IMG_065,1,6,Margaret,0.96,182,422,343,454,520
IMG_065,1,7,Lewis,0.93,356,421,453,447,520
IMG_065,1,8,—,0.91,466,437,498,439,520
IMG_065,1,9,"baker,",0.96,511,421,613,451,520
IMG_065,1,10,High,0.96,629,421,710,454,520
IMG_065,1,11,"Street,",0.96,725,422,837,451,520
IMG_065,1,12,No.,0.94,853,422,908,447,520
IMG_065,1,13,14,0.96,926,422,963,447,520
IMG_065,1,14,James,0.95,177,572,282,604,520
IMG_065,1,15,Brown,0.92,297,572,406,597,520
IMG_065,1,16,—,0.92,419,587,451,589,520
IMG_065,1,17,"stationer,",0.92,465,571,622,601,520
IMG_065,1,18,Market,0.96,637,571,760,597,520
IMG_065,1,19,"Road,",0.96,774,571,868,601,520
IMG_065,1,20,No.,0.95,884,572,939,597,520
IMG_065,1,21,8,0.96,955,572,972,597,520
IMG_065,1,22,Elizabeth,0.96,182,721,341,747,520
IMG_065,1,23,Clark,0.93,355,721,447,747,520
IMG_065,1,24,—,0.91,459,737,491,739,520
IMG_065,1,25,"dressmaker,",0.96,505,721,709,751,520
IMG_065,1,26,Church,0.96,725,721,849,747,520
IMG_065,1,27,"Lane,",0.96,863,722,954,751,520
IMG_065,1,28,No.,0.96,969,722,1025,747,520
IMG_065,1,29,21,0.96,1041,722,1077,747,520
IMG_065,1,30,Entries,0.95,182,871,304,897,520
IMG_065,1,31,are,0.96,318,879,370,897,520
IMG_065,1,32,arranged,0.96,385,871,541,904,520
IMG_065,1,33,alphabetically,0.96,555,871,794,904,520
IMG_065,1,34,by,0.96,806,871,846,904,520
IMG_065,1,35,surname.,0.96,859,879,1015,897,520
IMG_065,1,36,Document,0.96,182,2216,319,2236,520
IMG_065,1,37,ID:,0.96,331,2216,367,2236,520
IMG_065,1,38,IMG,0.24,390,2212,436,2246,520
IMG_065,1,39,065,0.91,452,2216,502,2242,520
IMG_066,1,1,COMMERCIAL,0.96,364,162,838,206,526
IMG_066,1,2,DIRECTORY,0.96,862,162,1257,206,526
IMG_066,1,3,1886,0.96,1283,162,1435,206,526
IMG_066,1,4,DURHAM,0.96,182,272,349,297,526
IMG_066,1,5,DISTRICT,0.95,363,272,535,297,526
IMG_066,1,6,Margaret,0.96,182,422,343,454,526
IMG_066,1,7,Lewis,0.93,356,421,453,447,526
IMG_066,1,8,—,0.89,466,437,498,439,526
IMG_066,1,9,"teacher,",0.96,511,421,646,451,526
IMG_066,1,10,High,0.96,661,421,743,454,526
IMG_066,1,11,"Street,",0.96,757,422,869,451,526
IMG_066,1,12,No.,0.96,885,422,941,447,526
IMG_066,1,13,14,0.96,958,422,996,447,526
IMG_066,1,14,James,0.94,177,572,282,604,526
IMG_066,1,15,Brown,0.92,297,572,406,597,526
IMG_066,1,16,—,0.92,419,587,451,589,526
IMG_066,1,17,"stationer,",0.92,465,571,622,601,526
IMG_066,1,18,Market,0.96,637,571,760,597,526
IMG_066,1,19,"Road,",0.96,774,571,868,601,526
IMG_066,1,20,No.,0.95,884,572,939,597,526
IMG_066,1,21,8,0.97,955,572,972,597,526
IMG_066,1,22,Elizabeth,0.96,182,721,341,747,526
IMG_066,1,23,Clark,0.93,355,721,447,747,526
IMG_066,1,24,—,0.9,459,737,491,739,526
IMG_066,1,25,"dressmaker,",0.96,505,721,709,751,526
IMG_066,1,26,Church,0.96,725,721,849,747,526
IMG_066,1,27,"Lane,",0.96,863,722,954,751,526
IMG_066,1,28,No.,0.96,969,722,1025,747,526
IMG_066,1,29,21,0.96,1041,722,1077,747,526
IMG_066,1,30,Entries,0.96,182,871,304,897,526
IMG_066,1,31,are,0.96,318,879,370,897,526
IMG_066,1,32,arranged,0.96,385,871,541,904,526
IMG_066,1,33,alphabetically,0.96,555,871,794,904,526
IMG_066,1,34,by,0.96,806,871,846,904,526
IMG_066,1,35,surname.,0.96,859,879,1015,897,526
IMG_066,1,36,Document,0.96,182,2216,319,2236,526
IMG_066,1,37,ID:,0.96,331,2216,367,2236,526
IMG_066,1,38,IMG,0.37,390,2212,436,2246,526
IMG_066,1,39,066,0.37,452,2216,502,2242,526
IMG_067,1,1,COMMERCIAL,0.95,364,162,838,206,738
IMG_067,1,2,DIRECTORY,0.95,861,162,1257,206,738
IMG_067,1,3,1906,0.96,1283,162,1435,206,738
IMG_067,1,4,MANCHESTER,0.96,181,272,446,297,738
IMG_067,1,5,DISTRICT,0.96,459,272,632,297,738
IMG_067,1,6,Henry,0.96,182,422,287,454,738
IMG_067,1,7,Davis,0.93,300,421,392,447,738
IMG_067,1,8,—,0.93,405,437,437,439,738
IMG_067,1,9,"teacher,",0.96,450,421,583,451,738
IMG_067,1,10,High,0.96,600,421,681,454,738
IMG_067,1,11,"Street,",0.96,696,422,808,451,738
IMG_067,1,12,No.,0.96,823,422,879,447,738
IMG_067,1,13,14,0.96,897,422,934,447,738
IMG_067,1,14,James,0.91,177,572,282,604,738
IMG_067,1,15,Brown,0.93,297,572,406,597,738
IMG_067,1,16,—,0.92,419,587,451,589,738
IMG_067,1,17,"stationer,",0.89,465,571,622,601,738
IMG_067,1,18,Market,0.95,637,571,760,597,738
IMG_067,1,19,"Road,",0.95,774,571,868,601,738
IMG_067,1,20,No.,0.96,883,572,939,597,738
IMG_067,1,21,8,0.96,955,572,972,597,738
IMG_067,1,22,Elizabeth,0.96,182,721,341,747,738
IMG_067,1,23,Clark,0.93,355,721,447,747,738
IMG_067,1,24,—,0.92,459,737,491,739,738
IMG_067,1,25,"dressmaker,",0.95,505,721,709,751,738
IMG_067,1,26,Church,0.95,725,721,849,747,738
IMG_067,1,27,"Lane,",0.96,863,722,954,751,738
IMG_067,1,28,No.,0.96,969,722,1025,747,738
IMG_067,1,29,21,0.96,1041,722,1077,747,738
IMG_067,1,30,Entries,0.96,182,871,304,897,738
IMG_067,1,31,are,0.96,318,879,370,897,738
IMG_067,1,32,arranged,0.96,385,871,541,904,738
IMG_067,1,33,alphabetically,0.95,555,871,794,904,738
IMG_067,1,34,by,0.96,806,871,846,904,738
IMG_067,1,35,surname.,0.95,859,879,1015,897,738
IMG_067,1,36,Document,0.96,182,2216,320,2236,738
IMG_067,1,37,ID:,0.96,331,2216,367,2236,738
IMG_067,1,38,IMG,0.57,390,2212,436,2246,738
IMG_067,1,39,067,0.94,452,2216,502,2242,738
IMG_068,1,1,COMMERCIAL,0.96,363,161,839,207,521
IMG_068,1,2,DIRECTORY,0.96,861,161,1257,207,521
IMG_068,1,3,1909,0.96,1282,161,1436,207,521
IMG_068,1,4,YORKSHIRE,0.96,180,271,396,298,521
IMG_068,1,5,DISTRICT,0.96,411,271,584,298,521
IMG_068,1,6,George,0.96,181,421,305,455,521
IMG_068,1,7,Miller,0.93,319,420,421,448,521
IMG_068,1,8,—,0.93,433,436,463,440,521
IMG_068,1,9,"blacksmith,",0.96,477,420,673,451,521
IMG_068,1,10,High,0.96,688,420,770,455,521
IMG_068,1,11,"Street,",0.96,783,421,897,451,521
IMG_068,1,12,No.,0.96,912,421,968,448,521
IMG_068,1,13,14,0.96,985,421,1023,448,521
IMG_068,1,14,James,0.95,176,571,283,605,521
IMG_068,1,15,Brown,0.93,297,571,406,598,521
IMG_068,1,16,—,0.9,420,586,450,590,521
IMG_068,1,17,"stationer,",0.92,464,571,622,601,521
IMG_068,1,18,Market,0.96,637,570,761,598,521
IMG_068,1,19,"Road,",0.96,774,570,868,601,521
IMG_068,1,20,No.,0.96,884,571,939,598,521
IMG_068,1,21,8,0.96,954,571,974,598,521
IMG_068,1,22,Elizabeth,0.96,182,720,341,748,521
IMG_068,1,23,Clark,0.93,354,720,447,748,521
IMG_068,1,24,—,0.92,460,736,490,740,521
IMG_068,1,25,"dressmaker,",0.96,503,720,709,751,521
IMG_068,1,26,Church,0.96,724,720,849,748,521
IMG_068,1,27,"Lane,",0.96,863,721,954,751,521
IMG_068,1,28,No.,0.96,969,721,1025,748,521
IMG_068,1,29,21,0.96,1041,721,1077,748,521
IMG_068,1,30,Entries,0.96,182,871,305,898,521
IMG_068,1,31,are,0.96,317,878,371,898,521
IMG_068,1,32,arranged,0.96,384,870,541,905,521
IMG_068,1,33,alphabetically,0.96,554,870,794,905,521
IMG_068,1,34,by,0.96,806,870,846,905,521
IMG_068,1,35,surname.,0.96,858,878,1015,898,521
IMG_068,1,36,Document,0.96,183,2216,316,2236,521
IMG_068,1,37,ID:,0.96,332,2216,367,2236,521
IMG_068,1,38,IMG,0.92,382,2216,437,2236,521
IMG_068,1,39,068,0.92,453,2217,503,2235,521
IMG_069,1,1,COMMERCIAL,0.96,329,162,803,236,573
IMG_069,1,2,DIRECTORY,0.96,825,151,1221,207,573
IMG_069,1,3,1934,0.96,1247,144,1401,192,573
IMG_069,1,4,LEEDS,0.96,150,294,269,323,573
IMG_069,1,5,DISTRICT,0.95,284,287,455,318,573
IMG_069,1,6,George,0.96,156,447,278,476,573
IMG_069,1,7,Miller,0.93,292,440,394,468,573
IMG_069,1,8,—,0.93,406,453,437,456,573
IMG_069,1,9,"tailor,",0.96,450,434,546,463,573
IMG_069,1,10,High,0.96,561,430,644,464,573
IMG_069,1,11,"Street,",0.96,657,429,770,455,573
IMG_069,1,12,No.,0.96,784,425,841,451,573
IMG_069,1,13,14,0.96,858,422,897,448,573
IMG_069,1,14,James,0.95,156,597,261,630,573
IMG_069,1,15,Brown,0.92,275,593,385,618,573
IMG_069,1,16,—,0.92,398,603,430,606,573
IMG_069,1,17,"stationer,",0.91,444,584,601,612,573
IMG_069,1,18,Market,0.96,615,578,739,607,573
IMG_069,1,19,"Road,",0.96,752,573,846,603,573
IMG_069,1,20,No.,0.96,862,572,918,598,573
IMG_069,1,21,8,0.95,934,570,951,595,573
IMG_069,1,22,Elizabeth,0.94,166,741,326,772,573
IMG_069,1,23,Clark,0.92,339,737,431,766,573
IMG_069,1,24,—,0.92,443,751,475,755,573
IMG_069,1,25,"dressmaker,",0.96,489,730,693,761,573
IMG_069,1,26,Church,0.96,709,723,833,753,573
IMG_069,1,27,"Lane,",0.96,846,723,938,749,573
IMG_069,1,28,No.,0.96,952,719,1009,745,573
IMG_069,1,29,21,0.96,1025,716,1061,742,573
IMG_069,1,30,Entries,0.96,171,893,293,922,573
IMG_069,1,31,are,0.96,307,898,360,917,573
IMG_069,1,32,arranged,0.96,374,884,531,919,573
IMG_069,1,33,alphabetically,0.96,544,876,783,915,573
IMG_069,1,34,by,0.96,794,874,835,907,573
IMG_069,1,35,surname.,0.96,848,876,1004,898,573
IMG_069,1,36,Document,0.96,218,2238,356,2260,573
IMG_069,1,37,ID:,0.92,366,2235,404,2255,573
IMG_069,1,38,IMG_069,0.92,417,2229,538,2258,573
IMG_070,1,1,COMMERCIAL,0.96,364,162,838,206,524
IMG_070,1,2,DIRECTORY,0.95,862,162,1257,206,524
IMG_070,1,3,1880,0.96,1283,162,1436,206,524
IMG_070,1,4,YORKSHIRE,0.96,180,272,395,297,524
IMG_070,1,5,DISTRICT,0.96,411,272,583,297,524
IMG_070,1,6,Henry,0.96,182,422,287,454,524
IMG_070,1,7,Davis,0.91,300,421,392,447,524
IMG_070,1,8,—,0.91,405,437,437,439,524
IMG_070,1,9,"stationer,",0.92,451,421,608,451,524
IMG_070,1,10,High,0.96,623,421,704,454,524
IMG_070,1,11,"Street,",0.96,719,422,831,451,524
IMG_070,1,12,No.,0.96,847,422,903,447,524
IMG_070,1,13,14,0.96,920,422,958,447,524
IMG_070,1,14,James,0.96,177,572,282,604,524
IMG_070,1,15,Brown,0.92,297,572,406,597,524
IMG_070,1,16,—,0.92,419,587,451,589,524
IMG_070,1,17,"stationer,",0.91,465,571,622,601,524
IMG_070,1,18,Market,0.96,637,571,760,597,524
IMG_070,1,19,"Road,",0.96,774,571,868,601,524
IMG_070,1,20,No.,0.96,884,572,939,597,524
IMG_070,1,21,8,0.96,955,572,972,597,524
IMG_070,1,22,Elizabeth,0.96,182,721,341,747,524
IMG_070,1,23,Clark,0.93,355,721,447,747,524
IMG_070,1,24,—,0.92,459,737,491,739,524
IMG_070,1,25,"dressmaker,",0.96,505,721,709,751,524
IMG_070,1,26,Church,0.96,725,721,849,747,524
IMG_070,1,27,"Lane,",0.96,863,722,954,751,524
IMG_070,1,28,No.,0.96,969,722,1025,747,524
IMG_070,1,29,21,0.96,1041,722,1077,747,524
IMG_070,1,30,Entries,0.96,182,871,304,897,524
IMG_070,1,31,are,0.96,318,879,370,897,524
IMG_070,1,32,arranged,0.96,385,871,541,904,524
IMG_070,1,33,alphabetically,0.96,555,871,794,904,524
IMG_070,1,34,by,0.96,806,871,846,904,524
IMG_070,1,35,surname.,0.96,859,879,1015,897,524
IMG_070,1,36,Document,0.96,182,2216,319,2236,524
IMG_070,1,37,ID:,0.96,331,2216,367,2236,524
IMG_070,1,38,IMG_070,0.85,381,2216,502,2242,524
IMG_071,1,1,Document,0.96,181,2216,320,2236,376
IMG_071,1,2,ID:,0.96,330,2216,367,2236,376
IMG_071,1,3,IMG,0.58,389,2212,435,2246,376
IMG_071,1,4,_071,0.58,440,2216,501,2242,376
IMG_072,1,1,IN,0.95,648,162,724,206,666
IMG_072,1,2,MEMORIAM,0.96,748,161,1152,207,666
IMG_072,1,3,Florence,0.96,182,270,331,298,666
IMG_072,1,4,Brown,0.96,345,271,455,298,666
IMG_072,1,5,Died,0.96,182,420,259,448,666
IMG_072,1,6,at,0.96,272,424,305,448,666
IMG_072,1,7,"Kent,",0.96,317,421,404,451,666
IMG_072,1,8,3,0.96,419,421,437,448,666
IMG_072,1,9,March,0.96,451,420,561,448,666
IMG_072,1,10,1930,0.96,577,421,658,448,666
IMG_072,1,11,Aged,0.96,179,571,267,605,666
IMG_072,1,12,67,0.96,281,571,321,597,666
IMG_072,1,13,years.,0.96,333,578,434,605,666
IMG_072,1,14,He,0.96,181,721,229,748,666
IMG_072,1,15,was,0.96,241,728,306,748,666
IMG_072,1,16,known,0.95,319,721,431,748,666
IMG_072,1,17,throughout,0.95,444,720,636,755,666
IMG_072,1,18,the,0.96,649,721,702,748,666
IMG_072,1,19,parish,0.96,715,720,823,755,666
IMG_072,1,20,for,0.96,834,720,884,748,666
IMG_072,1,21,his,0.96,895,720,942,748,666
IMG_072,1,22,honest,0.96,956,720,1070,748,666
IMG_072,1,23,work,0.96,1081,720,1168,748,666
IMG_072,1,24,as,0.96,1179,728,1214,748,666
IMG_072,1,25,a,0.96,1228,729,1247,748,666
IMG_072,1,26,baker.,0.96,1259,720,1361,748,666
IMG_072,1,27,Peace,0.95,182,871,280,898,666
IMG_072,1,28,be,0.95,293,870,332,898,666
IMG_072,1,29,with,0.95,344,870,419,898,666
IMG_072,1,30,him.,0.96,432,870,504,898,666
IMG_072,1,31,Document,0.96,183,2216,319,2237,666
IMG_072,1,32,ID:,0.96,331,2216,367,2236,666
IMG_072,1,33,IMG,0.91,382,2215,437,2236,666
IMG_072,1,34,072,0.91,454,2215,502,2237,666
IMG_073,1,1,IN,0.95,649,163,724,205,504
IMG_073,1,2,MEMORIAM,0.95,748,162,1152,206,504
IMG_073,1,3,Eleanor,0.96,182,271,314,297,504
IMG_073,1,4,Smith,0.96,329,271,427,297,504
IMG_073,1,5,Died,0.96,182,421,259,447,504
IMG_073,1,6,at,0.95,273,424,304,447,504
IMG_073,1,7,"Norfolk,",0.96,318,421,455,451,504
IMG_073,1,8,3,0.95,481,422,487,447,504
IMG_073,1,9,March,0.95,503,421,612,447,504
IMG_073,1,10,1889,0.96,628,422,708,447,504
IMG_073,1,11,Aged,0.95,180,571,267,604,504
IMG_073,1,12,67,0.96,281,572,320,597,504
IMG_073,1,13,years.,0.96,333,579,434,604,504
IMG_073,1,14,He,0.96,182,722,228,747,504
IMG_073,1,15,was,0.95,241,729,306,747,504
IMG_073,1,16,known,0.95,319,721,431,747,504
IMG_073,1,17,throughout,0.96,444,721,636,754,504
IMG_073,1,18,the,0.95,649,721,701,747,504
IMG_073,1,19,parish,0.95,715,721,822,754,504
IMG_073,1,20,for,0.96,834,721,883,747,504
IMG_073,1,21,his,0.96,895,721,942,747,504
IMG_073,1,22,honest,0.95,956,721,1069,747,504
IMG_073,1,23,work,0.96,1081,721,1168,747,504
IMG_073,1,24,as,0.95,1180,729,1214,747,504
IMG_073,1,25,a,0.96,1229,729,1246,747,504
IMG_073,1,26,baker.,0.96,1259,721,1361,747,504
IMG_073,1,27,Peace,0.96,182,872,279,897,504
IMG_073,1,28,be,0.96,293,871,331,897,504
IMG_073,1,29,with,0.96,344,871,419,897,504
IMG_073,1,30,him.,0.96,432,871,504,897,504
IMG_073,1,31,Document,0.96,182,2216,319,2236,504
IMG_073,1,32,ID:,0.96,331,2216,367,2236,504
IMG_073,1,33,IMG,0.65,390,2212,436,2246,504
IMG_073,1,34,073,0.91,452,2216,502,2242,504
IMG_074,1,1,IN,0.95,649,163,724,205,549
IMG_074,1,2,MEMORIAM,0.96,748,162,1152,206,549
IMG_074,1,3,Arthur,0.96,180,271,294,297,549
IMG_074,1,4,Wilson,0.96,305,271,420,297,549
IMG_074,1,5,Died,0.95,182,421,259,447,549
IMG_074,1,6,at,0.96,273,424,304,447,549
IMG_074,1,7,"Bristol,",0.95,318,421,438,451,549
IMG_074,1,8,3,0.95,464,422,471,447,549
IMG_074,1,9,March,0.95,486,421,596,447,549
IMG_074,1,10,1932,0.95,611,422,690,447,549
IMG_074,1,11,Aged,0.96,180,571,267,604,549
IMG_074,1,12,67,0.96,281,572,320,597,549
IMG_074,1,13,years.,0.96,333,579,434,604,549
IMG_074,1,14,He,0.96,182,722,229,747,549
IMG_074,1,15,was,0.96,241,729,306,747,549
IMG_074,1,16,known,0.96,319,721,431,747,549
IMG_074,1,17,throughout,0.96,444,721,636,754,549
IMG_074,1,18,the,0.95,649,721,702,747,549
IMG_074,1,19,parish,0.95,715,721,822,754,549
IMG_074,1,20,for,0.96,834,721,883,747,549
IMG_074,1,21,his,0.96,895,721,942,747,549
IMG_074,1,22,honest,0.96,956,721,1069,747,549
IMG_074,1,23,work,0.96,1081,721,1168,747,549
IMG_074,1,24,as,0.95,1180,729,1214,747,549
IMG_074,1,25,a,0.95,1229,729,1246,747,549
IMG_074,1,26,clerk.,0.95,1260,721,1353,747,549
IMG_074,1,27,Peace,0.96,182,872,280,897,549
IMG_074,1,28,be,0.96,293,871,332,897,549
IMG_074,1,29,with,0.96,344,871,419,897,549
IMG_074,1,30,him.,0.96,432,871,504,897,549
IMG_074,1,31,Document,0.96,182,2216,319,2236,549
IMG_074,1,32,ID:,0.96,331,2216,367,2236,549
IMG_074,1,33,IMG,0.56,390,2212,436,2246,549
IMG_074,1,34,074,0.95,452,2216,503,2242,549
IMG_075,1,1,IN,0.93,648,163,724,205,728
IMG_075,1,2,MEMORIAM,0.95,748,162,1152,206,728
IMG_075,1,3,Thomas,0.96,180,271,314,297,728
IMG_075,1,4,Bennett,0.96,328,272,461,297,728
IMG_075,1,5,Died,0.96,182,421,259,447,728
IMG_075,1,6,at,0.96,273,424,305,447,728
IMG_075,1,7,"Yorkshire,",0.96,315,421,487,451,728
IMG_075,1,8,3,0.96,503,422,520,447,728
IMG_075,1,9,March,0.96,535,421,644,447,728
IMG_075,1,10,1887,0.96,660,422,740,447,728
IMG_075,1,11,Aged,0.96,180,571,267,604,728
IMG_075,1,12,67,0.96,281,572,320,597,728
IMG_075,1,13,years.,0.96,333,579,434,604,728
IMG_075,1,14,He,0.96,182,722,229,747,728
IMG_075,1,15,was,0.96,241,729,306,747,728
IMG_075,1,16,known,0.96,319,721,431,747,728
IMG_075,1,17,throughout,0.96,444,721,636,754,728
IMG_075,1,18,the,0.96,649,721,702,747,728
IMG_075,1,19,parish,0.95,715,721,822,754,728
IMG_075,1,20,for,0.95,834,721,883,747,728
IMG_075,1,21,his,0.96,895,721,942,747,728
IMG_075,1,22,honest,0.96,956,721,1069,747,728
IMG_075,1,23,work,0.96,1081,721,1168,747,728
IMG_075,1,24,as,0.96,1180,729,1214,747,728
IMG_075,1,25,a,0.96,1229,729,1247,747,728
IMG_075,1,26,merchant.,0.96,1259,721,1431,747,728
IMG_075,1,27,Peace,0.96,182,872,279,897,728
IMG_075,1,28,be,0.96,293,871,332,897,728
IMG_075,1,29,with,0.96,344,871,419,897,728
IMG_075,1,30,him.,0.96,432,871,504,897,728
IMG_075,1,31,Document,0.96,181,2216,320,2236,728
IMG_075,1,32,ID:,0.96,330,2216,367,2236,728
IMG_075,1,33,IMG,0.94,386,2212,435,2246,728
IMG_075,1,34,075,0.94,451,2216,502,2242,728
IMG_076,1,1,IN,0.96,648,162,724,206,470
IMG_076,1,2,MEMORIAM,0.96,748,161,1152,207,470
IMG_076,1,3,Thomas,0.96,179,270,315,298,470
IMG_076,1,4,Bennett,0.96,328,271,462,298,470
IMG_076,1,5,Died,0.96,182,420,259,448,470
IMG_076,1,6,at,0.96,272,423,305,448,470
IMG_076,1,7,"Norfolk,",0.96,318,420,455,451,470
IMG_076,1,8,3,0.96,479,421,488,448,470
IMG_076,1,9,March,0.96,503,420,612,448,470
IMG_076,1,10,1917,0.96,628,421,709,448,470
IMG_076,1,11,Aged,0.96,180,570,267,605,470
IMG_076,1,12,67,0.96,280,571,321,598,470
IMG_076,1,13,years.,0.96,333,578,434,605,470
IMG_076,1,14,He,0.96,182,721,229,748,470
IMG_076,1,15,was,0.96,241,728,307,748,470
IMG_076,1,16,known,0.96,319,720,431,748,470
IMG_076,1,17,throughout,0.96,444,720,637,755,470
IMG_076,1,18,the,0.96,649,720,702,748,470
IMG_076,1,19,parish,0.96,715,720,822,755,470
IMG_076,1,20,for,0.96,834,720,884,748,470
IMG_076,1,21,his,0.96,895,720,943,748,470
IMG_076,1,22,honest,0.95,956,720,1070,748,470
IMG_076,1,23,work,0.95,1081,720,1168,748,470
IMG_076,1,24,as,0.96,1179,728,1215,748,470
IMG_076,1,25,a,0.96,1228,728,1246,748,470
IMG_076,1,26,farmer.,0.95,1259,720,1380,748,470
IMG_076,1,27,Peace,0.95,182,871,280,898,470
IMG_076,1,28,be,0.95,293,870,332,898,470
IMG_076,1,29,with,0.96,344,870,419,898,470
IMG_076,1,30,him.,0.96,432,870,504,898,470
IMG_076,1,31,Document,0.96,183,2216,317,2236,470
IMG_076,1,32,ID:,0.96,332,2216,367,2236,470
IMG_076,1,33,IMG,0.96,382,2216,437,2236,470
IMG_076,1,34,076,0.96,453,2215,503,2235,470
IMG_077,1,1,IN,0.94,613,170,688,214,541
IMG_077,1,2,MEMORIAM,0.94,712,155,1117,211,541
IMG_077,1,3,Arthur,0.96,148,294,263,323,541
IMG_077,1,4,Wilson,0.95,273,290,389,318,541
IMG_077,1,5,Died,0.96,155,444,233,473,541
IMG_077,1,6,at,0.96,247,445,278,469,541
IMG_077,1,7,"Lancashire,",0.96,291,437,487,468,541
IMG_077,1,8,3,0.97,504,435,521,460,541
IMG_077,1,9,March,0.96,535,430,646,459,541
IMG_077,1,10,1923,0.96,660,427,741,455,541
IMG_077,1,11,Aged,0.96,159,593,246,628,541
IMG_077,1,12,67,0.96,260,593,299,619,541
IMG_077,1,13,years.,0.96,311,596,413,624,541
IMG_077,1,14,He,0.96,165,746,213,772,541
IMG_077,1,15,was,0.95,225,750,290,770,541
IMG_077,1,16,known,0.95,302,741,416,768,541
IMG_077,1,17,throughout,0.95,428,733,621,767,541
IMG_077,1,18,the,0.96,633,729,686,756,541
IMG_077,1,19,parish,0.96,699,724,806,761,541
IMG_077,1,20,for,0.96,818,723,867,750,541
IMG_077,1,21,his,0.96,878,720,926,747,541
IMG_077,1,22,honest,0.96,939,719,1053,745,541
IMG_077,1,23,work,0.96,1065,712,1152,741,541
IMG_077,1,24,as,0.96,1163,718,1198,737,541
IMG_077,1,25,a,0.95,1212,717,1230,736,541
IMG_077,1,26,carpenter.,0.95,1243,707,1415,740,541
IMG_077,1,27,Peace,0.96,171,897,269,922,541
IMG_077,1,28,be,0.96,282,892,321,919,541
IMG_077,1,29,with,0.96,333,888,409,916,541
IMG_077,1,30,him.,0.96,421,887,493,914,541
IMG_077,1,31,Document,0.96,218,2238,356,2260,541
IMG_077,1,32,ID:,0.93,366,2235,404,2255,541
IMG_077,1,33,IMG_077,0.92,417,2229,538,2258,541
IMG_078,1,1,IN,0.96,649,163,724,205,470
IMG_078,1,2,MEMORIAM,0.95,748,162,1152,206,470
IMG_078,1,3,Arthur,0.96,180,271,294,297,470
IMG_078,1,4,Wilson,0.96,305,271,420,297,470
IMG_078,1,5,Died,0.96,182,421,259,447,470
IMG_078,1,6,at,0.96,273,424,304,447,470
IMG_078,1,7,"Leeds,",0.96,318,421,426,451,470
IMG_078,1,8,3,0.96,441,422,458,447,470
IMG_078,1,9,March,0.96,474,421,583,447,470
IMG_078,1,10,1930,0.96,599,422,679,447,470
IMG_078,1,11,Aged,0.96,180,571,267,604,470
IMG_078,1,12,67,0.96,281,572,320,597,470
IMG_078,1,13,years.,0.96,333,579,434,604,470
IMG_078,1,14,He,0.96,182,722,228,747,470
IMG_078,1,15,was,0.95,241,729,306,747,470
IMG_078,1,16,known,0.95,319,721,431,747,470
IMG_078,1,17,throughout,0.96,444,721,636,754,470
IMG_078,1,18,the,0.95,649,721,701,747,470
IMG_078,1,19,parish,0.96,715,721,822,754,470
IMG_078,1,20,for,0.96,834,721,883,747,470
IMG_078,1,21,his,0.96,895,721,942,747,470
IMG_078,1,22,honest,0.96,956,721,1069,747,470
IMG_078,1,23,work,0.96,1081,721,1168,747,470
IMG_078,1,24,as,0.96,1180,729,1214,747,470
IMG_078,1,25,a,0.96,1229,729,1246,747,470
IMG_078,1,26,teacher.,0.96,1259,721,1393,747,470
IMG_078,1,27,Peace,0.96,182,872,279,897,470
IMG_078,1,28,be,0.96,293,871,331,897,470
IMG_078,1,29,with,0.96,344,871,419,897,470
IMG_078,1,30,him.,0.96,432,871,504,897,470
IMG_078,1,31,Document,0.96,182,2216,319,2236,470
IMG_078,1,32,ID:,0.96,331,2216,367,2236,470
IMG_078,1,33,IMG,0.55,390,2212,436,2246,470
IMG_078,1,34,078,0.66,452,2216,502,2242,470
IMG_079,1,1,Document,0.96,181,2216,320,2236,377
IMG_079,1,2,ID:,0.96,330,2216,367,2236,377
IMG_079,1,3,IMG,0.18,380,2216,503,2242,377
IMG_079,1,4,_,0.29,443,2212,447,2246,377
IMG_079,1,5,079,0.29,451,2216,503,2242,377
IMG_080,1,1,IN,0.95,648,162,724,206,661
IMG_080,1,2,MEMORIAM,0.96,748,161,1152,207,661
IMG_080,1,3,George,0.96,181,272,305,305,661
IMG_080,1,4,Miller,0.96,318,270,421,298,661
IMG_080,1,5,Died,0.96,182,421,259,448,661
IMG_080,1,6,at,0.96,272,424,305,448,661
IMG_080,1,7,"Yorkshire,",0.96,315,420,487,450,661
IMG_080,1,8,3,0.96,514,421,521,448,661
IMG_080,1,9,March,0.96,534,420,644,448,661
IMG_080,1,10,1891,0.96,660,421,738,448,661
IMG_080,1,11,Aged,0.95,180,570,267,605,661
IMG_080,1,12,67,0.96,281,571,321,598,661
IMG_080,1,13,years.,0.96,333,578,434,604,661
IMG_080,1,14,He,0.96,182,721,229,748,661
IMG_080,1,15,was,0.96,241,728,306,748,661
IMG_080,1,16,known,0.96,319,720,431,748,661
IMG_080,1,17,throughout,0.96,444,720,637,755,661
IMG_080,1,18,the,0.96,649,720,702,748,661
IMG_080,1,19,parish,0.96,715,720,822,755,661
IMG_080,1,20,for,0.96,834,721,884,748,661
IMG_080,1,21,his,0.96,895,720,942,748,661
IMG_080,1,22,honest,0.96,956,720,1070,748,661
IMG_080,1,23,work,0.96,1081,720,1168,748,661
IMG_080,1,24,as,0.96,1179,729,1214,748,661
IMG_080,1,25,a,0.96,1228,729,1247,747,661
IMG_080,1,26,teacher.,0.96,1259,720,1393,748,661
IMG_080,1,27,Peace,0.96,182,871,280,898,661
IMG_080,1,28,be,0.96,293,870,332,898,661
IMG_080,1,29,with,0.96,344,870,419,898,661
IMG_080,1,30,him.,0.96,432,870,504,898,661
IMG_080,1,31,Document,0.96,183,2216,319,2237,661
IMG_080,1,32,ID:,0.96,331,2216,368,2236,661
IMG_080,1,33,IMG_080,0.87,381,2216,503,2242,661
IMG_081,1,1,CERTIFICATE,0.95,466,162,912,206,516
IMG_081,1,2,OF,0.95,938,162,1027,206,516
IMG_081,1,3,RECORD,0.95,1051,162,1333,206,516
IMG_081,1,4,This,0.96,180,271,251,297,516
IMG_081,1,5,is,0.96,265,271,291,297,516
IMG_081,1,6,to,0.96,304,274,336,297,516
IMG_081,1,7,certify,0.96,350,271,459,304,516
IMG_081,1,8,that,0.96,471,271,539,297,516
IMG_081,1,9,Eleanor,0.96,553,271,685,297,516
IMG_081,1,10,Smith,0.96,699,271,797,297,516
IMG_081,1,11,was,0.96,180,429,245,447,516
IMG_081,1,12,recorded,0.96,259,421,413,447,516
IMG_081,1,13,in,0.96,425,421,456,447,516
IMG_081,1,14,the,0.96,469,421,521,447,516
IMG_081,1,15,parish,0.96,535,421,642,454,516
IMG_081,1,16,of,0.96,656,421,689,447,516
IMG_081,1,17,Devon,0.95,699,422,806,447,516
IMG_081,1,18,on,0.95,182,579,221,597,516
IMG_081,1,19,the,0.96,234,571,287,597,516
IMG_081,1,20,22nd,0.96,302,571,386,597,516
IMG_081,1,21,day,0.96,399,571,458,604,516
IMG_081,1,22,of,0.96,471,571,505,597,516
IMG_081,1,23,August,0.96,513,572,634,604,516
IMG_081,1,24,1912.,0.96,649,572,740,597,516
IMG_081,1,25,Occupation:,0.96,182,721,385,754,516
IMG_081,1,26,merchant,0.96,400,721,564,747,516
IMG_081,1,27,Entered,0.96,182,871,318,897,516
IMG_081,1,28,in,0.96,330,871,361,897,516
IMG_081,1,29,the,0.96,374,871,427,897,516
IMG_081,1,30,official,0.96,442,871,555,897,516
IMG_081,1,31,register.,0.96,568,871,708,904,516
IMG_081,1,32,Document,0.96,182,2216,319,2236,516
IMG_081,1,33,ID:,0.96,331,2216,367,2236,516
IMG_081,1,34,IMG,0.61,390,2212,436,2246,516
IMG_081,1,35,081,0.93,452,2216,500,2242,516
IMG_082,1,1,CERTIFICATE,0.95,466,162,912,206,509
IMG_082,1,2,OF,0.95,938,162,1027,206,509
IMG_082,1,3,RECORD,0.96,1051,162,1333,206,509
IMG_082,1,4,This,0.95,180,271,251,297,509
IMG_082,1,5,is,0.95,265,271,291,297,509
IMG_082,1,6,to,0.96,304,274,336,297,509
IMG_082,1,7,certify,0.96,350,271,459,304,509
IMG_082,1,8,that,0.96,471,271,539,297,509
IMG_082,1,9,Margaret,0.95,553,272,713,304,509
IMG_082,1,10,Lewis,0.96,727,271,824,297,509
IMG_082,1,11,was,0.96,180,429,245,447,509
IMG_082,1,12,recorded,0.95,259,421,413,447,509
IMG_082,1,13,in,0.96,425,421,456,447,509
IMG_082,1,14,the,0.96,469,421,521,447,509
IMG_082,1,15,parish,0.96,535,421,642,454,509
IMG_082,1,16,of,0.96,656,421,689,447,509
IMG_082,1,17,Kent,0.96,699,422,777,447,509
IMG_082,1,18,on,0.96,182,579,221,597,509
IMG_082,1,19,the,0.96,234,571,287,597,509
IMG_082,1,20,22nd,0.95,302,571,386,597,509
IMG_082,1,21,day,0.95,399,571,458,604,509
IMG_082,1,22,of,0.96,471,571,505,597,509
IMG_082,1,23,August,0.96,513,572,634,604,509
IMG_082,1,24,1884.,0.96,649,572,740,597,509
IMG_082,1,25,Occupation:,0.93,182,721,385,754,509
IMG_082,1,26,stationer,0.91,401,721,553,747,509
IMG_082,1,27,Entered,0.96,182,871,318,897,509
IMG_082,1,28,in,0.95,330,871,361,897,509
IMG_082,1,29,the,0.95,374,871,427,897,509
IMG_082,1,30,official,0.96,442,871,555,897,509
IMG_082,1,31,register.,0.96,568,871,708,904,509
IMG_082,1,32,Document,0.96,182,2216,319,2236,509
IMG_082,1,33,ID:,0.96,331,2216,367,2236,509
IMG_082,1,34,IMG,0.68,390,2212,436,2246,509
IMG_082,1,35,082,0.68,452,2216,501,2242,509
IMG_083,1,1,CERTIFICATE,0.94,466,162,912,206,737
IMG_083,1,2,OF,0.94,938,162,1027,206,737
IMG_083,1,3,RECORD,0.96,1051,162,1333,206,737
IMG_083,1,4,This,0.96,180,271,251,297,737
IMG_083,1,5,is,0.96,265,271,291,297,737
IMG_083,1,6,to,0.96,304,274,336,297,737
IMG_083,1,7,certify,0.96,350,271,459,304,737
IMG_083,1,8,that,0.96,471,271,539,297,737
IMG_083,1,9,Edward,0.96,553,271,684,297,737
IMG_083,1,10,Harris,0.96,697,271,805,297,737
IMG_083,1,11,was,0.94,180,429,245,447,737
IMG_083,1,12,recorded,0.96,259,421,413,447,737
IMG_083,1,13,in,0.96,425,421,456,447,737
IMG_083,1,14,the,0.96,469,421,521,447,737
IMG_083,1,15,parish,0.96,535,421,642,454,737
IMG_083,1,16,of,0.96,656,421,689,447,737
IMG_083,1,17,Lancashire,0.96,699,421,886,447,737
IMG_083,1,18,on,0.95,182,579,221,597,737
IMG_083,1,19,the,0.96,234,571,287,597,737
IMG_083,1,20,22nd,0.96,302,571,386,597,737
IMG_083,1,21,day,0.96,399,571,458,604,737
IMG_083,1,22,of,0.96,471,571,505,597,737
IMG_083,1,23,August,0.96,513,572,634,604,737
IMG_083,1,24,1898.,0.96,649,572,740,597,737
IMG_083,1,25,Occupation:,0.93,182,721,385,754,737
IMG_083,1,26,stationer,0.92,401,721,553,747,737
IMG_083,1,27,Entered,0.96,182,871,318,897,737
IMG_083,1,28,in,0.96,330,871,361,897,737
IMG_083,1,29,the,0.96,374,871,427,897,737
IMG_083,1,30,official,0.96,442,871,555,897,737
IMG_083,1,31,register.,0.96,568,871,708,904,737
IMG_083,1,32,Document,0.96,181,2216,319,2236,737
IMG_083,1,33,ID:,0.96,331,2216,367,2236,737
IMG_083,1,34,IMG,0.88,389,2212,435,2246,737
IMG_083,1,35,083,0.88,451,2216,502,2242,737
IMG_084,1,1,CERTIFICATE,0.95,465,161,914,207,521
IMG_084,1,2,OF,0.96,937,161,1028,207,521
IMG_084,1,3,RECORD,0.96,1050,161,1334,207,521
IMG_084,1,4,This,0.96,179,270,252,298,521
IMG_084,1,5,is,0.96,265,271,292,298,521
IMG_084,1,6,to,0.96,304,273,337,298,521
IMG_084,1,7,certify,0.96,348,270,459,305,521
IMG_084,1,8,that,0.96,471,270,540,298,521
IMG_084,1,9,Margaret,0.96,553,271,714,305,521
IMG_084,1,10,Lewis,0.96,727,271,825,298,521
IMG_084,1,11,was,0.96,180,428,246,448,521
IMG_084,1,12,recorded,0.96,259,420,413,448,521
IMG_084,1,13,in,0.96,425,421,456,448,521
IMG_084,1,14,the,0.96,469,420,522,448,521
IMG_084,1,15,parish,0.96,535,420,642,455,521
IMG_084,1,16,of,0.96,654,420,689,448,521
IMG_084,1,17,Kent,0.96,699,421,778,448,521
IMG_084,1,18,on,0.96,180,578,221,598,521
IMG_084,1,19,the,0.96,234,570,288,598,521
IMG_084,1,20,22nd,0.95,302,570,386,598,521
IMG_084,1,21,day,0.95,397,570,458,605,521
IMG_084,1,22,of,0.96,469,570,505,598,521
IMG_084,1,23,August,0.96,513,571,635,605,521
IMG_084,1,24,1906.,0.96,649,571,740,598,521
IMG_084,1,25,Occupation:,0.96,181,721,385,755,521
IMG_084,1,26,tailor,0.96,400,720,492,748,521
IMG_084,1,27,Entered,0.96,182,870,318,898,521
IMG_084,1,28,in,0.96,330,871,361,898,521
IMG_084,1,29,the,0.96,374,870,428,898,521
IMG_084,1,30,official,0.96,440,870,555,898,521
IMG_084,1,31,register.,0.96,568,871,708,905,521
IMG_084,1,32,Document,0.96,183,2216,317,2236,521
IMG_084,1,33,ID:,0.96,332,2216,367,2236,521
IMG_084,1,34,IMG,0.82,382,2216,437,2236,521
IMG_084,1,35,084,0.9,453,2216,501,2236,521
IMG_085,1,1,CERTIFICATE,0.96,431,163,878,221,549
IMG_085,1,2,OF,0.95,903,159,991,205,549
IMG_085,1,3,RECORD,0.95,1014,149,1297,200,549
IMG_085,1,4,This,0.96,148,295,220,323,549
IMG_085,1,5,is,0.96,233,294,260,320,549
IMG_085,1,6,to,0.96,272,295,304,318,549
IMG_085,1,7,certify,0.96,318,288,427,321,549
IMG_085,1,8,that,0.96,439,286,508,312,549
IMG_085,1,9,Arthur,0.96,519,282,633,310,549
IMG_085,1,10,Wilson,0.96,644,273,760,315,549
IMG_085,1,11,was,0.96,154,452,219,472,549
IMG_085,1,12,recorded,0.96,232,439,387,470,549
IMG_085,1,13,in,0.95,398,438,430,464,549
IMG_085,1,14,the,0.96,442,436,495,462,549
IMG_085,1,15,parish,0.96,508,431,616,467,549
IMG_085,1,16,of,0.96,629,429,662,456,549
IMG_085,1,17,Manchester,0.96,672,425,877,455,549
IMG_085,1,18,on,0.96,161,603,200,622,549
IMG_085,1,19,the,0.96,213,594,266,620,549
IMG_085,1,20,22nd,0.96,281,589,365,618,549
IMG_085,1,21,day,0.96,378,588,437,620,549
IMG_085,1,22,of,0.96,450,585,483,612,549
IMG_085,1,23,August,0.96,492,584,613,616,549
IMG_085,1,24,1927.,0.96,627,578,719,606,549
IMG_085,1,25,Occupation:,0.96,166,741,370,776,549
IMG_085,1,26,baker,0.96,383,737,482,765,549
IMG_085,1,27,Entered,0.96,171,892,308,922,549
IMG_085,1,28,in,0.96,319,891,351,917,549
IMG_085,1,29,the,0.96,363,889,417,915,549
IMG_085,1,30,official,0.96,431,883,545,913,549
IMG_085,1,31,register.,0.94,557,881,697,914,549
IMG_085,1,32,Document,0.96,218,2238,356,2260,549
IMG_085,1,33,ID:,0.92,366,2235,404,2255,549
IMG_085,1,34,IMG_085,0.91,417,2229,538,2258,549
IMG_086,1,1,CERTIFICATE,0.95,466,162,912,206,483
IMG_086,1,2,OF,0.95,938,162,1027,206,483
IMG_086,1,3,RECORD,0.96,1051,162,1333,206,483
IMG_086,1,4,This,0.96,180,271,251,297,483
IMG_086,1,5,is,0.96,265,271,291,297,483
IMG_086,1,6,to,0.96,304,274,336,297,483
IMG_086,1,7,certify,0.96,350,271,459,304,483
IMG_086,1,8,that,0.96,471,271,539,297,483
IMG_086,1,9,Arthur,0.96,551,271,665,297,483
IMG_086,1,10,Wilson,0.95,676,271,791,297,483
IMG_086,1,11,was,0.96,180,429,245,447,483
IMG_086,1,12,recorded,0.95,259,421,413,447,483
IMG_086,1,13,in,0.96,425,421,456,447,483
IMG_086,1,14,the,0.95,469,421,521,447,483
IMG_086,1,15,parish,0.95,535,421,642,454,483
IMG_086,1,16,of,0.95,656,421,689,447,483
IMG_086,1,17,Bristol,0.96,699,421,811,447,483
IMG_086,1,18,on,0.95,182,579,221,597,483
IMG_086,1,19,the,0.96,234,571,287,597,483
IMG_086,1,20,22nd,0.96,302,571,386,597,483
IMG_086,1,21,day,0.96,399,571,458,604,483
IMG_086,1,22,of,0.95,471,571,505,597,483
IMG_086,1,23,August,0.95,513,572,634,604,483
IMG_086,1,24,1899.,0.96,649,572,740,597,483
IMG_086,1,25,Occupation:,0.93,182,721,385,754,483
IMG_086,1,26,stationer,0.92,401,721,553,747,483
IMG_086,1,27,Entered,0.96,182,871,318,897,483
IMG_086,1,28,in,0.96,330,871,361,897,483
IMG_086,1,29,the,0.96,374,871,427,897,483
IMG_086,1,30,official,0.96,442,871,555,897,483
IMG_086,1,31,register.,0.96,568,871,708,904,483
IMG_086,1,32,Document,0.96,182,2216,319,2236,483
IMG_086,1,33,ID:,0.96,331,2216,367,2236,483
IMG_086,1,34,IMG_086,0.8,381,2216,502,2242,483
IMG_087,1,1,Document,0.96,181,2216,320,2236,375
IMG_087,1,2,ID:,0.96,330,2216,367,2236,375
IMG_087,1,3,IMG,0.71,380,2216,502,2242,375
IMG_087,1,4,_,0.71,443,2212,447,2246,375
IMG_087,1,5,087,0.96,451,2216,502,2242,375
IMG_088,1,1,CERTIFICATE,0.95,466,161,913,207,666
IMG_088,1,2,OF,0.95,938,161,1027,207,666
IMG_088,1,3,RECORD,0.95,1050,161,1333,207,666
IMG_088,1,4,was,0.96,180,428,245,448,666
IMG_088,1,5,recorded,0.96,259,420,413,448,666
IMG_088,1,6,in,0.96,425,421,456,448,666
IMG_088,1,7,the,0.96,469,420,522,448,666
IMG_088,1,8,parish,0.96,535,420,642,455,666
IMG_088,1,9,of,0.96,655,421,689,448,666
IMG_088,1,10,Manchester,0.96,699,420,904,448,666
IMG_088,1,11,on,0.95,181,578,221,598,666
IMG_088,1,12,the,0.96,234,570,288,598,666
IMG_088,1,13,22nd,0.96,302,570,386,598,666
IMG_088,1,14,day,0.96,398,570,458,605,666
IMG_088,1,15,of,0.96,470,571,505,598,666
IMG_088,1,16,August,0.96,513,572,635,605,666
IMG_088,1,17,1880.,0.96,649,571,740,598,666
IMG_088,1,18,Occupation:,0.93,181,721,385,755,666
IMG_088,1,19,stationer,0.91,400,721,554,748,666
IMG_088,1,20,Entered,0.96,182,870,318,898,666
IMG_088,1,21,in,0.94,330,871,361,898,666
IMG_088,1,22,the,0.96,374,870,428,898,666
IMG_088,1,23,official,0.96,441,870,555,898,666
IMG_088,1,24,register.,0.96,568,871,708,904,666
IMG_088,1,25,Document,0.96,183,2216,319,2236,666
IMG_088,1,26,ID:,0.96,332,2216,368,2236,666
IMG_088,1,27,IMG,0.72,383,2216,437,2236,666
IMG_088,1,28,088,0.89,446,2216,503,2242,666
IMG_089,1,1,CERTIFICATE,0.95,466,162,912,206,478
IMG_089,1,2,OF,0.95,938,162,1027,206,478
IMG_089,1,3,RECORD,0.95,1051,162,1333,206,478
IMG_089,1,4,This,0.96,180,271,251,297,478
IMG_089,1,5,is,0.96,265,271,291,297,478
IMG_089,1,6,to,0.96,304,274,336,297,478
IMG_089,1,7,certify,0.96,350,271,459,304,478
IMG_089,1,8,that,0.96,471,271,539,297,478
IMG_089,1,9,George,0.96,553,272,674,304,478
IMG_089,1,10,Miller,0.96,689,271,791,297,478
IMG_089,1,11,was,0.96,180,429,245,447,478
IMG_089,1,12,recorded,0.96,259,421,413,447,478
IMG_089,1,13,in,0.96,425,421,456,447,478
IMG_089,1,14,the,0.96,469,421,521,447,478
IMG_089,1,15,parish,0.95,535,421,642,454,478
IMG_089,1,16,of,0.95,656,421,689,447,478
IMG_089,1,17,Kent,0.96,699,422,777,447,478
IMG_089,1,18,on,0.95,182,579,221,597,478
IMG_089,1,19,the,0.96,234,571,287,597,478
IMG_089,1,20,22nd,0.96,302,571,386,597,478
IMG_089,1,21,day,0.96,399,571,458,604,478
IMG_089,1,22,of,0.96,471,571,505,597,478
IMG_089,1,23,August,0.96,513,572,634,604,478
IMG_089,1,24,1903.,0.96,649,572,740,597,478
IMG_089,1,25,Occupation:,0.93,182,721,385,754,478
IMG_089,1,26,stationer,0.92,401,721,553,747,478
IMG_089,1,27,Entered,0.96,182,871,318,897,478
IMG_089,1,28,in,0.96,330,871,361,897,478
IMG_089,1,29,the,0.96,374,871,427,897,478
IMG_089,1,30,official,0.96,442,871,555,897,478
IMG_089,1,31,register.,0.96,568,871,708,904,478
IMG_089,1,32,Document,0.96,182,2216,319,2236,478
IMG_089,1,33,ID:,0.96,331,2216,367,2236,478
IMG_089,1,34,IMG,0.92,387,2212,436,2246,478
IMG_089,1,35,089,0.92,452,2216,502,2242,478
IMG_090,1,1,CERTIFICATE,0.95,466,162,912,206,480
IMG_090,1,2,OF,0.95,938,162,1027,206,480
IMG_090,1,3,RECORD,0.96,1051,162,1333,206,480
IMG_090,1,4,This,0.96,180,271,251,297,480
IMG_090,1,5,is,0.96,265,271,291,297,480
IMG_090,1,6,to,0.96,304,274,336,297,480
IMG_090,1,7,certify,0.96,350,271,459,304,480
IMG_090,1,8,that,0.96,471,271,539,297,480
IMG_090,1,9,Henry,0.96,553,272,658,304,480
IMG_090,1,10,Davis,0.96,671,271,762,297,480
IMG_090,1,11,was,0.96,180,429,245,447,480
IMG_090,1,12,recorded,0.95,259,421,413,447,480
IMG_090,1,13,in,0.96,425,421,456,447,480
IMG_090,1,14,the,0.95,469,421,521,447,480
IMG_090,1,15,parish,0.96,535,421,642,454,480
IMG_090,1,16,of,0.95,656,421,689,447,480
IMG_090,1,17,Durham,0.95,699,421,836,447,480
IMG_090,1,18,on,0.95,182,579,221,597,480
IMG_090,1,19,the,0.96,234,571,287,597,480
IMG_090,1,20,22nd,0.96,302,571,386,597,480
IMG_090,1,21,day,0.96,399,571,458,604,480
IMG_090,1,22,of,0.96,471,571,505,597,480
IMG_090,1,23,August,0.96,513,572,634,604,480
IMG_090,1,24,1911.,0.96,649,572,740,597,480
IMG_090,1,25,Occupation:,0.96,182,721,385,754,480
IMG_090,1,26,tailor,0.96,400,721,491,747,480
IMG_090,1,27,Entered,0.96,182,871,318,897,480
IMG_090,1,28,in,0.95,330,871,361,897,480
IMG_090,1,29,the,0.95,374,871,427,897,480
IMG_090,1,30,official,0.96,442,871,555,897,480
IMG_090,1,31,register.,0.96,568,871,708,904,480
IMG_090,1,32,Document,0.96,182,2216,319,2236,480
IMG_090,1,33,ID:,0.96,331,2216,367,2236,480
IMG_090,1,34,IMG,0.94,387,2212,436,2246,480
IMG_090,1,35,090,0.94,452,2216,502,2242,480
IMG_091,1,1,PUBLIC,0.95,502,162,753,206,701
IMG_091,1,2,NOTICE,0.92,778,162,1037,206,701
IMG_091,1,3,—,0.9,1064,186,1116,193,701
IMG_091,1,4,1882,0.96,1146,162,1295,206,701
IMG_091,1,5,Notice,0.96,181,271,292,297,701
IMG_091,1,6,is,0.96,306,271,332,297,701
IMG_091,1,7,hereby,0.96,345,271,463,304,701
IMG_091,1,8,given,0.95,476,271,567,304,701
IMG_091,1,9,to,0.95,580,274,611,297,701
IMG_091,1,10,residents,0.96,625,271,782,297,701
IMG_091,1,11,of,0.96,796,271,830,297,701
IMG_091,1,12,Norfolk.,0.96,840,271,977,297,701
IMG_091,1,13,A,0.96,180,422,205,447,701
IMG_091,1,14,public,0.96,216,421,320,454,701
IMG_091,1,15,meeting,0.96,333,421,472,454,701
IMG_091,1,16,will,0.95,484,421,545,447,701
IMG_091,1,17,be,0.96,557,421,596,447,701
IMG_091,1,18,held,0.96,610,421,683,447,701
IMG_091,1,19,at,0.96,697,424,728,447,701
IMG_091,1,20,the,0.96,740,421,794,447,701
IMG_091,1,21,parish,0.95,807,421,913,454,701
IMG_091,1,22,hall.,0.96,926,421,997,447,701
IMG_091,1,23,All,0.95,180,571,225,597,701
IMG_091,1,24,persons,0.96,238,579,371,604,701
IMG_091,1,25,concerned,0.96,385,571,563,597,701
IMG_091,1,26,are,0.95,577,579,629,597,701
IMG_091,1,27,requested,0.96,643,571,815,604,701
IMG_091,1,28,to,0.96,827,574,859,597,701
IMG_091,1,29,attend.,0.96,873,571,990,597,701
IMG_091,1,30,Signed:,0.96,183,721,308,754,701
IMG_091,1,31,Eleanor,0.96,324,721,456,747,701
IMG_091,1,32,"Smith,",0.96,470,721,577,751,701
IMG_091,1,33,Parish,0.96,593,721,698,747,701
IMG_091,1,34,Clerk,0.96,712,721,804,747,701
IMG_091,1,35,Document,0.96,181,2216,319,2236,701
IMG_091,1,36,ID:,0.95,331,2216,367,2236,701
IMG_091,1,37,IMG,0.82,389,2212,435,2246,701
IMG_091,1,38,091,0.96,451,2216,500,2242,701
IMG_092,1,1,PUBLIC,0.96,501,161,754,207,485
IMG_092,1,2,NOTICE,0.91,778,161,1039,207,485
IMG_092,1,3,—,0.92,1063,185,1117,194,485
IMG_092,1,4,1911,0.96,1145,161,1295,207,485
IMG_092,1,5,Notice,0.96,182,271,293,298,485
IMG_092,1,6,is,0.96,306,271,333,298,485
IMG_092,1,7,hereby,0.96,345,270,463,305,485
IMG_092,1,8,given,0.96,474,271,567,305,485
IMG_092,1,9,to,0.96,580,273,612,298,485
IMG_092,1,10,residents,0.96,625,270,783,298,485
IMG_092,1,11,of,0.96,794,270,830,298,485
IMG_092,1,12,Manchester.,0.96,840,270,1048,298,485
IMG_092,1,13,A,0.96,180,421,205,448,485
IMG_092,1,14,public,0.95,216,420,321,455,485
IMG_092,1,15,meeting,0.95,333,421,472,455,485
IMG_092,1,16,will,0.96,484,420,545,448,485
IMG_092,1,17,be,0.96,557,420,597,448,485
IMG_092,1,18,held,0.96,610,420,683,448,485
IMG_092,1,19,at,0.96,696,423,729,448,485
IMG_092,1,20,the,0.96,740,420,794,448,485
IMG_092,1,21,parish,0.96,807,420,913,455,485
IMG_092,1,22,hall.,0.95,926,420,997,448,485
IMG_092,1,23,All,0.95,180,570,225,598,485
IMG_092,1,24,persons,0.96,238,578,372,605,485
IMG_092,1,25,concerned,0.96,383,570,563,598,485
IMG_092,1,26,are,0.96,576,578,630,598,485
IMG_092,1,27,requested,0.96,643,570,815,605,485
IMG_092,1,28,to,0.96,827,573,860,598,485
IMG_092,1,29,attend.,0.96,872,570,990,598,485
IMG_092,1,30,Signed:,0.96,182,720,308,755,485
IMG_092,1,31,Clara,0.96,323,720,414,748,485
IMG_092,1,32,"Johnson,",0.96,422,720,572,755,485
IMG_092,1,33,Parish,0.96,588,720,693,748,485
IMG_092,1,34,Clerk,0.96,706,720,799,748,485
IMG_092,1,35,Document,0.96,183,2216,317,2236,485
IMG_092,1,36,ID:,0.95,332,2216,367,2236,485
IMG_092,1,37,IMG,0.89,382,2216,437,2236,485
IMG_092,1,38,092,0.89,453,2216,502,2237,485
IMG_093,1,1,PUBLIC,0.95,466,168,718,220,549
IMG_093,1,2,NOTICE,0.92,742,159,1002,210,549
IMG_093,1,3,—,0.92,1028,179,1081,188,549
IMG_093,1,4,1884,0.96,1110,149,1263,197,549
IMG_093,1,5,Notice,0.95,150,294,261,323,549
IMG_093,1,6,is,0.95,274,292,301,318,549
IMG_093,1,7,hereby,0.96,313,288,431,320,549
IMG_093,1,8,given,0.96,444,285,536,319,549
IMG_093,1,9,to,0.96,548,285,579,309,549
IMG_093,1,10,residents,0.96,593,278,750,307,549
IMG_093,1,11,of,0.96,764,274,798,301,549
IMG_093,1,12,Devon.,0.96,807,274,923,300,549
IMG_093,1,13,A,0.96,154,447,179,473,549
IMG_093,1,14,public,0.96,189,442,294,478,549
IMG_093,1,15,meeting,0.96,306,438,445,470,549
IMG_093,1,16,will,0.95,458,434,519,462,549
IMG_093,1,17,be,0.96,530,433,570,460,549
IMG_093,1,18,held,0.96,583,429,657,458,549
IMG_093,1,19,at,0.96,670,431,702,454,549
IMG_093,1,20,the,0.97,713,426,767,453,549
IMG_093,1,21,parish,0.96,780,421,887,458,549
IMG_093,1,22,hall.,0.95,899,414,970,457,549
IMG_093,1,23,All,0.95,159,595,204,623,549
IMG_093,1,24,persons,0.96,217,598,350,628,549
IMG_093,1,25,concerned,0.96,364,583,542,615,549
IMG_093,1,26,are,0.96,556,589,608,609,549
IMG_093,1,27,requested,0.96,621,574,794,612,549
IMG_093,1,28,to,0.96,805,577,838,600,549
IMG_093,1,29,attend.,0.96,851,565,969,609,549
IMG_093,1,30,Signed:,0.96,167,742,293,778,549
IMG_093,1,31,Arthur,0.96,306,739,420,768,549
IMG_093,1,32,"Wilson,",0.96,431,735,555,763,549
IMG_093,1,33,Parish,0.96,570,729,676,758,549
IMG_093,1,34,Clerk,0.96,690,725,782,754,549
IMG_093,1,35,Document,0.96,218,2238,356,2260,549
IMG_093,1,36,ID:,0.92,366,2235,404,2255,549
IMG_093,1,37,IMG_093,0.92,417,2229,538,2258,549
IMG_094,1,1,PUBLIC,0.96,502,162,753,206,493
IMG_094,1,2,NOTICE,0.92,778,162,1037,206,493
IMG_094,1,3,—,0.9,1064,186,1116,193,493
IMG_094,1,4,1885,0.95,1146,162,1296,206,493
IMG_094,1,5,Notice,0.96,182,271,292,297,493
IMG_094,1,6,is,0.96,306,271,332,297,493
IMG_094,1,7,hereby,0.96,345,271,463,304,493
IMG_094,1,8,given,0.96,476,271,567,304,493
IMG_094,1,9,to,0.96,580,274,611,297,493
IMG_094,1,10,residents,0.96,625,271,782,297,493
IMG_094,1,11,of,0.96,796,271,830,297,493
IMG_094,1,12,Bristol.,0.95,840,271,960,297,493
IMG_094,1,13,A,0.95,180,422,205,447,493
IMG_094,1,14,public,0.95,216,421,320,454,493
IMG_094,1,15,meeting,0.96,333,421,472,454,493
IMG_094,1,16,will,0.96,484,421,545,447,493
IMG_094,1,17,be,0.95,557,421,596,447,493
IMG_094,1,18,held,0.95,610,421,683,447,493
IMG_094,1,19,at,0.96,697,424,728,447,493
IMG_094,1,20,the,0.96,740,421,793,447,493
IMG_094,1,21,parish,0.96,807,421,913,454,493
IMG_094,1,22,hall.,0.96,926,421,997,447,493
IMG_094,1,23,All,0.96,180,571,225,597,493
IMG_094,1,24,persons,0.96,238,579,371,604,493
IMG_094,1,25,concerned,0.96,385,571,563,597,493
IMG_094,1,26,are,0.96,577,579,629,597,493
IMG_094,1,27,requested,0.96,643,571,815,604,493
IMG_094,1,28,to,0.96,827,574,859,597,493
IMG_094,1,29,attend.,0.96,873,571,990,597,493
IMG_094,1,30,Signed:,0.96,183,721,308,754,493
IMG_094,1,31,Clara,0.96,324,721,414,747,493
IMG_094,1,32,"Johnson,",0.96,423,721,572,754,493
IMG_094,1,33,Parish,0.96,588,721,693,747,493
IMG_094,1,34,Clerk,0.96,707,721,799,747,493
IMG_094,1,35,Document,0.96,182,2216,319,2236,493
IMG_094,1,36,ID:,0.96,331,2216,367,2236,493
IMG_094,1,37,IMG,0.07,390,2212,436,2246,493
IMG_094,1,38,094,0.7,452,2216,503,2242,493
IMG_095,1,1,Document,0.96,181,2216,320,2236,394
IMG_095,1,2,ID:,0.96,330,2216,367,2236,394
IMG_095,1,3,IMG,0.35,389,2212,437,2246,394
IMG_095,1,4,_095,0.35,443,2216,502,2242,394
IMG_096,1,1,PUBLIC,0.96,501,161,753,207,825
IMG_096,1,2,NOTICE,0.92,778,161,1038,207,825
IMG_096,1,3,—,0.92,1064,185,1117,194,825
IMG_096,1,4,1889,0.96,1146,161,1297,207,825
IMG_096,1,5,“,0.43,141,260,167,262,825
IMG_096,1,6,Notice,0.96,182,271,293,298,825
IMG_096,1,7,is,0.96,306,271,332,298,825
IMG_096,1,8,hereby,0.96,345,270,463,304,825
IMG_096,1,9,given,0.96,475,271,567,304,825
IMG_096,1,10,to,0.92,576,260,611,298,825
IMG_096,1,11,residents,0.91,625,270,782,298,825
IMG_096,1,12,of,0.97,795,259,830,298,825
IMG_096,1,13,Manchester.,0.96,839,260,1048,298,825
IMG_096,1,14,A,0.91,180,422,205,448,825
IMG_096,1,15,public,0.95,216,420,321,455,825
IMG_096,1,16,meeting,0.96,333,421,472,455,825
IMG_096,1,17,will,0.96,484,420,545,448,825
IMG_096,1,18,be,0.96,557,420,597,448,825
IMG_096,1,19,held,0.96,610,420,683,448,825
IMG_096,1,20,at,0.95,696,423,729,448,825
IMG_096,1,21,the,0.93,740,420,794,448,825
IMG_096,1,22,parish,0.91,807,420,913,455,825
IMG_096,1,23,hall.,0.96,926,420,997,448,825
IMG_096,1,24,All,0.96,180,570,225,598,825
IMG_096,1,25,persons,0.96,238,578,371,605,825
IMG_096,1,26,concerned,0.96,384,570,563,598,825
IMG_096,1,27,are,0.96,576,578,630,598,825
IMG_096,1,28,requested,0.96,643,570,815,605,825
IMG_096,1,29,to,0.96,827,573,859,598,825
IMG_096,1,30,attend.,0.96,872,571,990,598,825
IMG_096,1,31,Signed:,0.96,182,721,308,755,825
IMG_096,1,32,Margaret,0.96,324,721,486,755,825
IMG_096,1,33,"Lewis,",0.96,498,721,604,751,825
IMG_096,1,34,Parish,0.96,619,720,725,748,825
IMG_096,1,35,Clerk,0.96,738,720,831,748,825
IMG_096,1,36,Document,0.96,182,2216,319,2236,825
IMG_096,1,37,ID:,0.96,332,2215,367,2236,825
IMG_096,1,38,IMG,0.95,381,2216,437,2236,825
IMG_096,1,39,096,0.95,454,2216,503,2236,825
IMG_097,1,1,PUBLIC,0.96,502,162,753,206,534
IMG_097,1,2,NOTICE,0.93,778,162,1037,206,534
IMG_097,1,3,—,0.9,1064,186,1116,193,534
IMG_097,1,4,1908,0.96,1146,162,1297,206,534
IMG_097,1,5,Notice,0.96,182,271,292,297,534
IMG_097,1,6,is,0.96,306,271,332,297,534
IMG_097,1,7,hereby,0.96,345,271,463,304,534
IMG_097,1,8,given,0.96,476,271,567,304,534
IMG_097,1,9,to,0.96,580,274,611,297,534
IMG_097,1,10,residents,0.96,625,271,782,297,534
IMG_097,1,11,of,0.95,796,271,830,297,534
IMG_097,1,12,Durham.,0.95,840,271,986,297,534
IMG_097,1,13,A,0.95,180,422,205,447,534
IMG_097,1,14,public,0.95,216,421,320,454,534
IMG_097,1,15,meeting,0.95,333,421,472,454,534
IMG_097,1,16,will,0.96,484,421,545,447,534
IMG_097,1,17,be,0.96,557,421,596,447,534
IMG_097,1,18,held,0.96,610,421,683,447,534
IMG_097,1,19,at,0.96,697,424,728,447,534
IMG_097,1,20,the,0.96,740,421,793,447,534
IMG_097,1,21,parish,0.95,807,421,913,454,534
IMG_097,1,22,hall.,0.95,926,421,997,447,534
IMG_097,1,23,All,0.96,180,571,225,597,534
IMG_097,1,24,persons,0.96,238,579,371,604,534
IMG_097,1,25,concerned,0.96,385,571,563,597,534
IMG_097,1,26,are,0.95,577,579,629,597,534
IMG_097,1,27,requested,0.96,643,571,815,604,534
IMG_097,1,28,to,0.96,827,574,859,597,534
IMG_097,1,29,attend.,0.96,873,571,990,597,534
IMG_097,1,30,Signed:,0.95,183,721,308,754,534
IMG_097,1,31,Margaret,0.95,324,722,485,754,534
IMG_097,1,32,"Lewis,",0.96,498,721,604,751,534
IMG_097,1,33,Parish,0.96,620,721,725,747,534
IMG_097,1,34,Clerk,0.96,739,721,831,747,534
IMG_097,1,35,Document,0.96,182,2216,319,2236,534
IMG_097,1,36,ID:,0.96,331,2216,367,2236,534
IMG_097,1,37,IMG,0.81,387,2212,436,2246,534
IMG_097,1,38,097,0.81,452,2216,502,2242,534
IMG_098,1,1,PUBLIC,0.96,502,162,753,206,497
IMG_098,1,2,NOTICE,0.91,778,162,1037,206,497
IMG_098,1,3,—,0.91,1064,186,1116,193,497
IMG_098,1,4,1883,0.96,1146,162,1297,206,497
IMG_098,1,5,Notice,0.96,182,271,292,297,497
IMG_098,1,6,is,0.96,306,271,332,297,497
IMG_098,1,7,hereby,0.96,345,271,463,304,497
IMG_098,1,8,given,0.96,476,271,567,304,497
IMG_098,1,9,to,0.96,580,274,611,297,497
IMG_098,1,10,residents,0.96,625,271,782,297,497
IMG_098,1,11,of,0.96,796,271,830,297,497
IMG_098,1,12,London.,0.95,840,271,975,297,497
IMG_098,1,13,A,0.95,180,422,205,447,497
IMG_098,1,14,public,0.95,216,421,320,454,497
IMG_098,1,15,meeting,0.95,333,421,472,454,497
IMG_098,1,16,will,0.96,484,421,545,447,497
IMG_098,1,17,be,0.96,557,421,596,447,497
IMG_098,1,18,held,0.96,610,421,683,447,497
IMG_098,1,19,at,0.95,697,424,728,447,497
IMG_098,1,20,the,0.96,740,421,793,447,497
IMG_098,1,21,parish,0.95,807,421,913,454,497
IMG_098,1,22,hall.,0.95,926,421,997,447,497
IMG_098,1,23,All,0.96,180,571,225,597,497
IMG_098,1,24,persons,0.96,238,579,371,604,497
IMG_098,1,25,concerned,0.96,385,571,563,597,497
IMG_098,1,26,are,0.96,577,579,629,597,497
IMG_098,1,27,requested,0.96,643,571,815,604,497
IMG_098,1,28,to,0.96,827,574,859,597,497
IMG_098,1,29,attend.,0.96,873,571,990,597,497
IMG_098,1,30,Signed:,0.96,183,721,308,754,497
IMG_098,1,31,Arthur,0.96,322,721,436,747,497
IMG_098,1,32,"Wilson,",0.96,447,721,571,751,497
IMG_098,1,33,Parish,0.96,587,721,692,747,497
IMG_098,1,34,Clerk,0.95,706,721,798,747,497
IMG_098,1,35,Document,0.96,182,2216,319,2236,497
IMG_098,1,36,ID:,0.96,331,2216,367,2236,497
IMG_098,1,37,IMG,0.16,390,2212,436,2246,497
IMG_098,1,38,098,0.94,452,2216,502,2242,497
IMG_099,1,1,PUBLIC,0.96,502,162,753,206,716
IMG_099,1,2,NOTICE,0.93,778,162,1037,206,716
IMG_099,1,3,—,0.93,1064,186,1116,193,716
IMG_099,1,4,1900,0.96,1146,162,1298,206,716
IMG_099,1,5,Notice,0.95,181,271,293,297,716
IMG_099,1,6,is,0.96,306,271,332,297,716
IMG_099,1,7,hereby,0.96,345,271,463,304,716
IMG_099,1,8,given,0.95,476,271,567,304,716
IMG_099,1,9,to,0.95,580,274,611,297,716
IMG_099,1,10,residents,0.96,625,271,782,297,716
IMG_099,1,11,of,0.96,796,271,830,297,716
IMG_099,1,12,Durham.,0.96,840,271,986,297,716
IMG_099,1,13,A,0.96,180,422,205,447,716
IMG_099,1,14,public,0.95,216,421,320,454,716
IMG_099,1,15,meeting,0.95,333,421,472,454,716
IMG_099,1,16,will,0.95,484,421,545,447,716
IMG_099,1,17,be,0.96,557,421,596,447,716
IMG_099,1,18,held,0.96,610,421,683,447,716
IMG_099,1,19,at,0.96,697,424,728,447,716
IMG_099,1,20,the,0.96,740,421,794,447,716
IMG_099,1,21,parish,0.95,807,421,913,454,716
IMG_099,1,22,hall.,0.96,926,421,997,447,716
IMG_099,1,23,All,0.95,180,571,225,597,716
IMG_099,1,24,persons,0.96,238,579,371,604,716
IMG_099,1,25,concerned,0.95,385,571,563,597,716
IMG_099,1,26,are,0.95,577,579,630,597,716
IMG_099,1,27,requested,0.96,643,571,815,604,716
IMG_099,1,28,to,0.95,827,574,859,597,716
IMG_099,1,29,attend.,0.96,872,571,990,597,716
IMG_099,1,30,Signed:,0.96,183,721,308,754,716
IMG_099,1,31,Henry,0.96,324,722,429,754,716
IMG_099,1,32,"Davis,",0.96,442,721,543,751,716
IMG_099,1,33,Parish,0.96,559,721,664,747,716
IMG_099,1,34,Clerk,0.96,678,721,770,747,716
IMG_099,1,35,Document,0.96,182,2216,320,2236,716
IMG_099,1,36,ID:,0.96,330,2216,367,2236,716
IMG_099,1,37,IMG,0.85,390,2212,436,2246,716
IMG_099,1,38,099,0.85,452,2216,502,2242,716
IMG_100,1,1,PUBLIC,0.96,501,161,754,207,509
IMG_100,1,2,NOTICE,0.93,778,161,1039,207,509
IMG_100,1,3,—,0.91,1063,185,1117,194,509
IMG_100,1,4,1908,0.96,1145,161,1299,207,509
IMG_100,1,5,Notice,0.96,182,271,293,298,509
IMG_100,1,6,is,0.96,306,271,333,298,509
IMG_100,1,7,hereby,0.96,345,270,463,305,509
IMG_100,1,8,given,0.96,474,271,567,305,509
IMG_100,1,9,to,0.96,580,273,612,298,509
IMG_100,1,10,residents,0.96,625,270,783,298,509
IMG_100,1,11,of,0.96,794,270,830,298,509
IMG_100,1,12,Lancashire.,0.95,840,270,1037,298,509
IMG_100,1,13,A,0.96,180,421,205,448,509
IMG_100,1,14,public,0.95,216,420,321,455,509
IMG_100,1,15,meeting,0.95,333,421,472,455,509
IMG_100,1,16,will,0.96,484,420,545,448,509
IMG_100,1,17,be,0.96,557,420,597,448,509
IMG_100,1,18,held,0.96,610,420,683,448,509
IMG_100,1,19,at,0.96,696,423,729,448,509
IMG_100,1,20,the,0.96,740,420,794,448,509
IMG_100,1,21,parish,0.96,807,420,913,455,509
IMG_100,1,22,hall.,0.95,926,420,997,448,509
IMG_100,1,23,All,0.95,180,570,225,598,509
IMG_100,1,24,persons,0.96,238,578,372,605,509
IMG_100,1,25,concerned,0.96,383,570,563,598,509
IMG_100,1,26,are,0.96,576,578,630,598,509
IMG_100,1,27,requested,0.96,643,570,815,605,509
IMG_100,1,28,to,0.96,827,573,860,598,509
IMG_100,1,29,attend.,0.96,872,570,990,598,509
IMG_100,1,30,Signed:,0.96,182,720,308,755,509
IMG_100,1,31,Florence,0.96,324,720,473,748,509
IMG_100,1,32,"Brown,",0.96,487,721,606,751,509
IMG_100,1,33,Parish,0.96,622,720,727,748,509
IMG_100,1,34,Clerk,0.96,739,720,833,748,509
IMG_100,1,35,Document,0.96,183,2216,317,2236,509
IMG_100,1,36,ID:,0.96,332,2216,367,2236,509
IMG_100,1,37,IMG,0.69,382,2216,437,2236,509
IMG_100,1,38,100,0.96,457,2216,503,2236,509
